ISO-10303-21;
HEADER;
FILE_DESCRIPTION(('KiCad electronic assembly'),'2;1');
FILE_NAME('Vanagon OEM 625u.step','2025-04-06T16:46:52',('Pcbnew'),(
    'Kicad'),'Open CASCADE STEP processor 7.8','KiCad to STEP converter'
  ,'Unknown');
FILE_SCHEMA(('AUTOMOTIVE_DESIGN { 1 0 10303 214 1 1 1 1 }'));
ENDSEC;
DATA;
#1 = APPLICATION_PROTOCOL_DEFINITION('international standard',
  'automotive_design',2000,#2);
#2 = APPLICATION_CONTEXT(
  'core data for automotive mechanical design processes');
#3 = SHAPE_DEFINITION_REPRESENTATION(#4,#10);
#4 = PRODUCT_DEFINITION_SHAPE('','',#5);
#5 = PRODUCT_DEFINITION('design','',#6,#9);
#6 = PRODUCT_DEFINITION_FORMATION('','',#7);
#7 = PRODUCT('Vanagon OEM 625u 1','Vanagon OEM 625u 1','',(#8));
#8 = PRODUCT_CONTEXT('',#2,'mechanical');
#9 = PRODUCT_DEFINITION_CONTEXT('part definition',#2,'design');
#10 = SHAPE_REPRESENTATION('',(#11,#15),#19);
#11 = AXIS2_PLACEMENT_3D('',#12,#13,#14);
#12 = CARTESIAN_POINT('',(0.,0.,0.));
#13 = DIRECTION('',(0.,0.,1.));
#14 = DIRECTION('',(1.,0.,-0.));
#15 = AXIS2_PLACEMENT_3D('',#16,#17,#18);
#16 = CARTESIAN_POINT('',(0.,0.,0.));
#17 = DIRECTION('',(0.,0.,1.));
#18 = DIRECTION('',(1.,0.,-0.));
#19 = ( GEOMETRIC_REPRESENTATION_CONTEXT(3) 
GLOBAL_UNCERTAINTY_ASSIGNED_CONTEXT((#23)) GLOBAL_UNIT_ASSIGNED_CONTEXT(
(#20,#21,#22)) REPRESENTATION_CONTEXT('Context #1',
  '3D Context with UNIT and UNCERTAINTY') );
#20 = ( LENGTH_UNIT() NAMED_UNIT(*) SI_UNIT(.MILLI.,.METRE.) );
#21 = ( NAMED_UNIT(*) PLANE_ANGLE_UNIT() SI_UNIT($,.RADIAN.) );
#22 = ( NAMED_UNIT(*) SI_UNIT($,.STERADIAN.) SOLID_ANGLE_UNIT() );
#23 = UNCERTAINTY_MEASURE_WITH_UNIT(LENGTH_MEASURE(1.E-07),#20,
  'distance_accuracy_value','confusion accuracy');
#24 = PRODUCT_RELATED_PRODUCT_CATEGORY('part',$,(#7));
#25 = SHAPE_DEFINITION_REPRESENTATION(#26,#32);
#26 = PRODUCT_DEFINITION_SHAPE('','',#27);
#27 = PRODUCT_DEFINITION('design','',#28,#31);
#28 = PRODUCT_DEFINITION_FORMATION('','',#29);
#29 = PRODUCT('_autosave-Vanagon OEM 625u_PCB',
  '_autosave-Vanagon OEM 625u_PCB','',(#30));
#30 = PRODUCT_CONTEXT('',#2,'mechanical');
#31 = PRODUCT_DEFINITION_CONTEXT('part definition',#2,'design');
#32 = ADVANCED_BREP_SHAPE_REPRESENTATION('',(#11,#33),#16662);
#33 = MANIFOLD_SOLID_BREP('',#34);
#34 = CLOSED_SHELL('',(#35,#77,#108,#139,#172,#203,#234,#265,#298,#329,
    #360,#393,#424,#455,#488,#519,#550,#583,#614,#645,#678,#709,#740,
    #773,#804,#835,#868,#899,#930,#963,#994,#1025,#1058,#1089,#1111,
    #1151,#1182,#1213,#1244,#1275,#1306,#1337,#1359,#1399,#1430,#1461,
    #1492,#1523,#1554,#1585,#1607,#1647,#1678,#1709,#1740,#1771,#1802,
    #1833,#1855,#1895,#1926,#1957,#1988,#2019,#2050,#2081,#2103,#2143,
    #2174,#2205,#2236,#2267,#2298,#2329,#2351,#2391,#2422,#2453,#2484,
    #2515,#2546,#2577,#2599,#2639,#2670,#2701,#2732,#2763,#2794,#2825,
    #2847,#2889,#2920,#2951,#2984,#3015,#3046,#3079,#3110,#3141,#3174,
    #3205,#3227,#3269,#3300,#3331,#3364,#3395,#3426,#3459,#3490,#3521,
    #3554,#3585,#3607,#3647,#3678,#3709,#3731,#3764,#3797,#3830,#3863,
    #3896,#3936,#3967,#3998,#4029,#4060,#4091,#4122,#4144,#4184,#4215,
    #4246,#4277,#4308,#4339,#4370,#4392,#4432,#4463,#4494,#4525,#4556,
    #4587,#4618,#4640,#4680,#4711,#4742,#4773,#4804,#4835,#4866,#4888,
    #4928,#4959,#4990,#5021,#5052,#5083,#5114,#5136,#5176,#5207,#5238,
    #5269,#5300,#5331,#5362,#5384,#5424,#5455,#5486,#5517,#5548,#5579,
    #5610,#5632,#5672,#5703,#5734,#5765,#5796,#5827,#5858,#5880,#5920,
    #5951,#5982,#6013,#6044,#6075,#6106,#6128,#6168,#6199,#6230,#6261,
    #6292,#6323,#6354,#6376,#6416,#6447,#6478,#6509,#6540,#6571,#6602,
    #6624,#6664,#6695,#6726,#6757,#6788,#6819,#6850,#6872,#6905,#6938,
    #6971,#7004,#7037,#7077,#7108,#7139,#7170,#7201,#7232,#7263,#7285,
    #7325,#7356,#7387,#7418,#7449,#7480,#7511,#7533,#7573,#7604,#7635,
    #7666,#7697,#7728,#7759,#7781,#7821,#7852,#7883,#7914,#7945,#7976,
    #8007,#8029,#8069,#8100,#8131,#8162,#8193,#8224,#8255,#8277,#8317,
    #8348,#8379,#8410,#8441,#8472,#8503,#8525,#8565,#8596,#8627,#8658,
    #8689,#8720,#8751,#8773,#8813,#8844,#8875,#8906,#8937,#8968,#8999,
    #9021,#9061,#9092,#9123,#9154,#9185,#9216,#9247,#9269,#9309,#9340,
    #9371,#9402,#9433,#9464,#9495,#9517,#9557,#9588,#9619,#9650,#9681,
    #9712,#9743,#9765,#9805,#9836,#9867,#9898,#9929,#9960,#9991,#10013,
    #10046,#10079,#10112,#10145,#10178,#10211,#10251,#10282,#10313,
    #10344,#10375,#10406,#10437,#10459,#10499,#10530,#10561,#10592,
    #10623,#10654,#10685,#10707,#10747,#10778,#10809,#10840,#10871,
    #10902,#10933,#10955,#10995,#11026,#11057,#11088,#11119,#11150,
    #11181,#11203,#11243,#11274,#11305,#11336,#11367,#11398,#11429,
    #11451,#11491,#11522,#11553,#11584,#11615,#11646,#11677,#11699,
    #11739,#11770,#11801,#11832,#11863,#11894,#11925,#11947,#11987,
    #12018,#12049,#12080,#12111,#12142,#12173,#12195,#12235,#12266,
    #12297,#12328,#12359,#12390,#12421,#12443,#12483,#12514,#12545,
    #12576,#12607,#12638,#12669,#12691,#12731,#12762,#12793,#12824,
    #12855,#12886,#12917,#12939,#12979,#13010,#13041,#13072,#13103,
    #13134,#13165,#13187,#13220,#13253,#13286,#13319,#13352,#13392,
    #13423,#13454,#13485,#13516,#13547,#13578,#13600,#13640,#13671,
    #13702,#13733,#13764,#13795,#13826,#13848,#13888,#13919,#13950,
    #13981,#14012,#14043,#14074,#14096,#14136,#14167,#14198,#14229,
    #14260,#14291,#14322,#14344,#14384,#14415,#14446,#14477,#14508,
    #14539,#14570,#14592,#14632,#14663,#14694,#14725,#14756,#14787,
    #14818,#14840,#14880,#14911,#14942,#14964,#15004,#15035,#15066,
    #15088,#15121,#15154,#15187,#15220,#15260,#15291,#15322,#15344,
    #16003));
#35 = ADVANCED_FACE('',(#36),#72,.T.);
#36 = FACE_BOUND('',#37,.T.);
#37 = EDGE_LOOP('',(#38,#48,#57,#65));
#38 = ORIENTED_EDGE('',*,*,#39,.T.);
#39 = EDGE_CURVE('',#40,#42,#44,.T.);
#40 = VERTEX_POINT('',#41);
#41 = CARTESIAN_POINT('',(88.240538,-46.037918,0.));
#42 = VERTEX_POINT('',#43);
#43 = CARTESIAN_POINT('',(88.240538,-46.037918,1.59));
#44 = LINE('',#45,#46);
#45 = CARTESIAN_POINT('',(88.240538,-46.037918,0.));
#46 = VECTOR('',#47,1.);
#47 = DIRECTION('',(0.,0.,1.));
#48 = ORIENTED_EDGE('',*,*,#49,.T.);
#49 = EDGE_CURVE('',#42,#50,#52,.T.);
#50 = VERTEX_POINT('',#51);
#51 = CARTESIAN_POINT('',(94.238,-46.2125,1.59));
#52 = CIRCLE('',#53,3.001233107211);
#53 = AXIS2_PLACEMENT_3D('',#54,#55,#56);
#54 = CARTESIAN_POINT('',(91.236767194533,-46.21115419035,1.59));
#55 = DIRECTION('',(0.,0.,-1.));
#56 = DIRECTION('',(-0.998332714421,5.772167111394E-02,0.));
#57 = ORIENTED_EDGE('',*,*,#58,.F.);
#58 = EDGE_CURVE('',#59,#50,#61,.T.);
#59 = VERTEX_POINT('',#60);
#60 = CARTESIAN_POINT('',(94.238,-46.2125,0.));
#61 = LINE('',#62,#63);
#62 = CARTESIAN_POINT('',(94.238,-46.2125,0.));
#63 = VECTOR('',#64,1.);
#64 = DIRECTION('',(0.,0.,1.));
#65 = ORIENTED_EDGE('',*,*,#66,.F.);
#66 = EDGE_CURVE('',#40,#59,#67,.T.);
#67 = CIRCLE('',#68,3.001233107211);
#68 = AXIS2_PLACEMENT_3D('',#69,#70,#71);
#69 = CARTESIAN_POINT('',(91.236767194533,-46.21115419035,0.));
#70 = DIRECTION('',(0.,0.,-1.));
#71 = DIRECTION('',(-0.998332714421,5.772167111394E-02,0.));
#72 = CYLINDRICAL_SURFACE('',#73,3.001233107211);
#73 = AXIS2_PLACEMENT_3D('',#74,#75,#76);
#74 = CARTESIAN_POINT('',(91.236767194533,-46.21115419035,0.));
#75 = DIRECTION('',(0.,0.,-1.));
#76 = DIRECTION('',(-0.998332714421,5.772167111394E-02,0.));
#77 = ADVANCED_FACE('',(#78),#103,.T.);
#78 = FACE_BOUND('',#79,.T.);
#79 = EDGE_LOOP('',(#80,#81,#89,#97));
#80 = ORIENTED_EDGE('',*,*,#58,.T.);
#81 = ORIENTED_EDGE('',*,*,#82,.T.);
#82 = EDGE_CURVE('',#50,#83,#85,.T.);
#83 = VERTEX_POINT('',#84);
#84 = CARTESIAN_POINT('',(152.4,-46.2125,1.59));
#85 = LINE('',#86,#87);
#86 = CARTESIAN_POINT('',(94.238,-46.2125,1.59));
#87 = VECTOR('',#88,1.);
#88 = DIRECTION('',(1.,0.,0.));
#89 = ORIENTED_EDGE('',*,*,#90,.F.);
#90 = EDGE_CURVE('',#91,#83,#93,.T.);
#91 = VERTEX_POINT('',#92);
#92 = CARTESIAN_POINT('',(152.4,-46.2125,0.));
#93 = LINE('',#94,#95);
#94 = CARTESIAN_POINT('',(152.4,-46.2125,0.));
#95 = VECTOR('',#96,1.);
#96 = DIRECTION('',(0.,0.,1.));
#97 = ORIENTED_EDGE('',*,*,#98,.F.);
#98 = EDGE_CURVE('',#59,#91,#99,.T.);
#99 = LINE('',#100,#101);
#100 = CARTESIAN_POINT('',(94.238,-46.2125,0.));
#101 = VECTOR('',#102,1.);
#102 = DIRECTION('',(1.,0.,0.));
#103 = PLANE('',#104);
#104 = AXIS2_PLACEMENT_3D('',#105,#106,#107);
#105 = CARTESIAN_POINT('',(94.238,-46.2125,0.));
#106 = DIRECTION('',(0.,1.,0.));
#107 = DIRECTION('',(1.,0.,0.));
#108 = ADVANCED_FACE('',(#109),#134,.T.);
#109 = FACE_BOUND('',#110,.T.);
#110 = EDGE_LOOP('',(#111,#112,#120,#128));
#111 = ORIENTED_EDGE('',*,*,#90,.T.);
#112 = ORIENTED_EDGE('',*,*,#113,.T.);
#113 = EDGE_CURVE('',#83,#114,#116,.T.);
#114 = VERTEX_POINT('',#115);
#115 = CARTESIAN_POINT('',(152.568344,-46.21486,1.59));
#116 = LINE('',#117,#118);
#117 = CARTESIAN_POINT('',(152.4,-46.2125,1.59));
#118 = VECTOR('',#119,1.);
#119 = DIRECTION('',(0.999901749512,-1.40175362879E-02,0.));
#120 = ORIENTED_EDGE('',*,*,#121,.F.);
#121 = EDGE_CURVE('',#122,#114,#124,.T.);
#122 = VERTEX_POINT('',#123);
#123 = CARTESIAN_POINT('',(152.568344,-46.21486,0.));
#124 = LINE('',#125,#126);
#125 = CARTESIAN_POINT('',(152.568344,-46.21486,0.));
#126 = VECTOR('',#127,1.);
#127 = DIRECTION('',(0.,0.,1.));
#128 = ORIENTED_EDGE('',*,*,#129,.F.);
#129 = EDGE_CURVE('',#91,#122,#130,.T.);
#130 = LINE('',#131,#132);
#131 = CARTESIAN_POINT('',(152.4,-46.2125,0.));
#132 = VECTOR('',#133,1.);
#133 = DIRECTION('',(0.999901749512,-1.40175362879E-02,0.));
#134 = PLANE('',#135);
#135 = AXIS2_PLACEMENT_3D('',#136,#137,#138);
#136 = CARTESIAN_POINT('',(152.4,-46.2125,0.));
#137 = DIRECTION('',(1.40175362879E-02,0.999901749512,-0.));
#138 = DIRECTION('',(0.999901749512,-1.40175362879E-02,0.));
#139 = ADVANCED_FACE('',(#140),#167,.T.);
#140 = FACE_BOUND('',#141,.T.);
#141 = EDGE_LOOP('',(#142,#143,#152,#160));
#142 = ORIENTED_EDGE('',*,*,#121,.T.);
#143 = ORIENTED_EDGE('',*,*,#144,.T.);
#144 = EDGE_CURVE('',#114,#145,#147,.T.);
#145 = VERTEX_POINT('',#146);
#146 = CARTESIAN_POINT('',(155.4,-49.2125,1.59));
#147 = CIRCLE('',#148,2.998046463735);
#148 = AXIS2_PLACEMENT_3D('',#149,#150,#151);
#149 = CARTESIAN_POINT('',(152.40195649816,-49.20828576289,1.59));
#150 = DIRECTION('',(0.,0.,-1.));
#151 = DIRECTION('',(5.549864014847E-02,0.998458762765,0.));
#152 = ORIENTED_EDGE('',*,*,#153,.F.);
#153 = EDGE_CURVE('',#154,#145,#156,.T.);
#154 = VERTEX_POINT('',#155);
#155 = CARTESIAN_POINT('',(155.4,-49.2125,0.));
#156 = LINE('',#157,#158);
#157 = CARTESIAN_POINT('',(155.4,-49.2125,0.));
#158 = VECTOR('',#159,1.);
#159 = DIRECTION('',(0.,0.,1.));
#160 = ORIENTED_EDGE('',*,*,#161,.F.);
#161 = EDGE_CURVE('',#122,#154,#162,.T.);
#162 = CIRCLE('',#163,2.998046463735);
#163 = AXIS2_PLACEMENT_3D('',#164,#165,#166);
#164 = CARTESIAN_POINT('',(152.40195649816,-49.20828576289,0.));
#165 = DIRECTION('',(0.,0.,-1.));
#166 = DIRECTION('',(5.549864014847E-02,0.998458762765,0.));
#167 = CYLINDRICAL_SURFACE('',#168,2.998046463735);
#168 = AXIS2_PLACEMENT_3D('',#169,#170,#171);
#169 = CARTESIAN_POINT('',(152.40195649816,-49.20828576289,0.));
#170 = DIRECTION('',(0.,0.,-1.));
#171 = DIRECTION('',(5.549864014847E-02,0.998458762765,0.));
#172 = ADVANCED_FACE('',(#173),#198,.T.);
#173 = FACE_BOUND('',#174,.T.);
#174 = EDGE_LOOP('',(#175,#176,#184,#192));
#175 = ORIENTED_EDGE('',*,*,#153,.T.);
#176 = ORIENTED_EDGE('',*,*,#177,.T.);
#177 = EDGE_CURVE('',#145,#178,#180,.T.);
#178 = VERTEX_POINT('',#179);
#179 = CARTESIAN_POINT('',(155.4,-65.2625,1.59));
#180 = LINE('',#181,#182);
#181 = CARTESIAN_POINT('',(155.4,-49.2125,1.59));
#182 = VECTOR('',#183,1.);
#183 = DIRECTION('',(0.,-1.,0.));
#184 = ORIENTED_EDGE('',*,*,#185,.F.);
#185 = EDGE_CURVE('',#186,#178,#188,.T.);
#186 = VERTEX_POINT('',#187);
#187 = CARTESIAN_POINT('',(155.4,-65.2625,0.));
#188 = LINE('',#189,#190);
#189 = CARTESIAN_POINT('',(155.4,-65.2625,0.));
#190 = VECTOR('',#191,1.);
#191 = DIRECTION('',(0.,0.,1.));
#192 = ORIENTED_EDGE('',*,*,#193,.F.);
#193 = EDGE_CURVE('',#154,#186,#194,.T.);
#194 = LINE('',#195,#196);
#195 = CARTESIAN_POINT('',(155.4,-49.2125,0.));
#196 = VECTOR('',#197,1.);
#197 = DIRECTION('',(0.,-1.,0.));
#198 = PLANE('',#199);
#199 = AXIS2_PLACEMENT_3D('',#200,#201,#202);
#200 = CARTESIAN_POINT('',(155.4,-49.2125,0.));
#201 = DIRECTION('',(1.,0.,-0.));
#202 = DIRECTION('',(0.,-1.,0.));
#203 = ADVANCED_FACE('',(#204),#229,.T.);
#204 = FACE_BOUND('',#205,.T.);
#205 = EDGE_LOOP('',(#206,#207,#215,#223));
#206 = ORIENTED_EDGE('',*,*,#185,.T.);
#207 = ORIENTED_EDGE('',*,*,#208,.T.);
#208 = EDGE_CURVE('',#178,#209,#211,.T.);
#209 = VERTEX_POINT('',#210);
#210 = CARTESIAN_POINT('',(205.9625,-65.2625,1.59));
#211 = LINE('',#212,#213);
#212 = CARTESIAN_POINT('',(155.4,-65.2625,1.59));
#213 = VECTOR('',#214,1.);
#214 = DIRECTION('',(1.,0.,0.));
#215 = ORIENTED_EDGE('',*,*,#216,.F.);
#216 = EDGE_CURVE('',#217,#209,#219,.T.);
#217 = VERTEX_POINT('',#218);
#218 = CARTESIAN_POINT('',(205.9625,-65.2625,0.));
#219 = LINE('',#220,#221);
#220 = CARTESIAN_POINT('',(205.9625,-65.2625,0.));
#221 = VECTOR('',#222,1.);
#222 = DIRECTION('',(0.,0.,1.));
#223 = ORIENTED_EDGE('',*,*,#224,.F.);
#224 = EDGE_CURVE('',#186,#217,#225,.T.);
#225 = LINE('',#226,#227);
#226 = CARTESIAN_POINT('',(155.4,-65.2625,0.));
#227 = VECTOR('',#228,1.);
#228 = DIRECTION('',(1.,0.,0.));
#229 = PLANE('',#230);
#230 = AXIS2_PLACEMENT_3D('',#231,#232,#233);
#231 = CARTESIAN_POINT('',(155.4,-65.2625,0.));
#232 = DIRECTION('',(0.,1.,0.));
#233 = DIRECTION('',(1.,0.,0.));
#234 = ADVANCED_FACE('',(#235),#260,.T.);
#235 = FACE_BOUND('',#236,.T.);
#236 = EDGE_LOOP('',(#237,#238,#246,#254));
#237 = ORIENTED_EDGE('',*,*,#216,.T.);
#238 = ORIENTED_EDGE('',*,*,#239,.T.);
#239 = EDGE_CURVE('',#209,#240,#242,.T.);
#240 = VERTEX_POINT('',#241);
#241 = CARTESIAN_POINT('',(205.965038,-65.087918,1.59));
#242 = LINE('',#243,#244);
#243 = CARTESIAN_POINT('',(205.9625,-65.2625,1.59));
#244 = VECTOR('',#245,1.);
#245 = DIRECTION('',(1.45360452419E-02,0.999894346113,0.));
#246 = ORIENTED_EDGE('',*,*,#247,.F.);
#247 = EDGE_CURVE('',#248,#240,#250,.T.);
#248 = VERTEX_POINT('',#249);
#249 = CARTESIAN_POINT('',(205.965038,-65.087918,0.));
#250 = LINE('',#251,#252);
#251 = CARTESIAN_POINT('',(205.965038,-65.087918,0.));
#252 = VECTOR('',#253,1.);
#253 = DIRECTION('',(0.,0.,1.));
#254 = ORIENTED_EDGE('',*,*,#255,.F.);
#255 = EDGE_CURVE('',#217,#248,#256,.T.);
#256 = LINE('',#257,#258);
#257 = CARTESIAN_POINT('',(205.9625,-65.2625,0.));
#258 = VECTOR('',#259,1.);
#259 = DIRECTION('',(1.45360452419E-02,0.999894346113,0.));
#260 = PLANE('',#261);
#261 = AXIS2_PLACEMENT_3D('',#262,#263,#264);
#262 = CARTESIAN_POINT('',(205.9625,-65.2625,0.));
#263 = DIRECTION('',(-0.999894346113,1.45360452419E-02,0.));
#264 = DIRECTION('',(1.45360452419E-02,0.999894346113,0.));
#265 = ADVANCED_FACE('',(#266),#293,.T.);
#266 = FACE_BOUND('',#267,.T.);
#267 = EDGE_LOOP('',(#268,#269,#278,#286));
#268 = ORIENTED_EDGE('',*,*,#247,.T.);
#269 = ORIENTED_EDGE('',*,*,#270,.T.);
#270 = EDGE_CURVE('',#240,#271,#273,.T.);
#271 = VERTEX_POINT('',#272);
#272 = CARTESIAN_POINT('',(211.9625,-65.2625,1.59));
#273 = CIRCLE('',#274,3.001233107211);
#274 = AXIS2_PLACEMENT_3D('',#275,#276,#277);
#275 = CARTESIAN_POINT('',(208.96126719453,-65.26115419035,1.59));
#276 = DIRECTION('',(0.,0.,-1.));
#277 = DIRECTION('',(-0.998332714421,5.772167111395E-02,0.));
#278 = ORIENTED_EDGE('',*,*,#279,.F.);
#279 = EDGE_CURVE('',#280,#271,#282,.T.);
#280 = VERTEX_POINT('',#281);
#281 = CARTESIAN_POINT('',(211.9625,-65.2625,0.));
#282 = LINE('',#283,#284);
#283 = CARTESIAN_POINT('',(211.9625,-65.2625,0.));
#284 = VECTOR('',#285,1.);
#285 = DIRECTION('',(0.,0.,1.));
#286 = ORIENTED_EDGE('',*,*,#287,.F.);
#287 = EDGE_CURVE('',#248,#280,#288,.T.);
#288 = CIRCLE('',#289,3.001233107211);
#289 = AXIS2_PLACEMENT_3D('',#290,#291,#292);
#290 = CARTESIAN_POINT('',(208.96126719453,-65.26115419035,0.));
#291 = DIRECTION('',(0.,0.,-1.));
#292 = DIRECTION('',(-0.998332714421,5.772167111395E-02,0.));
#293 = CYLINDRICAL_SURFACE('',#294,3.001233107211);
#294 = AXIS2_PLACEMENT_3D('',#295,#296,#297);
#295 = CARTESIAN_POINT('',(208.96126719453,-65.26115419035,0.));
#296 = DIRECTION('',(0.,0.,-1.));
#297 = DIRECTION('',(-0.998332714421,5.772167111395E-02,0.));
#298 = ADVANCED_FACE('',(#299),#324,.T.);
#299 = FACE_BOUND('',#300,.T.);
#300 = EDGE_LOOP('',(#301,#302,#310,#318));
#301 = ORIENTED_EDGE('',*,*,#279,.T.);
#302 = ORIENTED_EDGE('',*,*,#303,.T.);
#303 = EDGE_CURVE('',#271,#304,#306,.T.);
#304 = VERTEX_POINT('',#305);
#305 = CARTESIAN_POINT('',(271.4625,-65.2625,1.59));
#306 = LINE('',#307,#308);
#307 = CARTESIAN_POINT('',(211.9625,-65.2625,1.59));
#308 = VECTOR('',#309,1.);
#309 = DIRECTION('',(1.,0.,0.));
#310 = ORIENTED_EDGE('',*,*,#311,.F.);
#311 = EDGE_CURVE('',#312,#304,#314,.T.);
#312 = VERTEX_POINT('',#313);
#313 = CARTESIAN_POINT('',(271.4625,-65.2625,0.));
#314 = LINE('',#315,#316);
#315 = CARTESIAN_POINT('',(271.4625,-65.2625,0.));
#316 = VECTOR('',#317,1.);
#317 = DIRECTION('',(0.,0.,1.));
#318 = ORIENTED_EDGE('',*,*,#319,.F.);
#319 = EDGE_CURVE('',#280,#312,#320,.T.);
#320 = LINE('',#321,#322);
#321 = CARTESIAN_POINT('',(211.9625,-65.2625,0.));
#322 = VECTOR('',#323,1.);
#323 = DIRECTION('',(1.,0.,0.));
#324 = PLANE('',#325);
#325 = AXIS2_PLACEMENT_3D('',#326,#327,#328);
#326 = CARTESIAN_POINT('',(211.9625,-65.2625,0.));
#327 = DIRECTION('',(0.,1.,0.));
#328 = DIRECTION('',(1.,0.,0.));
#329 = ADVANCED_FACE('',(#330),#355,.T.);
#330 = FACE_BOUND('',#331,.T.);
#331 = EDGE_LOOP('',(#332,#333,#341,#349));
#332 = ORIENTED_EDGE('',*,*,#311,.T.);
#333 = ORIENTED_EDGE('',*,*,#334,.T.);
#334 = EDGE_CURVE('',#304,#335,#337,.T.);
#335 = VERTEX_POINT('',#336);
#336 = CARTESIAN_POINT('',(271.630844,-65.26486,1.59));
#337 = LINE('',#338,#339);
#338 = CARTESIAN_POINT('',(271.4625,-65.2625,1.59));
#339 = VECTOR('',#340,1.);
#340 = DIRECTION('',(0.999901749512,-1.401753628786E-02,0.));
#341 = ORIENTED_EDGE('',*,*,#342,.F.);
#342 = EDGE_CURVE('',#343,#335,#345,.T.);
#343 = VERTEX_POINT('',#344);
#344 = CARTESIAN_POINT('',(271.630844,-65.26486,0.));
#345 = LINE('',#346,#347);
#346 = CARTESIAN_POINT('',(271.630844,-65.26486,0.));
#347 = VECTOR('',#348,1.);
#348 = DIRECTION('',(0.,0.,1.));
#349 = ORIENTED_EDGE('',*,*,#350,.F.);
#350 = EDGE_CURVE('',#312,#343,#351,.T.);
#351 = LINE('',#352,#353);
#352 = CARTESIAN_POINT('',(271.4625,-65.2625,0.));
#353 = VECTOR('',#354,1.);
#354 = DIRECTION('',(0.999901749512,-1.401753628786E-02,0.));
#355 = PLANE('',#356);
#356 = AXIS2_PLACEMENT_3D('',#357,#358,#359);
#357 = CARTESIAN_POINT('',(271.4625,-65.2625,0.));
#358 = DIRECTION('',(1.401753628786E-02,0.999901749512,-0.));
#359 = DIRECTION('',(0.999901749512,-1.401753628786E-02,0.));
#360 = ADVANCED_FACE('',(#361),#388,.T.);
#361 = FACE_BOUND('',#362,.T.);
#362 = EDGE_LOOP('',(#363,#364,#373,#381));
#363 = ORIENTED_EDGE('',*,*,#342,.T.);
#364 = ORIENTED_EDGE('',*,*,#365,.T.);
#365 = EDGE_CURVE('',#335,#366,#368,.T.);
#366 = VERTEX_POINT('',#367);
#367 = CARTESIAN_POINT('',(274.4625,-68.2625,1.59));
#368 = CIRCLE('',#369,2.998046463735);
#369 = AXIS2_PLACEMENT_3D('',#370,#371,#372);
#370 = CARTESIAN_POINT('',(271.46445649816,-68.25828576289,1.59));
#371 = DIRECTION('',(0.,0.,-1.));
#372 = DIRECTION('',(5.549864014848E-02,0.998458762765,0.));
#373 = ORIENTED_EDGE('',*,*,#374,.F.);
#374 = EDGE_CURVE('',#375,#366,#377,.T.);
#375 = VERTEX_POINT('',#376);
#376 = CARTESIAN_POINT('',(274.4625,-68.2625,0.));
#377 = LINE('',#378,#379);
#378 = CARTESIAN_POINT('',(274.4625,-68.2625,0.));
#379 = VECTOR('',#380,1.);
#380 = DIRECTION('',(0.,0.,1.));
#381 = ORIENTED_EDGE('',*,*,#382,.F.);
#382 = EDGE_CURVE('',#343,#375,#383,.T.);
#383 = CIRCLE('',#384,2.998046463735);
#384 = AXIS2_PLACEMENT_3D('',#385,#386,#387);
#385 = CARTESIAN_POINT('',(271.46445649816,-68.25828576289,0.));
#386 = DIRECTION('',(0.,0.,-1.));
#387 = DIRECTION('',(5.549864014848E-02,0.998458762765,0.));
#388 = CYLINDRICAL_SURFACE('',#389,2.998046463735);
#389 = AXIS2_PLACEMENT_3D('',#390,#391,#392);
#390 = CARTESIAN_POINT('',(271.46445649816,-68.25828576289,0.));
#391 = DIRECTION('',(0.,0.,-1.));
#392 = DIRECTION('',(5.549864014848E-02,0.998458762765,0.));
#393 = ADVANCED_FACE('',(#394),#419,.T.);
#394 = FACE_BOUND('',#395,.T.);
#395 = EDGE_LOOP('',(#396,#397,#405,#413));
#396 = ORIENTED_EDGE('',*,*,#374,.T.);
#397 = ORIENTED_EDGE('',*,*,#398,.T.);
#398 = EDGE_CURVE('',#366,#399,#401,.T.);
#399 = VERTEX_POINT('',#400);
#400 = CARTESIAN_POINT('',(274.4625,-103.3625,1.59));
#401 = LINE('',#402,#403);
#402 = CARTESIAN_POINT('',(274.4625,-68.2625,1.59));
#403 = VECTOR('',#404,1.);
#404 = DIRECTION('',(0.,-1.,0.));
#405 = ORIENTED_EDGE('',*,*,#406,.F.);
#406 = EDGE_CURVE('',#407,#399,#409,.T.);
#407 = VERTEX_POINT('',#408);
#408 = CARTESIAN_POINT('',(274.4625,-103.3625,0.));
#409 = LINE('',#410,#411);
#410 = CARTESIAN_POINT('',(274.4625,-103.3625,0.));
#411 = VECTOR('',#412,1.);
#412 = DIRECTION('',(0.,0.,1.));
#413 = ORIENTED_EDGE('',*,*,#414,.F.);
#414 = EDGE_CURVE('',#375,#407,#415,.T.);
#415 = LINE('',#416,#417);
#416 = CARTESIAN_POINT('',(274.4625,-68.2625,0.));
#417 = VECTOR('',#418,1.);
#418 = DIRECTION('',(0.,-1.,0.));
#419 = PLANE('',#420);
#420 = AXIS2_PLACEMENT_3D('',#421,#422,#423);
#421 = CARTESIAN_POINT('',(274.4625,-68.2625,0.));
#422 = DIRECTION('',(1.,0.,-0.));
#423 = DIRECTION('',(0.,-1.,0.));
#424 = ADVANCED_FACE('',(#425),#450,.T.);
#425 = FACE_BOUND('',#426,.T.);
#426 = EDGE_LOOP('',(#427,#428,#436,#444));
#427 = ORIENTED_EDGE('',*,*,#406,.T.);
#428 = ORIENTED_EDGE('',*,*,#429,.T.);
#429 = EDGE_CURVE('',#399,#430,#432,.T.);
#430 = VERTEX_POINT('',#431);
#431 = CARTESIAN_POINT('',(274.637082,-103.365038,1.59));
#432 = LINE('',#433,#434);
#433 = CARTESIAN_POINT('',(274.4625,-103.3625,1.59));
#434 = VECTOR('',#435,1.);
#435 = DIRECTION('',(0.999894346113,-1.453604524198E-02,0.));
#436 = ORIENTED_EDGE('',*,*,#437,.F.);
#437 = EDGE_CURVE('',#438,#430,#440,.T.);
#438 = VERTEX_POINT('',#439);
#439 = CARTESIAN_POINT('',(274.637082,-103.365038,0.));
#440 = LINE('',#441,#442);
#441 = CARTESIAN_POINT('',(274.637082,-103.365038,0.));
#442 = VECTOR('',#443,1.);
#443 = DIRECTION('',(0.,0.,1.));
#444 = ORIENTED_EDGE('',*,*,#445,.F.);
#445 = EDGE_CURVE('',#407,#438,#446,.T.);
#446 = LINE('',#447,#448);
#447 = CARTESIAN_POINT('',(274.4625,-103.3625,0.));
#448 = VECTOR('',#449,1.);
#449 = DIRECTION('',(0.999894346113,-1.453604524198E-02,0.));
#450 = PLANE('',#451);
#451 = AXIS2_PLACEMENT_3D('',#452,#453,#454);
#452 = CARTESIAN_POINT('',(274.4625,-103.3625,0.));
#453 = DIRECTION('',(1.453604524198E-02,0.999894346113,-0.));
#454 = DIRECTION('',(0.999894346113,-1.453604524198E-02,0.));
#455 = ADVANCED_FACE('',(#456),#483,.T.);
#456 = FACE_BOUND('',#457,.T.);
#457 = EDGE_LOOP('',(#458,#459,#468,#476));
#458 = ORIENTED_EDGE('',*,*,#437,.T.);
#459 = ORIENTED_EDGE('',*,*,#460,.T.);
#460 = EDGE_CURVE('',#430,#461,#463,.T.);
#461 = VERTEX_POINT('',#462);
#462 = CARTESIAN_POINT('',(274.4625,-109.3625,1.59));
#463 = CIRCLE('',#464,3.001233107211);
#464 = AXIS2_PLACEMENT_3D('',#465,#466,#467);
#465 = CARTESIAN_POINT('',(274.46384580964,-106.3612671945,1.59));
#466 = DIRECTION('',(0.,0.,-1.));
#467 = DIRECTION('',(5.772167111396E-02,0.998332714421,0.));
#468 = ORIENTED_EDGE('',*,*,#469,.F.);
#469 = EDGE_CURVE('',#470,#461,#472,.T.);
#470 = VERTEX_POINT('',#471);
#471 = CARTESIAN_POINT('',(274.4625,-109.3625,0.));
#472 = LINE('',#473,#474);
#473 = CARTESIAN_POINT('',(274.4625,-109.3625,0.));
#474 = VECTOR('',#475,1.);
#475 = DIRECTION('',(0.,0.,1.));
#476 = ORIENTED_EDGE('',*,*,#477,.F.);
#477 = EDGE_CURVE('',#438,#470,#478,.T.);
#478 = CIRCLE('',#479,3.001233107211);
#479 = AXIS2_PLACEMENT_3D('',#480,#481,#482);
#480 = CARTESIAN_POINT('',(274.46384580964,-106.3612671945,0.));
#481 = DIRECTION('',(0.,0.,-1.));
#482 = DIRECTION('',(5.772167111396E-02,0.998332714421,0.));
#483 = CYLINDRICAL_SURFACE('',#484,3.001233107211);
#484 = AXIS2_PLACEMENT_3D('',#485,#486,#487);
#485 = CARTESIAN_POINT('',(274.46384580964,-106.3612671945,0.));
#486 = DIRECTION('',(0.,0.,-1.));
#487 = DIRECTION('',(5.772167111396E-02,0.998332714421,0.));
#488 = ADVANCED_FACE('',(#489),#514,.T.);
#489 = FACE_BOUND('',#490,.T.);
#490 = EDGE_LOOP('',(#491,#492,#500,#508));
#491 = ORIENTED_EDGE('',*,*,#469,.T.);
#492 = ORIENTED_EDGE('',*,*,#493,.T.);
#493 = EDGE_CURVE('',#461,#494,#496,.T.);
#494 = VERTEX_POINT('',#495);
#495 = CARTESIAN_POINT('',(274.4625,-144.4625,1.59));
#496 = LINE('',#497,#498);
#497 = CARTESIAN_POINT('',(274.4625,-109.3625,1.59));
#498 = VECTOR('',#499,1.);
#499 = DIRECTION('',(0.,-1.,0.));
#500 = ORIENTED_EDGE('',*,*,#501,.F.);
#501 = EDGE_CURVE('',#502,#494,#504,.T.);
#502 = VERTEX_POINT('',#503);
#503 = CARTESIAN_POINT('',(274.4625,-144.4625,0.));
#504 = LINE('',#505,#506);
#505 = CARTESIAN_POINT('',(274.4625,-144.4625,0.));
#506 = VECTOR('',#507,1.);
#507 = DIRECTION('',(0.,0.,1.));
#508 = ORIENTED_EDGE('',*,*,#509,.F.);
#509 = EDGE_CURVE('',#470,#502,#510,.T.);
#510 = LINE('',#511,#512);
#511 = CARTESIAN_POINT('',(274.4625,-109.3625,0.));
#512 = VECTOR('',#513,1.);
#513 = DIRECTION('',(0.,-1.,0.));
#514 = PLANE('',#515);
#515 = AXIS2_PLACEMENT_3D('',#516,#517,#518);
#516 = CARTESIAN_POINT('',(274.4625,-109.3625,0.));
#517 = DIRECTION('',(1.,0.,-0.));
#518 = DIRECTION('',(0.,-1.,0.));
#519 = ADVANCED_FACE('',(#520),#545,.T.);
#520 = FACE_BOUND('',#521,.T.);
#521 = EDGE_LOOP('',(#522,#523,#531,#539));
#522 = ORIENTED_EDGE('',*,*,#501,.T.);
#523 = ORIENTED_EDGE('',*,*,#524,.T.);
#524 = EDGE_CURVE('',#494,#525,#527,.T.);
#525 = VERTEX_POINT('',#526);
#526 = CARTESIAN_POINT('',(274.46014,-144.630844,1.59));
#527 = LINE('',#528,#529);
#528 = CARTESIAN_POINT('',(274.4625,-144.4625,1.59));
#529 = VECTOR('',#530,1.);
#530 = DIRECTION('',(-1.401753628761E-02,-0.999901749512,0.));
#531 = ORIENTED_EDGE('',*,*,#532,.F.);
#532 = EDGE_CURVE('',#533,#525,#535,.T.);
#533 = VERTEX_POINT('',#534);
#534 = CARTESIAN_POINT('',(274.46014,-144.630844,0.));
#535 = LINE('',#536,#537);
#536 = CARTESIAN_POINT('',(274.46014,-144.630844,0.));
#537 = VECTOR('',#538,1.);
#538 = DIRECTION('',(0.,0.,1.));
#539 = ORIENTED_EDGE('',*,*,#540,.F.);
#540 = EDGE_CURVE('',#502,#533,#541,.T.);
#541 = LINE('',#542,#543);
#542 = CARTESIAN_POINT('',(274.4625,-144.4625,0.));
#543 = VECTOR('',#544,1.);
#544 = DIRECTION('',(-1.401753628761E-02,-0.999901749512,0.));
#545 = PLANE('',#546);
#546 = AXIS2_PLACEMENT_3D('',#547,#548,#549);
#547 = CARTESIAN_POINT('',(274.4625,-144.4625,0.));
#548 = DIRECTION('',(0.999901749512,-1.401753628761E-02,0.));
#549 = DIRECTION('',(-1.401753628761E-02,-0.999901749512,0.));
#550 = ADVANCED_FACE('',(#551),#578,.T.);
#551 = FACE_BOUND('',#552,.T.);
#552 = EDGE_LOOP('',(#553,#554,#563,#571));
#553 = ORIENTED_EDGE('',*,*,#532,.T.);
#554 = ORIENTED_EDGE('',*,*,#555,.T.);
#555 = EDGE_CURVE('',#525,#556,#558,.T.);
#556 = VERTEX_POINT('',#557);
#557 = CARTESIAN_POINT('',(271.4625,-147.4625,1.59));
#558 = CIRCLE('',#559,2.998046463735);
#559 = AXIS2_PLACEMENT_3D('',#560,#561,#562);
#560 = CARTESIAN_POINT('',(271.4667142371,-144.4644564981,1.59));
#561 = DIRECTION('',(0.,0.,-1.));
#562 = DIRECTION('',(0.998458762765,-5.54986401485E-02,0.));
#563 = ORIENTED_EDGE('',*,*,#564,.F.);
#564 = EDGE_CURVE('',#565,#556,#567,.T.);
#565 = VERTEX_POINT('',#566);
#566 = CARTESIAN_POINT('',(271.4625,-147.4625,0.));
#567 = LINE('',#568,#569);
#568 = CARTESIAN_POINT('',(271.4625,-147.4625,0.));
#569 = VECTOR('',#570,1.);
#570 = DIRECTION('',(0.,0.,1.));
#571 = ORIENTED_EDGE('',*,*,#572,.F.);
#572 = EDGE_CURVE('',#533,#565,#573,.T.);
#573 = CIRCLE('',#574,2.998046463735);
#574 = AXIS2_PLACEMENT_3D('',#575,#576,#577);
#575 = CARTESIAN_POINT('',(271.4667142371,-144.4644564981,0.));
#576 = DIRECTION('',(0.,0.,-1.));
#577 = DIRECTION('',(0.998458762765,-5.54986401485E-02,0.));
#578 = CYLINDRICAL_SURFACE('',#579,2.998046463735);
#579 = AXIS2_PLACEMENT_3D('',#580,#581,#582);
#580 = CARTESIAN_POINT('',(271.4667142371,-144.4644564981,0.));
#581 = DIRECTION('',(0.,0.,-1.));
#582 = DIRECTION('',(0.998458762765,-5.54986401485E-02,0.));
#583 = ADVANCED_FACE('',(#584),#609,.T.);
#584 = FACE_BOUND('',#585,.T.);
#585 = EDGE_LOOP('',(#586,#587,#595,#603));
#586 = ORIENTED_EDGE('',*,*,#564,.T.);
#587 = ORIENTED_EDGE('',*,*,#588,.T.);
#588 = EDGE_CURVE('',#556,#589,#591,.T.);
#589 = VERTEX_POINT('',#590);
#590 = CARTESIAN_POINT('',(211.9625,-147.4625,1.59));
#591 = LINE('',#592,#593);
#592 = CARTESIAN_POINT('',(271.4625,-147.4625,1.59));
#593 = VECTOR('',#594,1.);
#594 = DIRECTION('',(-1.,0.,0.));
#595 = ORIENTED_EDGE('',*,*,#596,.F.);
#596 = EDGE_CURVE('',#597,#589,#599,.T.);
#597 = VERTEX_POINT('',#598);
#598 = CARTESIAN_POINT('',(211.9625,-147.4625,0.));
#599 = LINE('',#600,#601);
#600 = CARTESIAN_POINT('',(211.9625,-147.4625,0.));
#601 = VECTOR('',#602,1.);
#602 = DIRECTION('',(0.,0.,1.));
#603 = ORIENTED_EDGE('',*,*,#604,.F.);
#604 = EDGE_CURVE('',#565,#597,#605,.T.);
#605 = LINE('',#606,#607);
#606 = CARTESIAN_POINT('',(271.4625,-147.4625,0.));
#607 = VECTOR('',#608,1.);
#608 = DIRECTION('',(-1.,0.,0.));
#609 = PLANE('',#610);
#610 = AXIS2_PLACEMENT_3D('',#611,#612,#613);
#611 = CARTESIAN_POINT('',(271.4625,-147.4625,0.));
#612 = DIRECTION('',(0.,-1.,0.));
#613 = DIRECTION('',(-1.,0.,0.));
#614 = ADVANCED_FACE('',(#615),#640,.T.);
#615 = FACE_BOUND('',#616,.T.);
#616 = EDGE_LOOP('',(#617,#618,#626,#634));
#617 = ORIENTED_EDGE('',*,*,#596,.T.);
#618 = ORIENTED_EDGE('',*,*,#619,.T.);
#619 = EDGE_CURVE('',#589,#620,#622,.T.);
#620 = VERTEX_POINT('',#621);
#621 = CARTESIAN_POINT('',(211.959962,-147.637082,1.59));
#622 = LINE('',#623,#624);
#623 = CARTESIAN_POINT('',(211.9625,-147.4625,1.59));
#624 = VECTOR('',#625,1.);
#625 = DIRECTION('',(-1.453604524207E-02,-0.999894346113,0.));
#626 = ORIENTED_EDGE('',*,*,#627,.F.);
#627 = EDGE_CURVE('',#628,#620,#630,.T.);
#628 = VERTEX_POINT('',#629);
#629 = CARTESIAN_POINT('',(211.959962,-147.637082,0.));
#630 = LINE('',#631,#632);
#631 = CARTESIAN_POINT('',(211.959962,-147.637082,0.));
#632 = VECTOR('',#633,1.);
#633 = DIRECTION('',(0.,0.,1.));
#634 = ORIENTED_EDGE('',*,*,#635,.F.);
#635 = EDGE_CURVE('',#597,#628,#636,.T.);
#636 = LINE('',#637,#638);
#637 = CARTESIAN_POINT('',(211.9625,-147.4625,0.));
#638 = VECTOR('',#639,1.);
#639 = DIRECTION('',(-1.453604524207E-02,-0.999894346113,0.));
#640 = PLANE('',#641);
#641 = AXIS2_PLACEMENT_3D('',#642,#643,#644);
#642 = CARTESIAN_POINT('',(211.9625,-147.4625,0.));
#643 = DIRECTION('',(0.999894346113,-1.453604524207E-02,0.));
#644 = DIRECTION('',(-1.453604524207E-02,-0.999894346113,0.));
#645 = ADVANCED_FACE('',(#646),#673,.T.);
#646 = FACE_BOUND('',#647,.T.);
#647 = EDGE_LOOP('',(#648,#649,#658,#666));
#648 = ORIENTED_EDGE('',*,*,#627,.T.);
#649 = ORIENTED_EDGE('',*,*,#650,.T.);
#650 = EDGE_CURVE('',#620,#651,#653,.T.);
#651 = VERTEX_POINT('',#652);
#652 = CARTESIAN_POINT('',(205.9625,-147.4625,1.59));
#653 = CIRCLE('',#654,3.001233107211);
#654 = AXIS2_PLACEMENT_3D('',#655,#656,#657);
#655 = CARTESIAN_POINT('',(208.96373280546,-147.4638458096,1.59));
#656 = DIRECTION('',(-0.,0.,-1.));
#657 = DIRECTION('',(0.998332714421,-5.772167111393E-02,-0.));
#658 = ORIENTED_EDGE('',*,*,#659,.F.);
#659 = EDGE_CURVE('',#660,#651,#662,.T.);
#660 = VERTEX_POINT('',#661);
#661 = CARTESIAN_POINT('',(205.9625,-147.4625,0.));
#662 = LINE('',#663,#664);
#663 = CARTESIAN_POINT('',(205.9625,-147.4625,0.));
#664 = VECTOR('',#665,1.);
#665 = DIRECTION('',(0.,0.,1.));
#666 = ORIENTED_EDGE('',*,*,#667,.F.);
#667 = EDGE_CURVE('',#628,#660,#668,.T.);
#668 = CIRCLE('',#669,3.001233107211);
#669 = AXIS2_PLACEMENT_3D('',#670,#671,#672);
#670 = CARTESIAN_POINT('',(208.96373280546,-147.4638458096,0.));
#671 = DIRECTION('',(-0.,0.,-1.));
#672 = DIRECTION('',(0.998332714421,-5.772167111393E-02,-0.));
#673 = CYLINDRICAL_SURFACE('',#674,3.001233107211);
#674 = AXIS2_PLACEMENT_3D('',#675,#676,#677);
#675 = CARTESIAN_POINT('',(208.96373280546,-147.4638458096,0.));
#676 = DIRECTION('',(-0.,0.,-1.));
#677 = DIRECTION('',(0.998332714421,-5.772167111393E-02,-0.));
#678 = ADVANCED_FACE('',(#679),#704,.T.);
#679 = FACE_BOUND('',#680,.T.);
#680 = EDGE_LOOP('',(#681,#682,#690,#698));
#681 = ORIENTED_EDGE('',*,*,#659,.T.);
#682 = ORIENTED_EDGE('',*,*,#683,.T.);
#683 = EDGE_CURVE('',#651,#684,#686,.T.);
#684 = VERTEX_POINT('',#685);
#685 = CARTESIAN_POINT('',(94.238,-147.4625,1.59));
#686 = LINE('',#687,#688);
#687 = CARTESIAN_POINT('',(205.9625,-147.4625,1.59));
#688 = VECTOR('',#689,1.);
#689 = DIRECTION('',(-1.,0.,0.));
#690 = ORIENTED_EDGE('',*,*,#691,.F.);
#691 = EDGE_CURVE('',#692,#684,#694,.T.);
#692 = VERTEX_POINT('',#693);
#693 = CARTESIAN_POINT('',(94.238,-147.4625,0.));
#694 = LINE('',#695,#696);
#695 = CARTESIAN_POINT('',(94.238,-147.4625,0.));
#696 = VECTOR('',#697,1.);
#697 = DIRECTION('',(0.,0.,1.));
#698 = ORIENTED_EDGE('',*,*,#699,.F.);
#699 = EDGE_CURVE('',#660,#692,#700,.T.);
#700 = LINE('',#701,#702);
#701 = CARTESIAN_POINT('',(205.9625,-147.4625,0.));
#702 = VECTOR('',#703,1.);
#703 = DIRECTION('',(-1.,0.,0.));
#704 = PLANE('',#705);
#705 = AXIS2_PLACEMENT_3D('',#706,#707,#708);
#706 = CARTESIAN_POINT('',(205.9625,-147.4625,0.));
#707 = DIRECTION('',(0.,-1.,0.));
#708 = DIRECTION('',(-1.,0.,0.));
#709 = ADVANCED_FACE('',(#710),#735,.T.);
#710 = FACE_BOUND('',#711,.T.);
#711 = EDGE_LOOP('',(#712,#713,#721,#729));
#712 = ORIENTED_EDGE('',*,*,#691,.T.);
#713 = ORIENTED_EDGE('',*,*,#714,.T.);
#714 = EDGE_CURVE('',#684,#715,#717,.T.);
#715 = VERTEX_POINT('',#716);
#716 = CARTESIAN_POINT('',(94.235462,-147.637082,1.59));
#717 = LINE('',#718,#719);
#718 = CARTESIAN_POINT('',(94.238,-147.4625,1.59));
#719 = VECTOR('',#720,1.);
#720 = DIRECTION('',(-1.453604524198E-02,-0.999894346113,0.));
#721 = ORIENTED_EDGE('',*,*,#722,.F.);
#722 = EDGE_CURVE('',#723,#715,#725,.T.);
#723 = VERTEX_POINT('',#724);
#724 = CARTESIAN_POINT('',(94.235462,-147.637082,0.));
#725 = LINE('',#726,#727);
#726 = CARTESIAN_POINT('',(94.235462,-147.637082,0.));
#727 = VECTOR('',#728,1.);
#728 = DIRECTION('',(0.,0.,1.));
#729 = ORIENTED_EDGE('',*,*,#730,.F.);
#730 = EDGE_CURVE('',#692,#723,#731,.T.);
#731 = LINE('',#732,#733);
#732 = CARTESIAN_POINT('',(94.238,-147.4625,0.));
#733 = VECTOR('',#734,1.);
#734 = DIRECTION('',(-1.453604524198E-02,-0.999894346113,0.));
#735 = PLANE('',#736);
#736 = AXIS2_PLACEMENT_3D('',#737,#738,#739);
#737 = CARTESIAN_POINT('',(94.238,-147.4625,0.));
#738 = DIRECTION('',(0.999894346113,-1.453604524198E-02,0.));
#739 = DIRECTION('',(-1.453604524198E-02,-0.999894346113,0.));
#740 = ADVANCED_FACE('',(#741),#768,.T.);
#741 = FACE_BOUND('',#742,.T.);
#742 = EDGE_LOOP('',(#743,#744,#753,#761));
#743 = ORIENTED_EDGE('',*,*,#722,.T.);
#744 = ORIENTED_EDGE('',*,*,#745,.T.);
#745 = EDGE_CURVE('',#715,#746,#748,.T.);
#746 = VERTEX_POINT('',#747);
#747 = CARTESIAN_POINT('',(88.238,-147.4625,1.59));
#748 = CIRCLE('',#749,3.001233107211);
#749 = AXIS2_PLACEMENT_3D('',#750,#751,#752);
#750 = CARTESIAN_POINT('',(91.239232805467,-147.4638458096,1.59));
#751 = DIRECTION('',(-0.,0.,-1.));
#752 = DIRECTION('',(0.998332714421,-5.772167111393E-02,-0.));
#753 = ORIENTED_EDGE('',*,*,#754,.F.);
#754 = EDGE_CURVE('',#755,#746,#757,.T.);
#755 = VERTEX_POINT('',#756);
#756 = CARTESIAN_POINT('',(88.238,-147.4625,0.));
#757 = LINE('',#758,#759);
#758 = CARTESIAN_POINT('',(88.238,-147.4625,0.));
#759 = VECTOR('',#760,1.);
#760 = DIRECTION('',(0.,0.,1.));
#761 = ORIENTED_EDGE('',*,*,#762,.F.);
#762 = EDGE_CURVE('',#723,#755,#763,.T.);
#763 = CIRCLE('',#764,3.001233107211);
#764 = AXIS2_PLACEMENT_3D('',#765,#766,#767);
#765 = CARTESIAN_POINT('',(91.239232805467,-147.4638458096,0.));
#766 = DIRECTION('',(-0.,0.,-1.));
#767 = DIRECTION('',(0.998332714421,-5.772167111393E-02,-0.));
#768 = CYLINDRICAL_SURFACE('',#769,3.001233107211);
#769 = AXIS2_PLACEMENT_3D('',#770,#771,#772);
#770 = CARTESIAN_POINT('',(91.239232805467,-147.4638458096,0.));
#771 = DIRECTION('',(-0.,0.,-1.));
#772 = DIRECTION('',(0.998332714421,-5.772167111393E-02,-0.));
#773 = ADVANCED_FACE('',(#774),#799,.T.);
#774 = FACE_BOUND('',#775,.T.);
#775 = EDGE_LOOP('',(#776,#777,#785,#793));
#776 = ORIENTED_EDGE('',*,*,#754,.T.);
#777 = ORIENTED_EDGE('',*,*,#778,.T.);
#778 = EDGE_CURVE('',#746,#779,#781,.T.);
#779 = VERTEX_POINT('',#780);
#780 = CARTESIAN_POINT('',(28.575,-147.4625,1.59));
#781 = LINE('',#782,#783);
#782 = CARTESIAN_POINT('',(88.238,-147.4625,1.59));
#783 = VECTOR('',#784,1.);
#784 = DIRECTION('',(-1.,0.,0.));
#785 = ORIENTED_EDGE('',*,*,#786,.F.);
#786 = EDGE_CURVE('',#787,#779,#789,.T.);
#787 = VERTEX_POINT('',#788);
#788 = CARTESIAN_POINT('',(28.575,-147.4625,0.));
#789 = LINE('',#790,#791);
#790 = CARTESIAN_POINT('',(28.575,-147.4625,0.));
#791 = VECTOR('',#792,1.);
#792 = DIRECTION('',(0.,0.,1.));
#793 = ORIENTED_EDGE('',*,*,#794,.F.);
#794 = EDGE_CURVE('',#755,#787,#795,.T.);
#795 = LINE('',#796,#797);
#796 = CARTESIAN_POINT('',(88.238,-147.4625,0.));
#797 = VECTOR('',#798,1.);
#798 = DIRECTION('',(-1.,0.,0.));
#799 = PLANE('',#800);
#800 = AXIS2_PLACEMENT_3D('',#801,#802,#803);
#801 = CARTESIAN_POINT('',(88.238,-147.4625,0.));
#802 = DIRECTION('',(0.,-1.,0.));
#803 = DIRECTION('',(-1.,0.,0.));
#804 = ADVANCED_FACE('',(#805),#830,.T.);
#805 = FACE_BOUND('',#806,.T.);
#806 = EDGE_LOOP('',(#807,#808,#816,#824));
#807 = ORIENTED_EDGE('',*,*,#786,.T.);
#808 = ORIENTED_EDGE('',*,*,#809,.T.);
#809 = EDGE_CURVE('',#779,#810,#812,.T.);
#810 = VERTEX_POINT('',#811);
#811 = CARTESIAN_POINT('',(28.406656,-147.46014,1.59));
#812 = LINE('',#813,#814);
#813 = CARTESIAN_POINT('',(28.575,-147.4625,1.59));
#814 = VECTOR('',#815,1.);
#815 = DIRECTION('',(-0.999901749512,1.401753628794E-02,0.));
#816 = ORIENTED_EDGE('',*,*,#817,.F.);
#817 = EDGE_CURVE('',#818,#810,#820,.T.);
#818 = VERTEX_POINT('',#819);
#819 = CARTESIAN_POINT('',(28.406656,-147.46014,0.));
#820 = LINE('',#821,#822);
#821 = CARTESIAN_POINT('',(28.406656,-147.46014,0.));
#822 = VECTOR('',#823,1.);
#823 = DIRECTION('',(0.,0.,1.));
#824 = ORIENTED_EDGE('',*,*,#825,.F.);
#825 = EDGE_CURVE('',#787,#818,#826,.T.);
#826 = LINE('',#827,#828);
#827 = CARTESIAN_POINT('',(28.575,-147.4625,0.));
#828 = VECTOR('',#829,1.);
#829 = DIRECTION('',(-0.999901749512,1.401753628794E-02,0.));
#830 = PLANE('',#831);
#831 = AXIS2_PLACEMENT_3D('',#832,#833,#834);
#832 = CARTESIAN_POINT('',(28.575,-147.4625,0.));
#833 = DIRECTION('',(-1.401753628794E-02,-0.999901749512,0.));
#834 = DIRECTION('',(-0.999901749512,1.401753628794E-02,0.));
#835 = ADVANCED_FACE('',(#836),#863,.T.);
#836 = FACE_BOUND('',#837,.T.);
#837 = EDGE_LOOP('',(#838,#839,#848,#856));
#838 = ORIENTED_EDGE('',*,*,#817,.T.);
#839 = ORIENTED_EDGE('',*,*,#840,.T.);
#840 = EDGE_CURVE('',#810,#841,#843,.T.);
#841 = VERTEX_POINT('',#842);
#842 = CARTESIAN_POINT('',(25.575,-144.4625,1.59));
#843 = CIRCLE('',#844,2.998046463735);
#844 = AXIS2_PLACEMENT_3D('',#845,#846,#847);
#845 = CARTESIAN_POINT('',(28.573043501839,-144.4667142371,1.59));
#846 = DIRECTION('',(0.,0.,-1.));
#847 = DIRECTION('',(-5.549864014846E-02,-0.998458762765,-0.));
#848 = ORIENTED_EDGE('',*,*,#849,.F.);
#849 = EDGE_CURVE('',#850,#841,#852,.T.);
#850 = VERTEX_POINT('',#851);
#851 = CARTESIAN_POINT('',(25.575,-144.4625,0.));
#852 = LINE('',#853,#854);
#853 = CARTESIAN_POINT('',(25.575,-144.4625,0.));
#854 = VECTOR('',#855,1.);
#855 = DIRECTION('',(0.,0.,1.));
#856 = ORIENTED_EDGE('',*,*,#857,.F.);
#857 = EDGE_CURVE('',#818,#850,#858,.T.);
#858 = CIRCLE('',#859,2.998046463735);
#859 = AXIS2_PLACEMENT_3D('',#860,#861,#862);
#860 = CARTESIAN_POINT('',(28.573043501839,-144.4667142371,0.));
#861 = DIRECTION('',(0.,0.,-1.));
#862 = DIRECTION('',(-5.549864014846E-02,-0.998458762765,-0.));
#863 = CYLINDRICAL_SURFACE('',#864,2.998046463735);
#864 = AXIS2_PLACEMENT_3D('',#865,#866,#867);
#865 = CARTESIAN_POINT('',(28.573043501839,-144.4667142371,0.));
#866 = DIRECTION('',(0.,0.,-1.));
#867 = DIRECTION('',(-5.549864014846E-02,-0.998458762765,-0.));
#868 = ADVANCED_FACE('',(#869),#894,.T.);
#869 = FACE_BOUND('',#870,.T.);
#870 = EDGE_LOOP('',(#871,#872,#880,#888));
#871 = ORIENTED_EDGE('',*,*,#849,.T.);
#872 = ORIENTED_EDGE('',*,*,#873,.T.);
#873 = EDGE_CURVE('',#841,#874,#876,.T.);
#874 = VERTEX_POINT('',#875);
#875 = CARTESIAN_POINT('',(25.575,-99.8375,1.59));
#876 = LINE('',#877,#878);
#877 = CARTESIAN_POINT('',(25.575,-144.4625,1.59));
#878 = VECTOR('',#879,1.);
#879 = DIRECTION('',(0.,1.,0.));
#880 = ORIENTED_EDGE('',*,*,#881,.F.);
#881 = EDGE_CURVE('',#882,#874,#884,.T.);
#882 = VERTEX_POINT('',#883);
#883 = CARTESIAN_POINT('',(25.575,-99.8375,0.));
#884 = LINE('',#885,#886);
#885 = CARTESIAN_POINT('',(25.575,-99.8375,0.));
#886 = VECTOR('',#887,1.);
#887 = DIRECTION('',(0.,0.,1.));
#888 = ORIENTED_EDGE('',*,*,#889,.F.);
#889 = EDGE_CURVE('',#850,#882,#890,.T.);
#890 = LINE('',#891,#892);
#891 = CARTESIAN_POINT('',(25.575,-144.4625,0.));
#892 = VECTOR('',#893,1.);
#893 = DIRECTION('',(0.,1.,0.));
#894 = PLANE('',#895);
#895 = AXIS2_PLACEMENT_3D('',#896,#897,#898);
#896 = CARTESIAN_POINT('',(25.575,-144.4625,0.));
#897 = DIRECTION('',(-1.,0.,0.));
#898 = DIRECTION('',(0.,1.,0.));
#899 = ADVANCED_FACE('',(#900),#925,.T.);
#900 = FACE_BOUND('',#901,.T.);
#901 = EDGE_LOOP('',(#902,#903,#911,#919));
#902 = ORIENTED_EDGE('',*,*,#881,.T.);
#903 = ORIENTED_EDGE('',*,*,#904,.T.);
#904 = EDGE_CURVE('',#874,#905,#907,.T.);
#905 = VERTEX_POINT('',#906);
#906 = CARTESIAN_POINT('',(25.400418,-99.834962,1.59));
#907 = LINE('',#908,#909);
#908 = CARTESIAN_POINT('',(25.575,-99.8375,1.59));
#909 = VECTOR('',#910,1.);
#910 = DIRECTION('',(-0.999894346113,1.453604524198E-02,0.));
#911 = ORIENTED_EDGE('',*,*,#912,.F.);
#912 = EDGE_CURVE('',#913,#905,#915,.T.);
#913 = VERTEX_POINT('',#914);
#914 = CARTESIAN_POINT('',(25.400418,-99.834962,0.));
#915 = LINE('',#916,#917);
#916 = CARTESIAN_POINT('',(25.400418,-99.834962,0.));
#917 = VECTOR('',#918,1.);
#918 = DIRECTION('',(0.,0.,1.));
#919 = ORIENTED_EDGE('',*,*,#920,.F.);
#920 = EDGE_CURVE('',#882,#913,#921,.T.);
#921 = LINE('',#922,#923);
#922 = CARTESIAN_POINT('',(25.575,-99.8375,0.));
#923 = VECTOR('',#924,1.);
#924 = DIRECTION('',(-0.999894346113,1.453604524198E-02,0.));
#925 = PLANE('',#926);
#926 = AXIS2_PLACEMENT_3D('',#927,#928,#929);
#927 = CARTESIAN_POINT('',(25.575,-99.8375,0.));
#928 = DIRECTION('',(-1.453604524198E-02,-0.999894346113,0.));
#929 = DIRECTION('',(-0.999894346113,1.453604524198E-02,0.));
#930 = ADVANCED_FACE('',(#931),#958,.T.);
#931 = FACE_BOUND('',#932,.T.);
#932 = EDGE_LOOP('',(#933,#934,#943,#951));
#933 = ORIENTED_EDGE('',*,*,#912,.T.);
#934 = ORIENTED_EDGE('',*,*,#935,.T.);
#935 = EDGE_CURVE('',#905,#936,#938,.T.);
#936 = VERTEX_POINT('',#937);
#937 = CARTESIAN_POINT('',(25.575,-93.8375,1.59));
#938 = CIRCLE('',#939,3.001233107211);
#939 = AXIS2_PLACEMENT_3D('',#940,#941,#942);
#940 = CARTESIAN_POINT('',(25.573654190351,-96.83873280546,1.59));
#941 = DIRECTION('',(0.,0.,-1.));
#942 = DIRECTION('',(-5.772167111394E-02,-0.998332714421,-0.));
#943 = ORIENTED_EDGE('',*,*,#944,.F.);
#944 = EDGE_CURVE('',#945,#936,#947,.T.);
#945 = VERTEX_POINT('',#946);
#946 = CARTESIAN_POINT('',(25.575,-93.8375,0.));
#947 = LINE('',#948,#949);
#948 = CARTESIAN_POINT('',(25.575,-93.8375,0.));
#949 = VECTOR('',#950,1.);
#950 = DIRECTION('',(0.,0.,1.));
#951 = ORIENTED_EDGE('',*,*,#952,.F.);
#952 = EDGE_CURVE('',#913,#945,#953,.T.);
#953 = CIRCLE('',#954,3.001233107211);
#954 = AXIS2_PLACEMENT_3D('',#955,#956,#957);
#955 = CARTESIAN_POINT('',(25.573654190351,-96.83873280546,0.));
#956 = DIRECTION('',(0.,0.,-1.));
#957 = DIRECTION('',(-5.772167111394E-02,-0.998332714421,-0.));
#958 = CYLINDRICAL_SURFACE('',#959,3.001233107211);
#959 = AXIS2_PLACEMENT_3D('',#960,#961,#962);
#960 = CARTESIAN_POINT('',(25.573654190351,-96.83873280546,0.));
#961 = DIRECTION('',(0.,0.,-1.));
#962 = DIRECTION('',(-5.772167111394E-02,-0.998332714421,-0.));
#963 = ADVANCED_FACE('',(#964),#989,.T.);
#964 = FACE_BOUND('',#965,.T.);
#965 = EDGE_LOOP('',(#966,#967,#975,#983));
#966 = ORIENTED_EDGE('',*,*,#944,.T.);
#967 = ORIENTED_EDGE('',*,*,#968,.T.);
#968 = EDGE_CURVE('',#936,#969,#971,.T.);
#969 = VERTEX_POINT('',#970);
#970 = CARTESIAN_POINT('',(25.575,-49.2125,1.59));
#971 = LINE('',#972,#973);
#972 = CARTESIAN_POINT('',(25.575,-93.8375,1.59));
#973 = VECTOR('',#974,1.);
#974 = DIRECTION('',(0.,1.,0.));
#975 = ORIENTED_EDGE('',*,*,#976,.F.);
#976 = EDGE_CURVE('',#977,#969,#979,.T.);
#977 = VERTEX_POINT('',#978);
#978 = CARTESIAN_POINT('',(25.575,-49.2125,0.));
#979 = LINE('',#980,#981);
#980 = CARTESIAN_POINT('',(25.575,-49.2125,0.));
#981 = VECTOR('',#982,1.);
#982 = DIRECTION('',(0.,0.,1.));
#983 = ORIENTED_EDGE('',*,*,#984,.F.);
#984 = EDGE_CURVE('',#945,#977,#985,.T.);
#985 = LINE('',#986,#987);
#986 = CARTESIAN_POINT('',(25.575,-93.8375,0.));
#987 = VECTOR('',#988,1.);
#988 = DIRECTION('',(0.,1.,0.));
#989 = PLANE('',#990);
#990 = AXIS2_PLACEMENT_3D('',#991,#992,#993);
#991 = CARTESIAN_POINT('',(25.575,-93.8375,0.));
#992 = DIRECTION('',(-1.,0.,0.));
#993 = DIRECTION('',(0.,1.,0.));
#994 = ADVANCED_FACE('',(#995),#1020,.T.);
#995 = FACE_BOUND('',#996,.T.);
#996 = EDGE_LOOP('',(#997,#998,#1006,#1014));
#997 = ORIENTED_EDGE('',*,*,#976,.T.);
#998 = ORIENTED_EDGE('',*,*,#999,.T.);
#999 = EDGE_CURVE('',#969,#1000,#1002,.T.);
#1000 = VERTEX_POINT('',#1001);
#1001 = CARTESIAN_POINT('',(25.57736,-49.044156,1.59));
#1002 = LINE('',#1003,#1004);
#1003 = CARTESIAN_POINT('',(25.575,-49.2125,1.59));
#1004 = VECTOR('',#1005,1.);
#1005 = DIRECTION('',(1.401753628788E-02,0.999901749512,0.));
#1006 = ORIENTED_EDGE('',*,*,#1007,.F.);
#1007 = EDGE_CURVE('',#1008,#1000,#1010,.T.);
#1008 = VERTEX_POINT('',#1009);
#1009 = CARTESIAN_POINT('',(25.57736,-49.044156,0.));
#1010 = LINE('',#1011,#1012);
#1011 = CARTESIAN_POINT('',(25.57736,-49.044156,0.));
#1012 = VECTOR('',#1013,1.);
#1013 = DIRECTION('',(0.,0.,1.));
#1014 = ORIENTED_EDGE('',*,*,#1015,.F.);
#1015 = EDGE_CURVE('',#977,#1008,#1016,.T.);
#1016 = LINE('',#1017,#1018);
#1017 = CARTESIAN_POINT('',(25.575,-49.2125,0.));
#1018 = VECTOR('',#1019,1.);
#1019 = DIRECTION('',(1.401753628788E-02,0.999901749512,0.));
#1020 = PLANE('',#1021);
#1021 = AXIS2_PLACEMENT_3D('',#1022,#1023,#1024);
#1022 = CARTESIAN_POINT('',(25.575,-49.2125,0.));
#1023 = DIRECTION('',(-0.999901749512,1.401753628788E-02,0.));
#1024 = DIRECTION('',(1.401753628788E-02,0.999901749512,0.));
#1025 = ADVANCED_FACE('',(#1026),#1053,.T.);
#1026 = FACE_BOUND('',#1027,.T.);
#1027 = EDGE_LOOP('',(#1028,#1029,#1038,#1046));
#1028 = ORIENTED_EDGE('',*,*,#1007,.T.);
#1029 = ORIENTED_EDGE('',*,*,#1030,.T.);
#1030 = EDGE_CURVE('',#1000,#1031,#1033,.T.);
#1031 = VERTEX_POINT('',#1032);
#1032 = CARTESIAN_POINT('',(28.575,-46.2125,1.59));
#1033 = CIRCLE('',#1034,2.998046463735);
#1034 = AXIS2_PLACEMENT_3D('',#1035,#1036,#1037);
#1035 = CARTESIAN_POINT('',(28.570785762892,-49.21054350183,1.59));
#1036 = DIRECTION('',(0.,0.,-1.));
#1037 = DIRECTION('',(-0.998458762765,5.549864014847E-02,0.));
#1038 = ORIENTED_EDGE('',*,*,#1039,.F.);
#1039 = EDGE_CURVE('',#1040,#1031,#1042,.T.);
#1040 = VERTEX_POINT('',#1041);
#1041 = CARTESIAN_POINT('',(28.575,-46.2125,0.));
#1042 = LINE('',#1043,#1044);
#1043 = CARTESIAN_POINT('',(28.575,-46.2125,0.));
#1044 = VECTOR('',#1045,1.);
#1045 = DIRECTION('',(0.,0.,1.));
#1046 = ORIENTED_EDGE('',*,*,#1047,.F.);
#1047 = EDGE_CURVE('',#1008,#1040,#1048,.T.);
#1048 = CIRCLE('',#1049,2.998046463735);
#1049 = AXIS2_PLACEMENT_3D('',#1050,#1051,#1052);
#1050 = CARTESIAN_POINT('',(28.570785762892,-49.21054350183,0.));
#1051 = DIRECTION('',(0.,0.,-1.));
#1052 = DIRECTION('',(-0.998458762765,5.549864014847E-02,0.));
#1053 = CYLINDRICAL_SURFACE('',#1054,2.998046463735);
#1054 = AXIS2_PLACEMENT_3D('',#1055,#1056,#1057);
#1055 = CARTESIAN_POINT('',(28.570785762892,-49.21054350183,0.));
#1056 = DIRECTION('',(0.,0.,-1.));
#1057 = DIRECTION('',(-0.998458762765,5.549864014847E-02,0.));
#1058 = ADVANCED_FACE('',(#1059),#1084,.T.);
#1059 = FACE_BOUND('',#1060,.T.);
#1060 = EDGE_LOOP('',(#1061,#1062,#1070,#1078));
#1061 = ORIENTED_EDGE('',*,*,#1039,.T.);
#1062 = ORIENTED_EDGE('',*,*,#1063,.T.);
#1063 = EDGE_CURVE('',#1031,#1064,#1066,.T.);
#1064 = VERTEX_POINT('',#1065);
#1065 = CARTESIAN_POINT('',(88.238,-46.2125,1.59));
#1066 = LINE('',#1067,#1068);
#1067 = CARTESIAN_POINT('',(28.575,-46.2125,1.59));
#1068 = VECTOR('',#1069,1.);
#1069 = DIRECTION('',(1.,0.,0.));
#1070 = ORIENTED_EDGE('',*,*,#1071,.F.);
#1071 = EDGE_CURVE('',#1072,#1064,#1074,.T.);
#1072 = VERTEX_POINT('',#1073);
#1073 = CARTESIAN_POINT('',(88.238,-46.2125,0.));
#1074 = LINE('',#1075,#1076);
#1075 = CARTESIAN_POINT('',(88.238,-46.2125,0.));
#1076 = VECTOR('',#1077,1.);
#1077 = DIRECTION('',(0.,0.,1.));
#1078 = ORIENTED_EDGE('',*,*,#1079,.F.);
#1079 = EDGE_CURVE('',#1040,#1072,#1080,.T.);
#1080 = LINE('',#1081,#1082);
#1081 = CARTESIAN_POINT('',(28.575,-46.2125,0.));
#1082 = VECTOR('',#1083,1.);
#1083 = DIRECTION('',(1.,0.,0.));
#1084 = PLANE('',#1085);
#1085 = AXIS2_PLACEMENT_3D('',#1086,#1087,#1088);
#1086 = CARTESIAN_POINT('',(28.575,-46.2125,0.));
#1087 = DIRECTION('',(0.,1.,0.));
#1088 = DIRECTION('',(1.,0.,0.));
#1089 = ADVANCED_FACE('',(#1090),#1106,.T.);
#1090 = FACE_BOUND('',#1091,.T.);
#1091 = EDGE_LOOP('',(#1092,#1093,#1099,#1100));
#1092 = ORIENTED_EDGE('',*,*,#1071,.T.);
#1093 = ORIENTED_EDGE('',*,*,#1094,.T.);
#1094 = EDGE_CURVE('',#1064,#42,#1095,.T.);
#1095 = LINE('',#1096,#1097);
#1096 = CARTESIAN_POINT('',(88.238,-46.2125,1.59));
#1097 = VECTOR('',#1098,1.);
#1098 = DIRECTION('',(1.453604524198E-02,0.999894346113,0.));
#1099 = ORIENTED_EDGE('',*,*,#39,.F.);
#1100 = ORIENTED_EDGE('',*,*,#1101,.F.);
#1101 = EDGE_CURVE('',#1072,#40,#1102,.T.);
#1102 = LINE('',#1103,#1104);
#1103 = CARTESIAN_POINT('',(88.238,-46.2125,0.));
#1104 = VECTOR('',#1105,1.);
#1105 = DIRECTION('',(1.453604524198E-02,0.999894346113,0.));
#1106 = PLANE('',#1107);
#1107 = AXIS2_PLACEMENT_3D('',#1108,#1109,#1110);
#1108 = CARTESIAN_POINT('',(88.238,-46.2125,0.));
#1109 = DIRECTION('',(-0.999894346113,1.453604524198E-02,0.));
#1110 = DIRECTION('',(1.453604524198E-02,0.999894346113,0.));
#1111 = ADVANCED_FACE('',(#1112),#1146,.T.);
#1112 = FACE_BOUND('',#1113,.T.);
#1113 = EDGE_LOOP('',(#1114,#1124,#1132,#1140));
#1114 = ORIENTED_EDGE('',*,*,#1115,.T.);
#1115 = EDGE_CURVE('',#1116,#1118,#1120,.T.);
#1116 = VERTEX_POINT('',#1117);
#1117 = CARTESIAN_POINT('',(33.18125,-128.9375,0.));
#1118 = VERTEX_POINT('',#1119);
#1119 = CARTESIAN_POINT('',(33.18125,-128.9375,1.59));
#1120 = LINE('',#1121,#1122);
#1121 = CARTESIAN_POINT('',(33.18125,-128.9375,0.));
#1122 = VECTOR('',#1123,1.);
#1123 = DIRECTION('',(0.,0.,1.));
#1124 = ORIENTED_EDGE('',*,*,#1125,.T.);
#1125 = EDGE_CURVE('',#1118,#1126,#1128,.T.);
#1126 = VERTEX_POINT('',#1127);
#1127 = CARTESIAN_POINT('',(33.18125,-140.9375,1.59));
#1128 = LINE('',#1129,#1130);
#1129 = CARTESIAN_POINT('',(33.18125,-128.9375,1.59));
#1130 = VECTOR('',#1131,1.);
#1131 = DIRECTION('',(0.,-1.,0.));
#1132 = ORIENTED_EDGE('',*,*,#1133,.F.);
#1133 = EDGE_CURVE('',#1134,#1126,#1136,.T.);
#1134 = VERTEX_POINT('',#1135);
#1135 = CARTESIAN_POINT('',(33.18125,-140.9375,0.));
#1136 = LINE('',#1137,#1138);
#1137 = CARTESIAN_POINT('',(33.18125,-140.9375,0.));
#1138 = VECTOR('',#1139,1.);
#1139 = DIRECTION('',(0.,0.,1.));
#1140 = ORIENTED_EDGE('',*,*,#1141,.F.);
#1141 = EDGE_CURVE('',#1116,#1134,#1142,.T.);
#1142 = LINE('',#1143,#1144);
#1143 = CARTESIAN_POINT('',(33.18125,-128.9375,0.));
#1144 = VECTOR('',#1145,1.);
#1145 = DIRECTION('',(0.,-1.,0.));
#1146 = PLANE('',#1147);
#1147 = AXIS2_PLACEMENT_3D('',#1148,#1149,#1150);
#1148 = CARTESIAN_POINT('',(33.18125,-128.9375,0.));
#1149 = DIRECTION('',(1.,0.,-0.));
#1150 = DIRECTION('',(0.,-1.,0.));
#1151 = ADVANCED_FACE('',(#1152),#1177,.T.);
#1152 = FACE_BOUND('',#1153,.T.);
#1153 = EDGE_LOOP('',(#1154,#1155,#1163,#1171));
#1154 = ORIENTED_EDGE('',*,*,#1133,.T.);
#1155 = ORIENTED_EDGE('',*,*,#1156,.T.);
#1156 = EDGE_CURVE('',#1126,#1157,#1159,.T.);
#1157 = VERTEX_POINT('',#1158);
#1158 = CARTESIAN_POINT('',(34.18125,-141.9375,1.59));
#1159 = LINE('',#1160,#1161);
#1160 = CARTESIAN_POINT('',(33.18125,-140.9375,1.59));
#1161 = VECTOR('',#1162,1.);
#1162 = DIRECTION('',(0.707106781187,-0.707106781187,0.));
#1163 = ORIENTED_EDGE('',*,*,#1164,.F.);
#1164 = EDGE_CURVE('',#1165,#1157,#1167,.T.);
#1165 = VERTEX_POINT('',#1166);
#1166 = CARTESIAN_POINT('',(34.18125,-141.9375,0.));
#1167 = LINE('',#1168,#1169);
#1168 = CARTESIAN_POINT('',(34.18125,-141.9375,0.));
#1169 = VECTOR('',#1170,1.);
#1170 = DIRECTION('',(0.,0.,1.));
#1171 = ORIENTED_EDGE('',*,*,#1172,.F.);
#1172 = EDGE_CURVE('',#1134,#1165,#1173,.T.);
#1173 = LINE('',#1174,#1175);
#1174 = CARTESIAN_POINT('',(33.18125,-140.9375,0.));
#1175 = VECTOR('',#1176,1.);
#1176 = DIRECTION('',(0.707106781187,-0.707106781187,0.));
#1177 = PLANE('',#1178);
#1178 = AXIS2_PLACEMENT_3D('',#1179,#1180,#1181);
#1179 = CARTESIAN_POINT('',(33.18125,-140.9375,0.));
#1180 = DIRECTION('',(0.707106781187,0.707106781187,-0.));
#1181 = DIRECTION('',(0.707106781187,-0.707106781187,0.));
#1182 = ADVANCED_FACE('',(#1183),#1208,.T.);
#1183 = FACE_BOUND('',#1184,.T.);
#1184 = EDGE_LOOP('',(#1185,#1186,#1194,#1202));
#1185 = ORIENTED_EDGE('',*,*,#1164,.T.);
#1186 = ORIENTED_EDGE('',*,*,#1187,.T.);
#1187 = EDGE_CURVE('',#1157,#1188,#1190,.T.);
#1188 = VERTEX_POINT('',#1189);
#1189 = CARTESIAN_POINT('',(46.78125,-141.9375,1.59));
#1190 = LINE('',#1191,#1192);
#1191 = CARTESIAN_POINT('',(34.18125,-141.9375,1.59));
#1192 = VECTOR('',#1193,1.);
#1193 = DIRECTION('',(1.,0.,0.));
#1194 = ORIENTED_EDGE('',*,*,#1195,.F.);
#1195 = EDGE_CURVE('',#1196,#1188,#1198,.T.);
#1196 = VERTEX_POINT('',#1197);
#1197 = CARTESIAN_POINT('',(46.78125,-141.9375,0.));
#1198 = LINE('',#1199,#1200);
#1199 = CARTESIAN_POINT('',(46.78125,-141.9375,0.));
#1200 = VECTOR('',#1201,1.);
#1201 = DIRECTION('',(0.,0.,1.));
#1202 = ORIENTED_EDGE('',*,*,#1203,.F.);
#1203 = EDGE_CURVE('',#1165,#1196,#1204,.T.);
#1204 = LINE('',#1205,#1206);
#1205 = CARTESIAN_POINT('',(34.18125,-141.9375,0.));
#1206 = VECTOR('',#1207,1.);
#1207 = DIRECTION('',(1.,0.,0.));
#1208 = PLANE('',#1209);
#1209 = AXIS2_PLACEMENT_3D('',#1210,#1211,#1212);
#1210 = CARTESIAN_POINT('',(34.18125,-141.9375,0.));
#1211 = DIRECTION('',(0.,1.,0.));
#1212 = DIRECTION('',(1.,0.,0.));
#1213 = ADVANCED_FACE('',(#1214),#1239,.T.);
#1214 = FACE_BOUND('',#1215,.T.);
#1215 = EDGE_LOOP('',(#1216,#1217,#1225,#1233));
#1216 = ORIENTED_EDGE('',*,*,#1195,.T.);
#1217 = ORIENTED_EDGE('',*,*,#1218,.T.);
#1218 = EDGE_CURVE('',#1188,#1219,#1221,.T.);
#1219 = VERTEX_POINT('',#1220);
#1220 = CARTESIAN_POINT('',(47.78125,-140.9375,1.59));
#1221 = LINE('',#1222,#1223);
#1222 = CARTESIAN_POINT('',(46.78125,-141.9375,1.59));
#1223 = VECTOR('',#1224,1.);
#1224 = DIRECTION('',(0.707106781187,0.707106781187,0.));
#1225 = ORIENTED_EDGE('',*,*,#1226,.F.);
#1226 = EDGE_CURVE('',#1227,#1219,#1229,.T.);
#1227 = VERTEX_POINT('',#1228);
#1228 = CARTESIAN_POINT('',(47.78125,-140.9375,0.));
#1229 = LINE('',#1230,#1231);
#1230 = CARTESIAN_POINT('',(47.78125,-140.9375,0.));
#1231 = VECTOR('',#1232,1.);
#1232 = DIRECTION('',(0.,0.,1.));
#1233 = ORIENTED_EDGE('',*,*,#1234,.F.);
#1234 = EDGE_CURVE('',#1196,#1227,#1235,.T.);
#1235 = LINE('',#1236,#1237);
#1236 = CARTESIAN_POINT('',(46.78125,-141.9375,0.));
#1237 = VECTOR('',#1238,1.);
#1238 = DIRECTION('',(0.707106781187,0.707106781187,0.));
#1239 = PLANE('',#1240);
#1240 = AXIS2_PLACEMENT_3D('',#1241,#1242,#1243);
#1241 = CARTESIAN_POINT('',(46.78125,-141.9375,0.));
#1242 = DIRECTION('',(-0.707106781187,0.707106781187,0.));
#1243 = DIRECTION('',(0.707106781187,0.707106781187,0.));
#1244 = ADVANCED_FACE('',(#1245),#1270,.T.);
#1245 = FACE_BOUND('',#1246,.T.);
#1246 = EDGE_LOOP('',(#1247,#1248,#1256,#1264));
#1247 = ORIENTED_EDGE('',*,*,#1226,.T.);
#1248 = ORIENTED_EDGE('',*,*,#1249,.T.);
#1249 = EDGE_CURVE('',#1219,#1250,#1252,.T.);
#1250 = VERTEX_POINT('',#1251);
#1251 = CARTESIAN_POINT('',(47.78125,-128.9375,1.59));
#1252 = LINE('',#1253,#1254);
#1253 = CARTESIAN_POINT('',(47.78125,-140.9375,1.59));
#1254 = VECTOR('',#1255,1.);
#1255 = DIRECTION('',(0.,1.,0.));
#1256 = ORIENTED_EDGE('',*,*,#1257,.F.);
#1257 = EDGE_CURVE('',#1258,#1250,#1260,.T.);
#1258 = VERTEX_POINT('',#1259);
#1259 = CARTESIAN_POINT('',(47.78125,-128.9375,0.));
#1260 = LINE('',#1261,#1262);
#1261 = CARTESIAN_POINT('',(47.78125,-128.9375,0.));
#1262 = VECTOR('',#1263,1.);
#1263 = DIRECTION('',(0.,0.,1.));
#1264 = ORIENTED_EDGE('',*,*,#1265,.F.);
#1265 = EDGE_CURVE('',#1227,#1258,#1266,.T.);
#1266 = LINE('',#1267,#1268);
#1267 = CARTESIAN_POINT('',(47.78125,-140.9375,0.));
#1268 = VECTOR('',#1269,1.);
#1269 = DIRECTION('',(0.,1.,0.));
#1270 = PLANE('',#1271);
#1271 = AXIS2_PLACEMENT_3D('',#1272,#1273,#1274);
#1272 = CARTESIAN_POINT('',(47.78125,-140.9375,0.));
#1273 = DIRECTION('',(-1.,0.,0.));
#1274 = DIRECTION('',(0.,1.,0.));
#1275 = ADVANCED_FACE('',(#1276),#1301,.T.);
#1276 = FACE_BOUND('',#1277,.T.);
#1277 = EDGE_LOOP('',(#1278,#1279,#1287,#1295));
#1278 = ORIENTED_EDGE('',*,*,#1257,.T.);
#1279 = ORIENTED_EDGE('',*,*,#1280,.T.);
#1280 = EDGE_CURVE('',#1250,#1281,#1283,.T.);
#1281 = VERTEX_POINT('',#1282);
#1282 = CARTESIAN_POINT('',(46.78125,-127.9375,1.59));
#1283 = LINE('',#1284,#1285);
#1284 = CARTESIAN_POINT('',(47.78125,-128.9375,1.59));
#1285 = VECTOR('',#1286,1.);
#1286 = DIRECTION('',(-0.707106781187,0.707106781187,0.));
#1287 = ORIENTED_EDGE('',*,*,#1288,.F.);
#1288 = EDGE_CURVE('',#1289,#1281,#1291,.T.);
#1289 = VERTEX_POINT('',#1290);
#1290 = CARTESIAN_POINT('',(46.78125,-127.9375,0.));
#1291 = LINE('',#1292,#1293);
#1292 = CARTESIAN_POINT('',(46.78125,-127.9375,0.));
#1293 = VECTOR('',#1294,1.);
#1294 = DIRECTION('',(0.,0.,1.));
#1295 = ORIENTED_EDGE('',*,*,#1296,.F.);
#1296 = EDGE_CURVE('',#1258,#1289,#1297,.T.);
#1297 = LINE('',#1298,#1299);
#1298 = CARTESIAN_POINT('',(47.78125,-128.9375,0.));
#1299 = VECTOR('',#1300,1.);
#1300 = DIRECTION('',(-0.707106781187,0.707106781187,0.));
#1301 = PLANE('',#1302);
#1302 = AXIS2_PLACEMENT_3D('',#1303,#1304,#1305);
#1303 = CARTESIAN_POINT('',(47.78125,-128.9375,0.));
#1304 = DIRECTION('',(-0.707106781187,-0.707106781187,0.));
#1305 = DIRECTION('',(-0.707106781187,0.707106781187,0.));
#1306 = ADVANCED_FACE('',(#1307),#1332,.T.);
#1307 = FACE_BOUND('',#1308,.T.);
#1308 = EDGE_LOOP('',(#1309,#1310,#1318,#1326));
#1309 = ORIENTED_EDGE('',*,*,#1288,.T.);
#1310 = ORIENTED_EDGE('',*,*,#1311,.T.);
#1311 = EDGE_CURVE('',#1281,#1312,#1314,.T.);
#1312 = VERTEX_POINT('',#1313);
#1313 = CARTESIAN_POINT('',(34.18125,-127.9375,1.59));
#1314 = LINE('',#1315,#1316);
#1315 = CARTESIAN_POINT('',(46.78125,-127.9375,1.59));
#1316 = VECTOR('',#1317,1.);
#1317 = DIRECTION('',(-1.,0.,0.));
#1318 = ORIENTED_EDGE('',*,*,#1319,.F.);
#1319 = EDGE_CURVE('',#1320,#1312,#1322,.T.);
#1320 = VERTEX_POINT('',#1321);
#1321 = CARTESIAN_POINT('',(34.18125,-127.9375,0.));
#1322 = LINE('',#1323,#1324);
#1323 = CARTESIAN_POINT('',(34.18125,-127.9375,0.));
#1324 = VECTOR('',#1325,1.);
#1325 = DIRECTION('',(0.,0.,1.));
#1326 = ORIENTED_EDGE('',*,*,#1327,.F.);
#1327 = EDGE_CURVE('',#1289,#1320,#1328,.T.);
#1328 = LINE('',#1329,#1330);
#1329 = CARTESIAN_POINT('',(46.78125,-127.9375,0.));
#1330 = VECTOR('',#1331,1.);
#1331 = DIRECTION('',(-1.,0.,0.));
#1332 = PLANE('',#1333);
#1333 = AXIS2_PLACEMENT_3D('',#1334,#1335,#1336);
#1334 = CARTESIAN_POINT('',(46.78125,-127.9375,0.));
#1335 = DIRECTION('',(0.,-1.,0.));
#1336 = DIRECTION('',(-1.,0.,0.));
#1337 = ADVANCED_FACE('',(#1338),#1354,.T.);
#1338 = FACE_BOUND('',#1339,.T.);
#1339 = EDGE_LOOP('',(#1340,#1341,#1347,#1348));
#1340 = ORIENTED_EDGE('',*,*,#1319,.T.);
#1341 = ORIENTED_EDGE('',*,*,#1342,.T.);
#1342 = EDGE_CURVE('',#1312,#1118,#1343,.T.);
#1343 = LINE('',#1344,#1345);
#1344 = CARTESIAN_POINT('',(34.18125,-127.9375,1.59));
#1345 = VECTOR('',#1346,1.);
#1346 = DIRECTION('',(-0.707106781187,-0.707106781187,0.));
#1347 = ORIENTED_EDGE('',*,*,#1115,.F.);
#1348 = ORIENTED_EDGE('',*,*,#1349,.F.);
#1349 = EDGE_CURVE('',#1320,#1116,#1350,.T.);
#1350 = LINE('',#1351,#1352);
#1351 = CARTESIAN_POINT('',(34.18125,-127.9375,0.));
#1352 = VECTOR('',#1353,1.);
#1353 = DIRECTION('',(-0.707106781187,-0.707106781187,0.));
#1354 = PLANE('',#1355);
#1355 = AXIS2_PLACEMENT_3D('',#1356,#1357,#1358);
#1356 = CARTESIAN_POINT('',(34.18125,-127.9375,0.));
#1357 = DIRECTION('',(0.707106781187,-0.707106781187,0.));
#1358 = DIRECTION('',(-0.707106781187,-0.707106781187,0.));
#1359 = ADVANCED_FACE('',(#1360),#1394,.T.);
#1360 = FACE_BOUND('',#1361,.T.);
#1361 = EDGE_LOOP('',(#1362,#1372,#1380,#1388));
#1362 = ORIENTED_EDGE('',*,*,#1363,.T.);
#1363 = EDGE_CURVE('',#1364,#1366,#1368,.T.);
#1364 = VERTEX_POINT('',#1365);
#1365 = CARTESIAN_POINT('',(54.6125,-128.9375,0.));
#1366 = VERTEX_POINT('',#1367);
#1367 = CARTESIAN_POINT('',(54.6125,-128.9375,1.59));
#1368 = LINE('',#1369,#1370);
#1369 = CARTESIAN_POINT('',(54.6125,-128.9375,0.));
#1370 = VECTOR('',#1371,1.);
#1371 = DIRECTION('',(0.,0.,1.));
#1372 = ORIENTED_EDGE('',*,*,#1373,.T.);
#1373 = EDGE_CURVE('',#1366,#1374,#1376,.T.);
#1374 = VERTEX_POINT('',#1375);
#1375 = CARTESIAN_POINT('',(54.6125,-140.9375,1.59));
#1376 = LINE('',#1377,#1378);
#1377 = CARTESIAN_POINT('',(54.6125,-128.9375,1.59));
#1378 = VECTOR('',#1379,1.);
#1379 = DIRECTION('',(0.,-1.,0.));
#1380 = ORIENTED_EDGE('',*,*,#1381,.F.);
#1381 = EDGE_CURVE('',#1382,#1374,#1384,.T.);
#1382 = VERTEX_POINT('',#1383);
#1383 = CARTESIAN_POINT('',(54.6125,-140.9375,0.));
#1384 = LINE('',#1385,#1386);
#1385 = CARTESIAN_POINT('',(54.6125,-140.9375,0.));
#1386 = VECTOR('',#1387,1.);
#1387 = DIRECTION('',(0.,0.,1.));
#1388 = ORIENTED_EDGE('',*,*,#1389,.F.);
#1389 = EDGE_CURVE('',#1364,#1382,#1390,.T.);
#1390 = LINE('',#1391,#1392);
#1391 = CARTESIAN_POINT('',(54.6125,-128.9375,0.));
#1392 = VECTOR('',#1393,1.);
#1393 = DIRECTION('',(0.,-1.,0.));
#1394 = PLANE('',#1395);
#1395 = AXIS2_PLACEMENT_3D('',#1396,#1397,#1398);
#1396 = CARTESIAN_POINT('',(54.6125,-128.9375,0.));
#1397 = DIRECTION('',(1.,0.,-0.));
#1398 = DIRECTION('',(0.,-1.,0.));
#1399 = ADVANCED_FACE('',(#1400),#1425,.T.);
#1400 = FACE_BOUND('',#1401,.T.);
#1401 = EDGE_LOOP('',(#1402,#1403,#1411,#1419));
#1402 = ORIENTED_EDGE('',*,*,#1381,.T.);
#1403 = ORIENTED_EDGE('',*,*,#1404,.T.);
#1404 = EDGE_CURVE('',#1374,#1405,#1407,.T.);
#1405 = VERTEX_POINT('',#1406);
#1406 = CARTESIAN_POINT('',(55.6125,-141.9375,1.59));
#1407 = LINE('',#1408,#1409);
#1408 = CARTESIAN_POINT('',(54.6125,-140.9375,1.59));
#1409 = VECTOR('',#1410,1.);
#1410 = DIRECTION('',(0.707106781187,-0.707106781187,0.));
#1411 = ORIENTED_EDGE('',*,*,#1412,.F.);
#1412 = EDGE_CURVE('',#1413,#1405,#1415,.T.);
#1413 = VERTEX_POINT('',#1414);
#1414 = CARTESIAN_POINT('',(55.6125,-141.9375,0.));
#1415 = LINE('',#1416,#1417);
#1416 = CARTESIAN_POINT('',(55.6125,-141.9375,0.));
#1417 = VECTOR('',#1418,1.);
#1418 = DIRECTION('',(0.,0.,1.));
#1419 = ORIENTED_EDGE('',*,*,#1420,.F.);
#1420 = EDGE_CURVE('',#1382,#1413,#1421,.T.);
#1421 = LINE('',#1422,#1423);
#1422 = CARTESIAN_POINT('',(54.6125,-140.9375,0.));
#1423 = VECTOR('',#1424,1.);
#1424 = DIRECTION('',(0.707106781187,-0.707106781187,0.));
#1425 = PLANE('',#1426);
#1426 = AXIS2_PLACEMENT_3D('',#1427,#1428,#1429);
#1427 = CARTESIAN_POINT('',(54.6125,-140.9375,0.));
#1428 = DIRECTION('',(0.707106781187,0.707106781187,-0.));
#1429 = DIRECTION('',(0.707106781187,-0.707106781187,0.));
#1430 = ADVANCED_FACE('',(#1431),#1456,.T.);
#1431 = FACE_BOUND('',#1432,.T.);
#1432 = EDGE_LOOP('',(#1433,#1434,#1442,#1450));
#1433 = ORIENTED_EDGE('',*,*,#1412,.T.);
#1434 = ORIENTED_EDGE('',*,*,#1435,.T.);
#1435 = EDGE_CURVE('',#1405,#1436,#1438,.T.);
#1436 = VERTEX_POINT('',#1437);
#1437 = CARTESIAN_POINT('',(68.2125,-141.9375,1.59));
#1438 = LINE('',#1439,#1440);
#1439 = CARTESIAN_POINT('',(55.6125,-141.9375,1.59));
#1440 = VECTOR('',#1441,1.);
#1441 = DIRECTION('',(1.,0.,0.));
#1442 = ORIENTED_EDGE('',*,*,#1443,.F.);
#1443 = EDGE_CURVE('',#1444,#1436,#1446,.T.);
#1444 = VERTEX_POINT('',#1445);
#1445 = CARTESIAN_POINT('',(68.2125,-141.9375,0.));
#1446 = LINE('',#1447,#1448);
#1447 = CARTESIAN_POINT('',(68.2125,-141.9375,0.));
#1448 = VECTOR('',#1449,1.);
#1449 = DIRECTION('',(0.,0.,1.));
#1450 = ORIENTED_EDGE('',*,*,#1451,.F.);
#1451 = EDGE_CURVE('',#1413,#1444,#1452,.T.);
#1452 = LINE('',#1453,#1454);
#1453 = CARTESIAN_POINT('',(55.6125,-141.9375,0.));
#1454 = VECTOR('',#1455,1.);
#1455 = DIRECTION('',(1.,0.,0.));
#1456 = PLANE('',#1457);
#1457 = AXIS2_PLACEMENT_3D('',#1458,#1459,#1460);
#1458 = CARTESIAN_POINT('',(55.6125,-141.9375,0.));
#1459 = DIRECTION('',(0.,1.,0.));
#1460 = DIRECTION('',(1.,0.,0.));
#1461 = ADVANCED_FACE('',(#1462),#1487,.T.);
#1462 = FACE_BOUND('',#1463,.T.);
#1463 = EDGE_LOOP('',(#1464,#1465,#1473,#1481));
#1464 = ORIENTED_EDGE('',*,*,#1443,.T.);
#1465 = ORIENTED_EDGE('',*,*,#1466,.T.);
#1466 = EDGE_CURVE('',#1436,#1467,#1469,.T.);
#1467 = VERTEX_POINT('',#1468);
#1468 = CARTESIAN_POINT('',(69.2125,-140.9375,1.59));
#1469 = LINE('',#1470,#1471);
#1470 = CARTESIAN_POINT('',(68.2125,-141.9375,1.59));
#1471 = VECTOR('',#1472,1.);
#1472 = DIRECTION('',(0.707106781187,0.707106781187,0.));
#1473 = ORIENTED_EDGE('',*,*,#1474,.F.);
#1474 = EDGE_CURVE('',#1475,#1467,#1477,.T.);
#1475 = VERTEX_POINT('',#1476);
#1476 = CARTESIAN_POINT('',(69.2125,-140.9375,0.));
#1477 = LINE('',#1478,#1479);
#1478 = CARTESIAN_POINT('',(69.2125,-140.9375,0.));
#1479 = VECTOR('',#1480,1.);
#1480 = DIRECTION('',(0.,0.,1.));
#1481 = ORIENTED_EDGE('',*,*,#1482,.F.);
#1482 = EDGE_CURVE('',#1444,#1475,#1483,.T.);
#1483 = LINE('',#1484,#1485);
#1484 = CARTESIAN_POINT('',(68.2125,-141.9375,0.));
#1485 = VECTOR('',#1486,1.);
#1486 = DIRECTION('',(0.707106781187,0.707106781187,0.));
#1487 = PLANE('',#1488);
#1488 = AXIS2_PLACEMENT_3D('',#1489,#1490,#1491);
#1489 = CARTESIAN_POINT('',(68.2125,-141.9375,0.));
#1490 = DIRECTION('',(-0.707106781187,0.707106781187,0.));
#1491 = DIRECTION('',(0.707106781187,0.707106781187,0.));
#1492 = ADVANCED_FACE('',(#1493),#1518,.T.);
#1493 = FACE_BOUND('',#1494,.T.);
#1494 = EDGE_LOOP('',(#1495,#1496,#1504,#1512));
#1495 = ORIENTED_EDGE('',*,*,#1474,.T.);
#1496 = ORIENTED_EDGE('',*,*,#1497,.T.);
#1497 = EDGE_CURVE('',#1467,#1498,#1500,.T.);
#1498 = VERTEX_POINT('',#1499);
#1499 = CARTESIAN_POINT('',(69.2125,-128.9375,1.59));
#1500 = LINE('',#1501,#1502);
#1501 = CARTESIAN_POINT('',(69.2125,-140.9375,1.59));
#1502 = VECTOR('',#1503,1.);
#1503 = DIRECTION('',(0.,1.,0.));
#1504 = ORIENTED_EDGE('',*,*,#1505,.F.);
#1505 = EDGE_CURVE('',#1506,#1498,#1508,.T.);
#1506 = VERTEX_POINT('',#1507);
#1507 = CARTESIAN_POINT('',(69.2125,-128.9375,0.));
#1508 = LINE('',#1509,#1510);
#1509 = CARTESIAN_POINT('',(69.2125,-128.9375,0.));
#1510 = VECTOR('',#1511,1.);
#1511 = DIRECTION('',(0.,0.,1.));
#1512 = ORIENTED_EDGE('',*,*,#1513,.F.);
#1513 = EDGE_CURVE('',#1475,#1506,#1514,.T.);
#1514 = LINE('',#1515,#1516);
#1515 = CARTESIAN_POINT('',(69.2125,-140.9375,0.));
#1516 = VECTOR('',#1517,1.);
#1517 = DIRECTION('',(0.,1.,0.));
#1518 = PLANE('',#1519);
#1519 = AXIS2_PLACEMENT_3D('',#1520,#1521,#1522);
#1520 = CARTESIAN_POINT('',(69.2125,-140.9375,0.));
#1521 = DIRECTION('',(-1.,0.,0.));
#1522 = DIRECTION('',(0.,1.,0.));
#1523 = ADVANCED_FACE('',(#1524),#1549,.T.);
#1524 = FACE_BOUND('',#1525,.T.);
#1525 = EDGE_LOOP('',(#1526,#1527,#1535,#1543));
#1526 = ORIENTED_EDGE('',*,*,#1505,.T.);
#1527 = ORIENTED_EDGE('',*,*,#1528,.T.);
#1528 = EDGE_CURVE('',#1498,#1529,#1531,.T.);
#1529 = VERTEX_POINT('',#1530);
#1530 = CARTESIAN_POINT('',(68.2125,-127.9375,1.59));
#1531 = LINE('',#1532,#1533);
#1532 = CARTESIAN_POINT('',(69.2125,-128.9375,1.59));
#1533 = VECTOR('',#1534,1.);
#1534 = DIRECTION('',(-0.707106781187,0.707106781187,0.));
#1535 = ORIENTED_EDGE('',*,*,#1536,.F.);
#1536 = EDGE_CURVE('',#1537,#1529,#1539,.T.);
#1537 = VERTEX_POINT('',#1538);
#1538 = CARTESIAN_POINT('',(68.2125,-127.9375,0.));
#1539 = LINE('',#1540,#1541);
#1540 = CARTESIAN_POINT('',(68.2125,-127.9375,0.));
#1541 = VECTOR('',#1542,1.);
#1542 = DIRECTION('',(0.,0.,1.));
#1543 = ORIENTED_EDGE('',*,*,#1544,.F.);
#1544 = EDGE_CURVE('',#1506,#1537,#1545,.T.);
#1545 = LINE('',#1546,#1547);
#1546 = CARTESIAN_POINT('',(69.2125,-128.9375,0.));
#1547 = VECTOR('',#1548,1.);
#1548 = DIRECTION('',(-0.707106781187,0.707106781187,0.));
#1549 = PLANE('',#1550);
#1550 = AXIS2_PLACEMENT_3D('',#1551,#1552,#1553);
#1551 = CARTESIAN_POINT('',(69.2125,-128.9375,0.));
#1552 = DIRECTION('',(-0.707106781187,-0.707106781187,0.));
#1553 = DIRECTION('',(-0.707106781187,0.707106781187,0.));
#1554 = ADVANCED_FACE('',(#1555),#1580,.T.);
#1555 = FACE_BOUND('',#1556,.T.);
#1556 = EDGE_LOOP('',(#1557,#1558,#1566,#1574));
#1557 = ORIENTED_EDGE('',*,*,#1536,.T.);
#1558 = ORIENTED_EDGE('',*,*,#1559,.T.);
#1559 = EDGE_CURVE('',#1529,#1560,#1562,.T.);
#1560 = VERTEX_POINT('',#1561);
#1561 = CARTESIAN_POINT('',(55.6125,-127.9375,1.59));
#1562 = LINE('',#1563,#1564);
#1563 = CARTESIAN_POINT('',(68.2125,-127.9375,1.59));
#1564 = VECTOR('',#1565,1.);
#1565 = DIRECTION('',(-1.,0.,0.));
#1566 = ORIENTED_EDGE('',*,*,#1567,.F.);
#1567 = EDGE_CURVE('',#1568,#1560,#1570,.T.);
#1568 = VERTEX_POINT('',#1569);
#1569 = CARTESIAN_POINT('',(55.6125,-127.9375,0.));
#1570 = LINE('',#1571,#1572);
#1571 = CARTESIAN_POINT('',(55.6125,-127.9375,0.));
#1572 = VECTOR('',#1573,1.);
#1573 = DIRECTION('',(0.,0.,1.));
#1574 = ORIENTED_EDGE('',*,*,#1575,.F.);
#1575 = EDGE_CURVE('',#1537,#1568,#1576,.T.);
#1576 = LINE('',#1577,#1578);
#1577 = CARTESIAN_POINT('',(68.2125,-127.9375,0.));
#1578 = VECTOR('',#1579,1.);
#1579 = DIRECTION('',(-1.,0.,0.));
#1580 = PLANE('',#1581);
#1581 = AXIS2_PLACEMENT_3D('',#1582,#1583,#1584);
#1582 = CARTESIAN_POINT('',(68.2125,-127.9375,0.));
#1583 = DIRECTION('',(0.,-1.,0.));
#1584 = DIRECTION('',(-1.,0.,0.));
#1585 = ADVANCED_FACE('',(#1586),#1602,.T.);
#1586 = FACE_BOUND('',#1587,.T.);
#1587 = EDGE_LOOP('',(#1588,#1589,#1595,#1596));
#1588 = ORIENTED_EDGE('',*,*,#1567,.T.);
#1589 = ORIENTED_EDGE('',*,*,#1590,.T.);
#1590 = EDGE_CURVE('',#1560,#1366,#1591,.T.);
#1591 = LINE('',#1592,#1593);
#1592 = CARTESIAN_POINT('',(55.6125,-127.9375,1.59));
#1593 = VECTOR('',#1594,1.);
#1594 = DIRECTION('',(-0.707106781187,-0.707106781187,0.));
#1595 = ORIENTED_EDGE('',*,*,#1363,.F.);
#1596 = ORIENTED_EDGE('',*,*,#1597,.F.);
#1597 = EDGE_CURVE('',#1568,#1364,#1598,.T.);
#1598 = LINE('',#1599,#1600);
#1599 = CARTESIAN_POINT('',(55.6125,-127.9375,0.));
#1600 = VECTOR('',#1601,1.);
#1601 = DIRECTION('',(-0.707106781187,-0.707106781187,0.));
#1602 = PLANE('',#1603);
#1603 = AXIS2_PLACEMENT_3D('',#1604,#1605,#1606);
#1604 = CARTESIAN_POINT('',(55.6125,-127.9375,0.));
#1605 = DIRECTION('',(0.707106781187,-0.707106781187,0.));
#1606 = DIRECTION('',(-0.707106781187,-0.707106781187,0.));
#1607 = ADVANCED_FACE('',(#1608),#1642,.T.);
#1608 = FACE_BOUND('',#1609,.T.);
#1609 = EDGE_LOOP('',(#1610,#1620,#1628,#1636));
#1610 = ORIENTED_EDGE('',*,*,#1611,.T.);
#1611 = EDGE_CURVE('',#1612,#1614,#1616,.T.);
#1612 = VERTEX_POINT('',#1613);
#1613 = CARTESIAN_POINT('',(76.04375,-128.9375,0.));
#1614 = VERTEX_POINT('',#1615);
#1615 = CARTESIAN_POINT('',(76.04375,-128.9375,1.59));
#1616 = LINE('',#1617,#1618);
#1617 = CARTESIAN_POINT('',(76.04375,-128.9375,0.));
#1618 = VECTOR('',#1619,1.);
#1619 = DIRECTION('',(0.,0.,1.));
#1620 = ORIENTED_EDGE('',*,*,#1621,.T.);
#1621 = EDGE_CURVE('',#1614,#1622,#1624,.T.);
#1622 = VERTEX_POINT('',#1623);
#1623 = CARTESIAN_POINT('',(76.04375,-140.9375,1.59));
#1624 = LINE('',#1625,#1626);
#1625 = CARTESIAN_POINT('',(76.04375,-128.9375,1.59));
#1626 = VECTOR('',#1627,1.);
#1627 = DIRECTION('',(0.,-1.,0.));
#1628 = ORIENTED_EDGE('',*,*,#1629,.F.);
#1629 = EDGE_CURVE('',#1630,#1622,#1632,.T.);
#1630 = VERTEX_POINT('',#1631);
#1631 = CARTESIAN_POINT('',(76.04375,-140.9375,0.));
#1632 = LINE('',#1633,#1634);
#1633 = CARTESIAN_POINT('',(76.04375,-140.9375,0.));
#1634 = VECTOR('',#1635,1.);
#1635 = DIRECTION('',(0.,0.,1.));
#1636 = ORIENTED_EDGE('',*,*,#1637,.F.);
#1637 = EDGE_CURVE('',#1612,#1630,#1638,.T.);
#1638 = LINE('',#1639,#1640);
#1639 = CARTESIAN_POINT('',(76.04375,-128.9375,0.));
#1640 = VECTOR('',#1641,1.);
#1641 = DIRECTION('',(0.,-1.,0.));
#1642 = PLANE('',#1643);
#1643 = AXIS2_PLACEMENT_3D('',#1644,#1645,#1646);
#1644 = CARTESIAN_POINT('',(76.04375,-128.9375,0.));
#1645 = DIRECTION('',(1.,0.,-0.));
#1646 = DIRECTION('',(0.,-1.,0.));
#1647 = ADVANCED_FACE('',(#1648),#1673,.T.);
#1648 = FACE_BOUND('',#1649,.T.);
#1649 = EDGE_LOOP('',(#1650,#1651,#1659,#1667));
#1650 = ORIENTED_EDGE('',*,*,#1629,.T.);
#1651 = ORIENTED_EDGE('',*,*,#1652,.T.);
#1652 = EDGE_CURVE('',#1622,#1653,#1655,.T.);
#1653 = VERTEX_POINT('',#1654);
#1654 = CARTESIAN_POINT('',(77.04375,-141.9375,1.59));
#1655 = LINE('',#1656,#1657);
#1656 = CARTESIAN_POINT('',(76.04375,-140.9375,1.59));
#1657 = VECTOR('',#1658,1.);
#1658 = DIRECTION('',(0.707106781187,-0.707106781187,0.));
#1659 = ORIENTED_EDGE('',*,*,#1660,.F.);
#1660 = EDGE_CURVE('',#1661,#1653,#1663,.T.);
#1661 = VERTEX_POINT('',#1662);
#1662 = CARTESIAN_POINT('',(77.04375,-141.9375,0.));
#1663 = LINE('',#1664,#1665);
#1664 = CARTESIAN_POINT('',(77.04375,-141.9375,0.));
#1665 = VECTOR('',#1666,1.);
#1666 = DIRECTION('',(0.,0.,1.));
#1667 = ORIENTED_EDGE('',*,*,#1668,.F.);
#1668 = EDGE_CURVE('',#1630,#1661,#1669,.T.);
#1669 = LINE('',#1670,#1671);
#1670 = CARTESIAN_POINT('',(76.04375,-140.9375,0.));
#1671 = VECTOR('',#1672,1.);
#1672 = DIRECTION('',(0.707106781187,-0.707106781187,0.));
#1673 = PLANE('',#1674);
#1674 = AXIS2_PLACEMENT_3D('',#1675,#1676,#1677);
#1675 = CARTESIAN_POINT('',(76.04375,-140.9375,0.));
#1676 = DIRECTION('',(0.707106781187,0.707106781187,-0.));
#1677 = DIRECTION('',(0.707106781187,-0.707106781187,0.));
#1678 = ADVANCED_FACE('',(#1679),#1704,.T.);
#1679 = FACE_BOUND('',#1680,.T.);
#1680 = EDGE_LOOP('',(#1681,#1682,#1690,#1698));
#1681 = ORIENTED_EDGE('',*,*,#1660,.T.);
#1682 = ORIENTED_EDGE('',*,*,#1683,.T.);
#1683 = EDGE_CURVE('',#1653,#1684,#1686,.T.);
#1684 = VERTEX_POINT('',#1685);
#1685 = CARTESIAN_POINT('',(89.64375,-141.9375,1.59));
#1686 = LINE('',#1687,#1688);
#1687 = CARTESIAN_POINT('',(77.04375,-141.9375,1.59));
#1688 = VECTOR('',#1689,1.);
#1689 = DIRECTION('',(1.,0.,0.));
#1690 = ORIENTED_EDGE('',*,*,#1691,.F.);
#1691 = EDGE_CURVE('',#1692,#1684,#1694,.T.);
#1692 = VERTEX_POINT('',#1693);
#1693 = CARTESIAN_POINT('',(89.64375,-141.9375,0.));
#1694 = LINE('',#1695,#1696);
#1695 = CARTESIAN_POINT('',(89.64375,-141.9375,0.));
#1696 = VECTOR('',#1697,1.);
#1697 = DIRECTION('',(0.,0.,1.));
#1698 = ORIENTED_EDGE('',*,*,#1699,.F.);
#1699 = EDGE_CURVE('',#1661,#1692,#1700,.T.);
#1700 = LINE('',#1701,#1702);
#1701 = CARTESIAN_POINT('',(77.04375,-141.9375,0.));
#1702 = VECTOR('',#1703,1.);
#1703 = DIRECTION('',(1.,0.,0.));
#1704 = PLANE('',#1705);
#1705 = AXIS2_PLACEMENT_3D('',#1706,#1707,#1708);
#1706 = CARTESIAN_POINT('',(77.04375,-141.9375,0.));
#1707 = DIRECTION('',(0.,1.,0.));
#1708 = DIRECTION('',(1.,0.,0.));
#1709 = ADVANCED_FACE('',(#1710),#1735,.T.);
#1710 = FACE_BOUND('',#1711,.T.);
#1711 = EDGE_LOOP('',(#1712,#1713,#1721,#1729));
#1712 = ORIENTED_EDGE('',*,*,#1691,.T.);
#1713 = ORIENTED_EDGE('',*,*,#1714,.T.);
#1714 = EDGE_CURVE('',#1684,#1715,#1717,.T.);
#1715 = VERTEX_POINT('',#1716);
#1716 = CARTESIAN_POINT('',(90.64375,-140.9375,1.59));
#1717 = LINE('',#1718,#1719);
#1718 = CARTESIAN_POINT('',(89.64375,-141.9375,1.59));
#1719 = VECTOR('',#1720,1.);
#1720 = DIRECTION('',(0.707106781187,0.707106781187,0.));
#1721 = ORIENTED_EDGE('',*,*,#1722,.F.);
#1722 = EDGE_CURVE('',#1723,#1715,#1725,.T.);
#1723 = VERTEX_POINT('',#1724);
#1724 = CARTESIAN_POINT('',(90.64375,-140.9375,0.));
#1725 = LINE('',#1726,#1727);
#1726 = CARTESIAN_POINT('',(90.64375,-140.9375,0.));
#1727 = VECTOR('',#1728,1.);
#1728 = DIRECTION('',(0.,0.,1.));
#1729 = ORIENTED_EDGE('',*,*,#1730,.F.);
#1730 = EDGE_CURVE('',#1692,#1723,#1731,.T.);
#1731 = LINE('',#1732,#1733);
#1732 = CARTESIAN_POINT('',(89.64375,-141.9375,0.));
#1733 = VECTOR('',#1734,1.);
#1734 = DIRECTION('',(0.707106781187,0.707106781187,0.));
#1735 = PLANE('',#1736);
#1736 = AXIS2_PLACEMENT_3D('',#1737,#1738,#1739);
#1737 = CARTESIAN_POINT('',(89.64375,-141.9375,0.));
#1738 = DIRECTION('',(-0.707106781187,0.707106781187,0.));
#1739 = DIRECTION('',(0.707106781187,0.707106781187,0.));
#1740 = ADVANCED_FACE('',(#1741),#1766,.T.);
#1741 = FACE_BOUND('',#1742,.T.);
#1742 = EDGE_LOOP('',(#1743,#1744,#1752,#1760));
#1743 = ORIENTED_EDGE('',*,*,#1722,.T.);
#1744 = ORIENTED_EDGE('',*,*,#1745,.T.);
#1745 = EDGE_CURVE('',#1715,#1746,#1748,.T.);
#1746 = VERTEX_POINT('',#1747);
#1747 = CARTESIAN_POINT('',(90.64375,-128.9375,1.59));
#1748 = LINE('',#1749,#1750);
#1749 = CARTESIAN_POINT('',(90.64375,-140.9375,1.59));
#1750 = VECTOR('',#1751,1.);
#1751 = DIRECTION('',(0.,1.,0.));
#1752 = ORIENTED_EDGE('',*,*,#1753,.F.);
#1753 = EDGE_CURVE('',#1754,#1746,#1756,.T.);
#1754 = VERTEX_POINT('',#1755);
#1755 = CARTESIAN_POINT('',(90.64375,-128.9375,0.));
#1756 = LINE('',#1757,#1758);
#1757 = CARTESIAN_POINT('',(90.64375,-128.9375,0.));
#1758 = VECTOR('',#1759,1.);
#1759 = DIRECTION('',(0.,0.,1.));
#1760 = ORIENTED_EDGE('',*,*,#1761,.F.);
#1761 = EDGE_CURVE('',#1723,#1754,#1762,.T.);
#1762 = LINE('',#1763,#1764);
#1763 = CARTESIAN_POINT('',(90.64375,-140.9375,0.));
#1764 = VECTOR('',#1765,1.);
#1765 = DIRECTION('',(0.,1.,0.));
#1766 = PLANE('',#1767);
#1767 = AXIS2_PLACEMENT_3D('',#1768,#1769,#1770);
#1768 = CARTESIAN_POINT('',(90.64375,-140.9375,0.));
#1769 = DIRECTION('',(-1.,0.,0.));
#1770 = DIRECTION('',(0.,1.,0.));
#1771 = ADVANCED_FACE('',(#1772),#1797,.T.);
#1772 = FACE_BOUND('',#1773,.T.);
#1773 = EDGE_LOOP('',(#1774,#1775,#1783,#1791));
#1774 = ORIENTED_EDGE('',*,*,#1753,.T.);
#1775 = ORIENTED_EDGE('',*,*,#1776,.T.);
#1776 = EDGE_CURVE('',#1746,#1777,#1779,.T.);
#1777 = VERTEX_POINT('',#1778);
#1778 = CARTESIAN_POINT('',(89.64375,-127.9375,1.59));
#1779 = LINE('',#1780,#1781);
#1780 = CARTESIAN_POINT('',(90.64375,-128.9375,1.59));
#1781 = VECTOR('',#1782,1.);
#1782 = DIRECTION('',(-0.707106781187,0.707106781187,0.));
#1783 = ORIENTED_EDGE('',*,*,#1784,.F.);
#1784 = EDGE_CURVE('',#1785,#1777,#1787,.T.);
#1785 = VERTEX_POINT('',#1786);
#1786 = CARTESIAN_POINT('',(89.64375,-127.9375,0.));
#1787 = LINE('',#1788,#1789);
#1788 = CARTESIAN_POINT('',(89.64375,-127.9375,0.));
#1789 = VECTOR('',#1790,1.);
#1790 = DIRECTION('',(0.,0.,1.));
#1791 = ORIENTED_EDGE('',*,*,#1792,.F.);
#1792 = EDGE_CURVE('',#1754,#1785,#1793,.T.);
#1793 = LINE('',#1794,#1795);
#1794 = CARTESIAN_POINT('',(90.64375,-128.9375,0.));
#1795 = VECTOR('',#1796,1.);
#1796 = DIRECTION('',(-0.707106781187,0.707106781187,0.));
#1797 = PLANE('',#1798);
#1798 = AXIS2_PLACEMENT_3D('',#1799,#1800,#1801);
#1799 = CARTESIAN_POINT('',(90.64375,-128.9375,0.));
#1800 = DIRECTION('',(-0.707106781187,-0.707106781187,0.));
#1801 = DIRECTION('',(-0.707106781187,0.707106781187,0.));
#1802 = ADVANCED_FACE('',(#1803),#1828,.T.);
#1803 = FACE_BOUND('',#1804,.T.);
#1804 = EDGE_LOOP('',(#1805,#1806,#1814,#1822));
#1805 = ORIENTED_EDGE('',*,*,#1784,.T.);
#1806 = ORIENTED_EDGE('',*,*,#1807,.T.);
#1807 = EDGE_CURVE('',#1777,#1808,#1810,.T.);
#1808 = VERTEX_POINT('',#1809);
#1809 = CARTESIAN_POINT('',(77.04375,-127.9375,1.59));
#1810 = LINE('',#1811,#1812);
#1811 = CARTESIAN_POINT('',(89.64375,-127.9375,1.59));
#1812 = VECTOR('',#1813,1.);
#1813 = DIRECTION('',(-1.,0.,0.));
#1814 = ORIENTED_EDGE('',*,*,#1815,.F.);
#1815 = EDGE_CURVE('',#1816,#1808,#1818,.T.);
#1816 = VERTEX_POINT('',#1817);
#1817 = CARTESIAN_POINT('',(77.04375,-127.9375,0.));
#1818 = LINE('',#1819,#1820);
#1819 = CARTESIAN_POINT('',(77.04375,-127.9375,0.));
#1820 = VECTOR('',#1821,1.);
#1821 = DIRECTION('',(0.,0.,1.));
#1822 = ORIENTED_EDGE('',*,*,#1823,.F.);
#1823 = EDGE_CURVE('',#1785,#1816,#1824,.T.);
#1824 = LINE('',#1825,#1826);
#1825 = CARTESIAN_POINT('',(89.64375,-127.9375,0.));
#1826 = VECTOR('',#1827,1.);
#1827 = DIRECTION('',(-1.,0.,0.));
#1828 = PLANE('',#1829);
#1829 = AXIS2_PLACEMENT_3D('',#1830,#1831,#1832);
#1830 = CARTESIAN_POINT('',(89.64375,-127.9375,0.));
#1831 = DIRECTION('',(0.,-1.,0.));
#1832 = DIRECTION('',(-1.,0.,0.));
#1833 = ADVANCED_FACE('',(#1834),#1850,.T.);
#1834 = FACE_BOUND('',#1835,.T.);
#1835 = EDGE_LOOP('',(#1836,#1837,#1843,#1844));
#1836 = ORIENTED_EDGE('',*,*,#1815,.T.);
#1837 = ORIENTED_EDGE('',*,*,#1838,.T.);
#1838 = EDGE_CURVE('',#1808,#1614,#1839,.T.);
#1839 = LINE('',#1840,#1841);
#1840 = CARTESIAN_POINT('',(77.04375,-127.9375,1.59));
#1841 = VECTOR('',#1842,1.);
#1842 = DIRECTION('',(-0.707106781187,-0.707106781187,0.));
#1843 = ORIENTED_EDGE('',*,*,#1611,.F.);
#1844 = ORIENTED_EDGE('',*,*,#1845,.F.);
#1845 = EDGE_CURVE('',#1816,#1612,#1846,.T.);
#1846 = LINE('',#1847,#1848);
#1847 = CARTESIAN_POINT('',(77.04375,-127.9375,0.));
#1848 = VECTOR('',#1849,1.);
#1849 = DIRECTION('',(-0.707106781187,-0.707106781187,0.));
#1850 = PLANE('',#1851);
#1851 = AXIS2_PLACEMENT_3D('',#1852,#1853,#1854);
#1852 = CARTESIAN_POINT('',(77.04375,-127.9375,0.));
#1853 = DIRECTION('',(0.707106781187,-0.707106781187,0.));
#1854 = DIRECTION('',(-0.707106781187,-0.707106781187,0.));
#1855 = ADVANCED_FACE('',(#1856),#1890,.T.);
#1856 = FACE_BOUND('',#1857,.T.);
#1857 = EDGE_LOOP('',(#1858,#1868,#1876,#1884));
#1858 = ORIENTED_EDGE('',*,*,#1859,.T.);
#1859 = EDGE_CURVE('',#1860,#1862,#1864,.T.);
#1860 = VERTEX_POINT('',#1861);
#1861 = CARTESIAN_POINT('',(147.48125,-128.9375,0.));
#1862 = VERTEX_POINT('',#1863);
#1863 = CARTESIAN_POINT('',(147.48125,-128.9375,1.59));
#1864 = LINE('',#1865,#1866);
#1865 = CARTESIAN_POINT('',(147.48125,-128.9375,0.));
#1866 = VECTOR('',#1867,1.);
#1867 = DIRECTION('',(0.,0.,1.));
#1868 = ORIENTED_EDGE('',*,*,#1869,.T.);
#1869 = EDGE_CURVE('',#1862,#1870,#1872,.T.);
#1870 = VERTEX_POINT('',#1871);
#1871 = CARTESIAN_POINT('',(147.48125,-140.9375,1.59));
#1872 = LINE('',#1873,#1874);
#1873 = CARTESIAN_POINT('',(147.48125,-128.9375,1.59));
#1874 = VECTOR('',#1875,1.);
#1875 = DIRECTION('',(0.,-1.,0.));
#1876 = ORIENTED_EDGE('',*,*,#1877,.F.);
#1877 = EDGE_CURVE('',#1878,#1870,#1880,.T.);
#1878 = VERTEX_POINT('',#1879);
#1879 = CARTESIAN_POINT('',(147.48125,-140.9375,0.));
#1880 = LINE('',#1881,#1882);
#1881 = CARTESIAN_POINT('',(147.48125,-140.9375,0.));
#1882 = VECTOR('',#1883,1.);
#1883 = DIRECTION('',(0.,0.,1.));
#1884 = ORIENTED_EDGE('',*,*,#1885,.F.);
#1885 = EDGE_CURVE('',#1860,#1878,#1886,.T.);
#1886 = LINE('',#1887,#1888);
#1887 = CARTESIAN_POINT('',(147.48125,-128.9375,0.));
#1888 = VECTOR('',#1889,1.);
#1889 = DIRECTION('',(0.,-1.,0.));
#1890 = PLANE('',#1891);
#1891 = AXIS2_PLACEMENT_3D('',#1892,#1893,#1894);
#1892 = CARTESIAN_POINT('',(147.48125,-128.9375,0.));
#1893 = DIRECTION('',(1.,0.,-0.));
#1894 = DIRECTION('',(0.,-1.,0.));
#1895 = ADVANCED_FACE('',(#1896),#1921,.T.);
#1896 = FACE_BOUND('',#1897,.T.);
#1897 = EDGE_LOOP('',(#1898,#1899,#1907,#1915));
#1898 = ORIENTED_EDGE('',*,*,#1877,.T.);
#1899 = ORIENTED_EDGE('',*,*,#1900,.T.);
#1900 = EDGE_CURVE('',#1870,#1901,#1903,.T.);
#1901 = VERTEX_POINT('',#1902);
#1902 = CARTESIAN_POINT('',(148.48125,-141.9375,1.59));
#1903 = LINE('',#1904,#1905);
#1904 = CARTESIAN_POINT('',(147.48125,-140.9375,1.59));
#1905 = VECTOR('',#1906,1.);
#1906 = DIRECTION('',(0.707106781187,-0.707106781187,0.));
#1907 = ORIENTED_EDGE('',*,*,#1908,.F.);
#1908 = EDGE_CURVE('',#1909,#1901,#1911,.T.);
#1909 = VERTEX_POINT('',#1910);
#1910 = CARTESIAN_POINT('',(148.48125,-141.9375,0.));
#1911 = LINE('',#1912,#1913);
#1912 = CARTESIAN_POINT('',(148.48125,-141.9375,0.));
#1913 = VECTOR('',#1914,1.);
#1914 = DIRECTION('',(0.,0.,1.));
#1915 = ORIENTED_EDGE('',*,*,#1916,.F.);
#1916 = EDGE_CURVE('',#1878,#1909,#1917,.T.);
#1917 = LINE('',#1918,#1919);
#1918 = CARTESIAN_POINT('',(147.48125,-140.9375,0.));
#1919 = VECTOR('',#1920,1.);
#1920 = DIRECTION('',(0.707106781187,-0.707106781187,0.));
#1921 = PLANE('',#1922);
#1922 = AXIS2_PLACEMENT_3D('',#1923,#1924,#1925);
#1923 = CARTESIAN_POINT('',(147.48125,-140.9375,0.));
#1924 = DIRECTION('',(0.707106781187,0.707106781187,-0.));
#1925 = DIRECTION('',(0.707106781187,-0.707106781187,0.));
#1926 = ADVANCED_FACE('',(#1927),#1952,.T.);
#1927 = FACE_BOUND('',#1928,.T.);
#1928 = EDGE_LOOP('',(#1929,#1930,#1938,#1946));
#1929 = ORIENTED_EDGE('',*,*,#1908,.T.);
#1930 = ORIENTED_EDGE('',*,*,#1931,.T.);
#1931 = EDGE_CURVE('',#1901,#1932,#1934,.T.);
#1932 = VERTEX_POINT('',#1933);
#1933 = CARTESIAN_POINT('',(161.08125,-141.9375,1.59));
#1934 = LINE('',#1935,#1936);
#1935 = CARTESIAN_POINT('',(148.48125,-141.9375,1.59));
#1936 = VECTOR('',#1937,1.);
#1937 = DIRECTION('',(1.,0.,0.));
#1938 = ORIENTED_EDGE('',*,*,#1939,.F.);
#1939 = EDGE_CURVE('',#1940,#1932,#1942,.T.);
#1940 = VERTEX_POINT('',#1941);
#1941 = CARTESIAN_POINT('',(161.08125,-141.9375,0.));
#1942 = LINE('',#1943,#1944);
#1943 = CARTESIAN_POINT('',(161.08125,-141.9375,0.));
#1944 = VECTOR('',#1945,1.);
#1945 = DIRECTION('',(0.,0.,1.));
#1946 = ORIENTED_EDGE('',*,*,#1947,.F.);
#1947 = EDGE_CURVE('',#1909,#1940,#1948,.T.);
#1948 = LINE('',#1949,#1950);
#1949 = CARTESIAN_POINT('',(148.48125,-141.9375,0.));
#1950 = VECTOR('',#1951,1.);
#1951 = DIRECTION('',(1.,0.,0.));
#1952 = PLANE('',#1953);
#1953 = AXIS2_PLACEMENT_3D('',#1954,#1955,#1956);
#1954 = CARTESIAN_POINT('',(148.48125,-141.9375,0.));
#1955 = DIRECTION('',(0.,1.,0.));
#1956 = DIRECTION('',(1.,0.,0.));
#1957 = ADVANCED_FACE('',(#1958),#1983,.T.);
#1958 = FACE_BOUND('',#1959,.T.);
#1959 = EDGE_LOOP('',(#1960,#1961,#1969,#1977));
#1960 = ORIENTED_EDGE('',*,*,#1939,.T.);
#1961 = ORIENTED_EDGE('',*,*,#1962,.T.);
#1962 = EDGE_CURVE('',#1932,#1963,#1965,.T.);
#1963 = VERTEX_POINT('',#1964);
#1964 = CARTESIAN_POINT('',(162.08125,-140.9375,1.59));
#1965 = LINE('',#1966,#1967);
#1966 = CARTESIAN_POINT('',(161.08125,-141.9375,1.59));
#1967 = VECTOR('',#1968,1.);
#1968 = DIRECTION('',(0.707106781187,0.707106781187,0.));
#1969 = ORIENTED_EDGE('',*,*,#1970,.F.);
#1970 = EDGE_CURVE('',#1971,#1963,#1973,.T.);
#1971 = VERTEX_POINT('',#1972);
#1972 = CARTESIAN_POINT('',(162.08125,-140.9375,0.));
#1973 = LINE('',#1974,#1975);
#1974 = CARTESIAN_POINT('',(162.08125,-140.9375,0.));
#1975 = VECTOR('',#1976,1.);
#1976 = DIRECTION('',(0.,0.,1.));
#1977 = ORIENTED_EDGE('',*,*,#1978,.F.);
#1978 = EDGE_CURVE('',#1940,#1971,#1979,.T.);
#1979 = LINE('',#1980,#1981);
#1980 = CARTESIAN_POINT('',(161.08125,-141.9375,0.));
#1981 = VECTOR('',#1982,1.);
#1982 = DIRECTION('',(0.707106781187,0.707106781187,0.));
#1983 = PLANE('',#1984);
#1984 = AXIS2_PLACEMENT_3D('',#1985,#1986,#1987);
#1985 = CARTESIAN_POINT('',(161.08125,-141.9375,0.));
#1986 = DIRECTION('',(-0.707106781187,0.707106781187,0.));
#1987 = DIRECTION('',(0.707106781187,0.707106781187,0.));
#1988 = ADVANCED_FACE('',(#1989),#2014,.T.);
#1989 = FACE_BOUND('',#1990,.T.);
#1990 = EDGE_LOOP('',(#1991,#1992,#2000,#2008));
#1991 = ORIENTED_EDGE('',*,*,#1970,.T.);
#1992 = ORIENTED_EDGE('',*,*,#1993,.T.);
#1993 = EDGE_CURVE('',#1963,#1994,#1996,.T.);
#1994 = VERTEX_POINT('',#1995);
#1995 = CARTESIAN_POINT('',(162.08125,-128.9375,1.59));
#1996 = LINE('',#1997,#1998);
#1997 = CARTESIAN_POINT('',(162.08125,-140.9375,1.59));
#1998 = VECTOR('',#1999,1.);
#1999 = DIRECTION('',(0.,1.,0.));
#2000 = ORIENTED_EDGE('',*,*,#2001,.F.);
#2001 = EDGE_CURVE('',#2002,#1994,#2004,.T.);
#2002 = VERTEX_POINT('',#2003);
#2003 = CARTESIAN_POINT('',(162.08125,-128.9375,0.));
#2004 = LINE('',#2005,#2006);
#2005 = CARTESIAN_POINT('',(162.08125,-128.9375,0.));
#2006 = VECTOR('',#2007,1.);
#2007 = DIRECTION('',(0.,0.,1.));
#2008 = ORIENTED_EDGE('',*,*,#2009,.F.);
#2009 = EDGE_CURVE('',#1971,#2002,#2010,.T.);
#2010 = LINE('',#2011,#2012);
#2011 = CARTESIAN_POINT('',(162.08125,-140.9375,0.));
#2012 = VECTOR('',#2013,1.);
#2013 = DIRECTION('',(0.,1.,0.));
#2014 = PLANE('',#2015);
#2015 = AXIS2_PLACEMENT_3D('',#2016,#2017,#2018);
#2016 = CARTESIAN_POINT('',(162.08125,-140.9375,0.));
#2017 = DIRECTION('',(-1.,0.,0.));
#2018 = DIRECTION('',(0.,1.,0.));
#2019 = ADVANCED_FACE('',(#2020),#2045,.T.);
#2020 = FACE_BOUND('',#2021,.T.);
#2021 = EDGE_LOOP('',(#2022,#2023,#2031,#2039));
#2022 = ORIENTED_EDGE('',*,*,#2001,.T.);
#2023 = ORIENTED_EDGE('',*,*,#2024,.T.);
#2024 = EDGE_CURVE('',#1994,#2025,#2027,.T.);
#2025 = VERTEX_POINT('',#2026);
#2026 = CARTESIAN_POINT('',(161.08125,-127.9375,1.59));
#2027 = LINE('',#2028,#2029);
#2028 = CARTESIAN_POINT('',(162.08125,-128.9375,1.59));
#2029 = VECTOR('',#2030,1.);
#2030 = DIRECTION('',(-0.707106781187,0.707106781187,0.));
#2031 = ORIENTED_EDGE('',*,*,#2032,.F.);
#2032 = EDGE_CURVE('',#2033,#2025,#2035,.T.);
#2033 = VERTEX_POINT('',#2034);
#2034 = CARTESIAN_POINT('',(161.08125,-127.9375,0.));
#2035 = LINE('',#2036,#2037);
#2036 = CARTESIAN_POINT('',(161.08125,-127.9375,0.));
#2037 = VECTOR('',#2038,1.);
#2038 = DIRECTION('',(0.,0.,1.));
#2039 = ORIENTED_EDGE('',*,*,#2040,.F.);
#2040 = EDGE_CURVE('',#2002,#2033,#2041,.T.);
#2041 = LINE('',#2042,#2043);
#2042 = CARTESIAN_POINT('',(162.08125,-128.9375,0.));
#2043 = VECTOR('',#2044,1.);
#2044 = DIRECTION('',(-0.707106781187,0.707106781187,0.));
#2045 = PLANE('',#2046);
#2046 = AXIS2_PLACEMENT_3D('',#2047,#2048,#2049);
#2047 = CARTESIAN_POINT('',(162.08125,-128.9375,0.));
#2048 = DIRECTION('',(-0.707106781187,-0.707106781187,0.));
#2049 = DIRECTION('',(-0.707106781187,0.707106781187,0.));
#2050 = ADVANCED_FACE('',(#2051),#2076,.T.);
#2051 = FACE_BOUND('',#2052,.T.);
#2052 = EDGE_LOOP('',(#2053,#2054,#2062,#2070));
#2053 = ORIENTED_EDGE('',*,*,#2032,.T.);
#2054 = ORIENTED_EDGE('',*,*,#2055,.T.);
#2055 = EDGE_CURVE('',#2025,#2056,#2058,.T.);
#2056 = VERTEX_POINT('',#2057);
#2057 = CARTESIAN_POINT('',(148.48125,-127.9375,1.59));
#2058 = LINE('',#2059,#2060);
#2059 = CARTESIAN_POINT('',(161.08125,-127.9375,1.59));
#2060 = VECTOR('',#2061,1.);
#2061 = DIRECTION('',(-1.,0.,0.));
#2062 = ORIENTED_EDGE('',*,*,#2063,.F.);
#2063 = EDGE_CURVE('',#2064,#2056,#2066,.T.);
#2064 = VERTEX_POINT('',#2065);
#2065 = CARTESIAN_POINT('',(148.48125,-127.9375,0.));
#2066 = LINE('',#2067,#2068);
#2067 = CARTESIAN_POINT('',(148.48125,-127.9375,0.));
#2068 = VECTOR('',#2069,1.);
#2069 = DIRECTION('',(0.,0.,1.));
#2070 = ORIENTED_EDGE('',*,*,#2071,.F.);
#2071 = EDGE_CURVE('',#2033,#2064,#2072,.T.);
#2072 = LINE('',#2073,#2074);
#2073 = CARTESIAN_POINT('',(161.08125,-127.9375,0.));
#2074 = VECTOR('',#2075,1.);
#2075 = DIRECTION('',(-1.,0.,0.));
#2076 = PLANE('',#2077);
#2077 = AXIS2_PLACEMENT_3D('',#2078,#2079,#2080);
#2078 = CARTESIAN_POINT('',(161.08125,-127.9375,0.));
#2079 = DIRECTION('',(0.,-1.,0.));
#2080 = DIRECTION('',(-1.,0.,0.));
#2081 = ADVANCED_FACE('',(#2082),#2098,.T.);
#2082 = FACE_BOUND('',#2083,.T.);
#2083 = EDGE_LOOP('',(#2084,#2085,#2091,#2092));
#2084 = ORIENTED_EDGE('',*,*,#2063,.T.);
#2085 = ORIENTED_EDGE('',*,*,#2086,.T.);
#2086 = EDGE_CURVE('',#2056,#1862,#2087,.T.);
#2087 = LINE('',#2088,#2089);
#2088 = CARTESIAN_POINT('',(148.48125,-127.9375,1.59));
#2089 = VECTOR('',#2090,1.);
#2090 = DIRECTION('',(-0.707106781187,-0.707106781187,0.));
#2091 = ORIENTED_EDGE('',*,*,#1859,.F.);
#2092 = ORIENTED_EDGE('',*,*,#2093,.F.);
#2093 = EDGE_CURVE('',#2064,#1860,#2094,.T.);
#2094 = LINE('',#2095,#2096);
#2095 = CARTESIAN_POINT('',(148.48125,-127.9375,0.));
#2096 = VECTOR('',#2097,1.);
#2097 = DIRECTION('',(-0.707106781187,-0.707106781187,0.));
#2098 = PLANE('',#2099);
#2099 = AXIS2_PLACEMENT_3D('',#2100,#2101,#2102);
#2100 = CARTESIAN_POINT('',(148.48125,-127.9375,0.));
#2101 = DIRECTION('',(0.707106781187,-0.707106781187,0.));
#2102 = DIRECTION('',(-0.707106781187,-0.707106781187,0.));
#2103 = ADVANCED_FACE('',(#2104),#2138,.T.);
#2104 = FACE_BOUND('',#2105,.T.);
#2105 = EDGE_LOOP('',(#2106,#2116,#2124,#2132));
#2106 = ORIENTED_EDGE('',*,*,#2107,.T.);
#2107 = EDGE_CURVE('',#2108,#2110,#2112,.T.);
#2108 = VERTEX_POINT('',#2109);
#2109 = CARTESIAN_POINT('',(216.5375,-128.9375,0.));
#2110 = VERTEX_POINT('',#2111);
#2111 = CARTESIAN_POINT('',(216.5375,-128.9375,1.59));
#2112 = LINE('',#2113,#2114);
#2113 = CARTESIAN_POINT('',(216.5375,-128.9375,0.));
#2114 = VECTOR('',#2115,1.);
#2115 = DIRECTION('',(0.,0.,1.));
#2116 = ORIENTED_EDGE('',*,*,#2117,.T.);
#2117 = EDGE_CURVE('',#2110,#2118,#2120,.T.);
#2118 = VERTEX_POINT('',#2119);
#2119 = CARTESIAN_POINT('',(216.5375,-140.9375,1.59));
#2120 = LINE('',#2121,#2122);
#2121 = CARTESIAN_POINT('',(216.5375,-128.9375,1.59));
#2122 = VECTOR('',#2123,1.);
#2123 = DIRECTION('',(0.,-1.,0.));
#2124 = ORIENTED_EDGE('',*,*,#2125,.F.);
#2125 = EDGE_CURVE('',#2126,#2118,#2128,.T.);
#2126 = VERTEX_POINT('',#2127);
#2127 = CARTESIAN_POINT('',(216.5375,-140.9375,0.));
#2128 = LINE('',#2129,#2130);
#2129 = CARTESIAN_POINT('',(216.5375,-140.9375,0.));
#2130 = VECTOR('',#2131,1.);
#2131 = DIRECTION('',(0.,0.,1.));
#2132 = ORIENTED_EDGE('',*,*,#2133,.F.);
#2133 = EDGE_CURVE('',#2108,#2126,#2134,.T.);
#2134 = LINE('',#2135,#2136);
#2135 = CARTESIAN_POINT('',(216.5375,-128.9375,0.));
#2136 = VECTOR('',#2137,1.);
#2137 = DIRECTION('',(0.,-1.,0.));
#2138 = PLANE('',#2139);
#2139 = AXIS2_PLACEMENT_3D('',#2140,#2141,#2142);
#2140 = CARTESIAN_POINT('',(216.5375,-128.9375,0.));
#2141 = DIRECTION('',(1.,0.,-0.));
#2142 = DIRECTION('',(0.,-1.,0.));
#2143 = ADVANCED_FACE('',(#2144),#2169,.T.);
#2144 = FACE_BOUND('',#2145,.T.);
#2145 = EDGE_LOOP('',(#2146,#2147,#2155,#2163));
#2146 = ORIENTED_EDGE('',*,*,#2125,.T.);
#2147 = ORIENTED_EDGE('',*,*,#2148,.T.);
#2148 = EDGE_CURVE('',#2118,#2149,#2151,.T.);
#2149 = VERTEX_POINT('',#2150);
#2150 = CARTESIAN_POINT('',(217.5375,-141.9375,1.59));
#2151 = LINE('',#2152,#2153);
#2152 = CARTESIAN_POINT('',(216.5375,-140.9375,1.59));
#2153 = VECTOR('',#2154,1.);
#2154 = DIRECTION('',(0.707106781187,-0.707106781187,0.));
#2155 = ORIENTED_EDGE('',*,*,#2156,.F.);
#2156 = EDGE_CURVE('',#2157,#2149,#2159,.T.);
#2157 = VERTEX_POINT('',#2158);
#2158 = CARTESIAN_POINT('',(217.5375,-141.9375,0.));
#2159 = LINE('',#2160,#2161);
#2160 = CARTESIAN_POINT('',(217.5375,-141.9375,0.));
#2161 = VECTOR('',#2162,1.);
#2162 = DIRECTION('',(0.,0.,1.));
#2163 = ORIENTED_EDGE('',*,*,#2164,.F.);
#2164 = EDGE_CURVE('',#2126,#2157,#2165,.T.);
#2165 = LINE('',#2166,#2167);
#2166 = CARTESIAN_POINT('',(216.5375,-140.9375,0.));
#2167 = VECTOR('',#2168,1.);
#2168 = DIRECTION('',(0.707106781187,-0.707106781187,0.));
#2169 = PLANE('',#2170);
#2170 = AXIS2_PLACEMENT_3D('',#2171,#2172,#2173);
#2171 = CARTESIAN_POINT('',(216.5375,-140.9375,0.));
#2172 = DIRECTION('',(0.707106781187,0.707106781187,-0.));
#2173 = DIRECTION('',(0.707106781187,-0.707106781187,0.));
#2174 = ADVANCED_FACE('',(#2175),#2200,.T.);
#2175 = FACE_BOUND('',#2176,.T.);
#2176 = EDGE_LOOP('',(#2177,#2178,#2186,#2194));
#2177 = ORIENTED_EDGE('',*,*,#2156,.T.);
#2178 = ORIENTED_EDGE('',*,*,#2179,.T.);
#2179 = EDGE_CURVE('',#2149,#2180,#2182,.T.);
#2180 = VERTEX_POINT('',#2181);
#2181 = CARTESIAN_POINT('',(230.1375,-141.9375,1.59));
#2182 = LINE('',#2183,#2184);
#2183 = CARTESIAN_POINT('',(217.5375,-141.9375,1.59));
#2184 = VECTOR('',#2185,1.);
#2185 = DIRECTION('',(1.,0.,0.));
#2186 = ORIENTED_EDGE('',*,*,#2187,.F.);
#2187 = EDGE_CURVE('',#2188,#2180,#2190,.T.);
#2188 = VERTEX_POINT('',#2189);
#2189 = CARTESIAN_POINT('',(230.1375,-141.9375,0.));
#2190 = LINE('',#2191,#2192);
#2191 = CARTESIAN_POINT('',(230.1375,-141.9375,0.));
#2192 = VECTOR('',#2193,1.);
#2193 = DIRECTION('',(0.,0.,1.));
#2194 = ORIENTED_EDGE('',*,*,#2195,.F.);
#2195 = EDGE_CURVE('',#2157,#2188,#2196,.T.);
#2196 = LINE('',#2197,#2198);
#2197 = CARTESIAN_POINT('',(217.5375,-141.9375,0.));
#2198 = VECTOR('',#2199,1.);
#2199 = DIRECTION('',(1.,0.,0.));
#2200 = PLANE('',#2201);
#2201 = AXIS2_PLACEMENT_3D('',#2202,#2203,#2204);
#2202 = CARTESIAN_POINT('',(217.5375,-141.9375,0.));
#2203 = DIRECTION('',(0.,1.,0.));
#2204 = DIRECTION('',(1.,0.,0.));
#2205 = ADVANCED_FACE('',(#2206),#2231,.T.);
#2206 = FACE_BOUND('',#2207,.T.);
#2207 = EDGE_LOOP('',(#2208,#2209,#2217,#2225));
#2208 = ORIENTED_EDGE('',*,*,#2187,.T.);
#2209 = ORIENTED_EDGE('',*,*,#2210,.T.);
#2210 = EDGE_CURVE('',#2180,#2211,#2213,.T.);
#2211 = VERTEX_POINT('',#2212);
#2212 = CARTESIAN_POINT('',(231.1375,-140.9375,1.59));
#2213 = LINE('',#2214,#2215);
#2214 = CARTESIAN_POINT('',(230.1375,-141.9375,1.59));
#2215 = VECTOR('',#2216,1.);
#2216 = DIRECTION('',(0.707106781187,0.707106781187,0.));
#2217 = ORIENTED_EDGE('',*,*,#2218,.F.);
#2218 = EDGE_CURVE('',#2219,#2211,#2221,.T.);
#2219 = VERTEX_POINT('',#2220);
#2220 = CARTESIAN_POINT('',(231.1375,-140.9375,0.));
#2221 = LINE('',#2222,#2223);
#2222 = CARTESIAN_POINT('',(231.1375,-140.9375,0.));
#2223 = VECTOR('',#2224,1.);
#2224 = DIRECTION('',(0.,0.,1.));
#2225 = ORIENTED_EDGE('',*,*,#2226,.F.);
#2226 = EDGE_CURVE('',#2188,#2219,#2227,.T.);
#2227 = LINE('',#2228,#2229);
#2228 = CARTESIAN_POINT('',(230.1375,-141.9375,0.));
#2229 = VECTOR('',#2230,1.);
#2230 = DIRECTION('',(0.707106781187,0.707106781187,0.));
#2231 = PLANE('',#2232);
#2232 = AXIS2_PLACEMENT_3D('',#2233,#2234,#2235);
#2233 = CARTESIAN_POINT('',(230.1375,-141.9375,0.));
#2234 = DIRECTION('',(-0.707106781187,0.707106781187,0.));
#2235 = DIRECTION('',(0.707106781187,0.707106781187,0.));
#2236 = ADVANCED_FACE('',(#2237),#2262,.T.);
#2237 = FACE_BOUND('',#2238,.T.);
#2238 = EDGE_LOOP('',(#2239,#2240,#2248,#2256));
#2239 = ORIENTED_EDGE('',*,*,#2218,.T.);
#2240 = ORIENTED_EDGE('',*,*,#2241,.T.);
#2241 = EDGE_CURVE('',#2211,#2242,#2244,.T.);
#2242 = VERTEX_POINT('',#2243);
#2243 = CARTESIAN_POINT('',(231.1375,-128.9375,1.59));
#2244 = LINE('',#2245,#2246);
#2245 = CARTESIAN_POINT('',(231.1375,-140.9375,1.59));
#2246 = VECTOR('',#2247,1.);
#2247 = DIRECTION('',(0.,1.,0.));
#2248 = ORIENTED_EDGE('',*,*,#2249,.F.);
#2249 = EDGE_CURVE('',#2250,#2242,#2252,.T.);
#2250 = VERTEX_POINT('',#2251);
#2251 = CARTESIAN_POINT('',(231.1375,-128.9375,0.));
#2252 = LINE('',#2253,#2254);
#2253 = CARTESIAN_POINT('',(231.1375,-128.9375,0.));
#2254 = VECTOR('',#2255,1.);
#2255 = DIRECTION('',(0.,0.,1.));
#2256 = ORIENTED_EDGE('',*,*,#2257,.F.);
#2257 = EDGE_CURVE('',#2219,#2250,#2258,.T.);
#2258 = LINE('',#2259,#2260);
#2259 = CARTESIAN_POINT('',(231.1375,-140.9375,0.));
#2260 = VECTOR('',#2261,1.);
#2261 = DIRECTION('',(0.,1.,0.));
#2262 = PLANE('',#2263);
#2263 = AXIS2_PLACEMENT_3D('',#2264,#2265,#2266);
#2264 = CARTESIAN_POINT('',(231.1375,-140.9375,0.));
#2265 = DIRECTION('',(-1.,0.,0.));
#2266 = DIRECTION('',(0.,1.,0.));
#2267 = ADVANCED_FACE('',(#2268),#2293,.T.);
#2268 = FACE_BOUND('',#2269,.T.);
#2269 = EDGE_LOOP('',(#2270,#2271,#2279,#2287));
#2270 = ORIENTED_EDGE('',*,*,#2249,.T.);
#2271 = ORIENTED_EDGE('',*,*,#2272,.T.);
#2272 = EDGE_CURVE('',#2242,#2273,#2275,.T.);
#2273 = VERTEX_POINT('',#2274);
#2274 = CARTESIAN_POINT('',(230.1375,-127.9375,1.59));
#2275 = LINE('',#2276,#2277);
#2276 = CARTESIAN_POINT('',(231.1375,-128.9375,1.59));
#2277 = VECTOR('',#2278,1.);
#2278 = DIRECTION('',(-0.707106781187,0.707106781187,0.));
#2279 = ORIENTED_EDGE('',*,*,#2280,.F.);
#2280 = EDGE_CURVE('',#2281,#2273,#2283,.T.);
#2281 = VERTEX_POINT('',#2282);
#2282 = CARTESIAN_POINT('',(230.1375,-127.9375,0.));
#2283 = LINE('',#2284,#2285);
#2284 = CARTESIAN_POINT('',(230.1375,-127.9375,0.));
#2285 = VECTOR('',#2286,1.);
#2286 = DIRECTION('',(0.,0.,1.));
#2287 = ORIENTED_EDGE('',*,*,#2288,.F.);
#2288 = EDGE_CURVE('',#2250,#2281,#2289,.T.);
#2289 = LINE('',#2290,#2291);
#2290 = CARTESIAN_POINT('',(231.1375,-128.9375,0.));
#2291 = VECTOR('',#2292,1.);
#2292 = DIRECTION('',(-0.707106781187,0.707106781187,0.));
#2293 = PLANE('',#2294);
#2294 = AXIS2_PLACEMENT_3D('',#2295,#2296,#2297);
#2295 = CARTESIAN_POINT('',(231.1375,-128.9375,0.));
#2296 = DIRECTION('',(-0.707106781187,-0.707106781187,0.));
#2297 = DIRECTION('',(-0.707106781187,0.707106781187,0.));
#2298 = ADVANCED_FACE('',(#2299),#2324,.T.);
#2299 = FACE_BOUND('',#2300,.T.);
#2300 = EDGE_LOOP('',(#2301,#2302,#2310,#2318));
#2301 = ORIENTED_EDGE('',*,*,#2280,.T.);
#2302 = ORIENTED_EDGE('',*,*,#2303,.T.);
#2303 = EDGE_CURVE('',#2273,#2304,#2306,.T.);
#2304 = VERTEX_POINT('',#2305);
#2305 = CARTESIAN_POINT('',(217.5375,-127.9375,1.59));
#2306 = LINE('',#2307,#2308);
#2307 = CARTESIAN_POINT('',(230.1375,-127.9375,1.59));
#2308 = VECTOR('',#2309,1.);
#2309 = DIRECTION('',(-1.,0.,0.));
#2310 = ORIENTED_EDGE('',*,*,#2311,.F.);
#2311 = EDGE_CURVE('',#2312,#2304,#2314,.T.);
#2312 = VERTEX_POINT('',#2313);
#2313 = CARTESIAN_POINT('',(217.5375,-127.9375,0.));
#2314 = LINE('',#2315,#2316);
#2315 = CARTESIAN_POINT('',(217.5375,-127.9375,0.));
#2316 = VECTOR('',#2317,1.);
#2317 = DIRECTION('',(0.,0.,1.));
#2318 = ORIENTED_EDGE('',*,*,#2319,.F.);
#2319 = EDGE_CURVE('',#2281,#2312,#2320,.T.);
#2320 = LINE('',#2321,#2322);
#2321 = CARTESIAN_POINT('',(230.1375,-127.9375,0.));
#2322 = VECTOR('',#2323,1.);
#2323 = DIRECTION('',(-1.,0.,0.));
#2324 = PLANE('',#2325);
#2325 = AXIS2_PLACEMENT_3D('',#2326,#2327,#2328);
#2326 = CARTESIAN_POINT('',(230.1375,-127.9375,0.));
#2327 = DIRECTION('',(0.,-1.,0.));
#2328 = DIRECTION('',(-1.,0.,0.));
#2329 = ADVANCED_FACE('',(#2330),#2346,.T.);
#2330 = FACE_BOUND('',#2331,.T.);
#2331 = EDGE_LOOP('',(#2332,#2333,#2339,#2340));
#2332 = ORIENTED_EDGE('',*,*,#2311,.T.);
#2333 = ORIENTED_EDGE('',*,*,#2334,.T.);
#2334 = EDGE_CURVE('',#2304,#2110,#2335,.T.);
#2335 = LINE('',#2336,#2337);
#2336 = CARTESIAN_POINT('',(217.5375,-127.9375,1.59));
#2337 = VECTOR('',#2338,1.);
#2338 = DIRECTION('',(-0.707106781187,-0.707106781187,0.));
#2339 = ORIENTED_EDGE('',*,*,#2107,.F.);
#2340 = ORIENTED_EDGE('',*,*,#2341,.F.);
#2341 = EDGE_CURVE('',#2312,#2108,#2342,.T.);
#2342 = LINE('',#2343,#2344);
#2343 = CARTESIAN_POINT('',(217.5375,-127.9375,0.));
#2344 = VECTOR('',#2345,1.);
#2345 = DIRECTION('',(-0.707106781187,-0.707106781187,0.));
#2346 = PLANE('',#2347);
#2347 = AXIS2_PLACEMENT_3D('',#2348,#2349,#2350);
#2348 = CARTESIAN_POINT('',(217.5375,-127.9375,0.));
#2349 = DIRECTION('',(0.707106781187,-0.707106781187,0.));
#2350 = DIRECTION('',(-0.707106781187,-0.707106781187,0.));
#2351 = ADVANCED_FACE('',(#2352),#2386,.T.);
#2352 = FACE_BOUND('',#2353,.T.);
#2353 = EDGE_LOOP('',(#2354,#2364,#2372,#2380));
#2354 = ORIENTED_EDGE('',*,*,#2355,.T.);
#2355 = EDGE_CURVE('',#2356,#2358,#2360,.T.);
#2356 = VERTEX_POINT('',#2357);
#2357 = CARTESIAN_POINT('',(235.5875,-128.9375,0.));
#2358 = VERTEX_POINT('',#2359);
#2359 = CARTESIAN_POINT('',(235.5875,-128.9375,1.59));
#2360 = LINE('',#2361,#2362);
#2361 = CARTESIAN_POINT('',(235.5875,-128.9375,0.));
#2362 = VECTOR('',#2363,1.);
#2363 = DIRECTION('',(0.,0.,1.));
#2364 = ORIENTED_EDGE('',*,*,#2365,.T.);
#2365 = EDGE_CURVE('',#2358,#2366,#2368,.T.);
#2366 = VERTEX_POINT('',#2367);
#2367 = CARTESIAN_POINT('',(235.5875,-140.9375,1.59));
#2368 = LINE('',#2369,#2370);
#2369 = CARTESIAN_POINT('',(235.5875,-128.9375,1.59));
#2370 = VECTOR('',#2371,1.);
#2371 = DIRECTION('',(0.,-1.,0.));
#2372 = ORIENTED_EDGE('',*,*,#2373,.F.);
#2373 = EDGE_CURVE('',#2374,#2366,#2376,.T.);
#2374 = VERTEX_POINT('',#2375);
#2375 = CARTESIAN_POINT('',(235.5875,-140.9375,0.));
#2376 = LINE('',#2377,#2378);
#2377 = CARTESIAN_POINT('',(235.5875,-140.9375,0.));
#2378 = VECTOR('',#2379,1.);
#2379 = DIRECTION('',(0.,0.,1.));
#2380 = ORIENTED_EDGE('',*,*,#2381,.F.);
#2381 = EDGE_CURVE('',#2356,#2374,#2382,.T.);
#2382 = LINE('',#2383,#2384);
#2383 = CARTESIAN_POINT('',(235.5875,-128.9375,0.));
#2384 = VECTOR('',#2385,1.);
#2385 = DIRECTION('',(0.,-1.,0.));
#2386 = PLANE('',#2387);
#2387 = AXIS2_PLACEMENT_3D('',#2388,#2389,#2390);
#2388 = CARTESIAN_POINT('',(235.5875,-128.9375,0.));
#2389 = DIRECTION('',(1.,0.,-0.));
#2390 = DIRECTION('',(0.,-1.,0.));
#2391 = ADVANCED_FACE('',(#2392),#2417,.T.);
#2392 = FACE_BOUND('',#2393,.T.);
#2393 = EDGE_LOOP('',(#2394,#2395,#2403,#2411));
#2394 = ORIENTED_EDGE('',*,*,#2373,.T.);
#2395 = ORIENTED_EDGE('',*,*,#2396,.T.);
#2396 = EDGE_CURVE('',#2366,#2397,#2399,.T.);
#2397 = VERTEX_POINT('',#2398);
#2398 = CARTESIAN_POINT('',(236.5875,-141.9375,1.59));
#2399 = LINE('',#2400,#2401);
#2400 = CARTESIAN_POINT('',(235.5875,-140.9375,1.59));
#2401 = VECTOR('',#2402,1.);
#2402 = DIRECTION('',(0.707106781187,-0.707106781187,0.));
#2403 = ORIENTED_EDGE('',*,*,#2404,.F.);
#2404 = EDGE_CURVE('',#2405,#2397,#2407,.T.);
#2405 = VERTEX_POINT('',#2406);
#2406 = CARTESIAN_POINT('',(236.5875,-141.9375,0.));
#2407 = LINE('',#2408,#2409);
#2408 = CARTESIAN_POINT('',(236.5875,-141.9375,0.));
#2409 = VECTOR('',#2410,1.);
#2410 = DIRECTION('',(0.,0.,1.));
#2411 = ORIENTED_EDGE('',*,*,#2412,.F.);
#2412 = EDGE_CURVE('',#2374,#2405,#2413,.T.);
#2413 = LINE('',#2414,#2415);
#2414 = CARTESIAN_POINT('',(235.5875,-140.9375,0.));
#2415 = VECTOR('',#2416,1.);
#2416 = DIRECTION('',(0.707106781187,-0.707106781187,0.));
#2417 = PLANE('',#2418);
#2418 = AXIS2_PLACEMENT_3D('',#2419,#2420,#2421);
#2419 = CARTESIAN_POINT('',(235.5875,-140.9375,0.));
#2420 = DIRECTION('',(0.707106781187,0.707106781187,-0.));
#2421 = DIRECTION('',(0.707106781187,-0.707106781187,0.));
#2422 = ADVANCED_FACE('',(#2423),#2448,.T.);
#2423 = FACE_BOUND('',#2424,.T.);
#2424 = EDGE_LOOP('',(#2425,#2426,#2434,#2442));
#2425 = ORIENTED_EDGE('',*,*,#2404,.T.);
#2426 = ORIENTED_EDGE('',*,*,#2427,.T.);
#2427 = EDGE_CURVE('',#2397,#2428,#2430,.T.);
#2428 = VERTEX_POINT('',#2429);
#2429 = CARTESIAN_POINT('',(249.1875,-141.9375,1.59));
#2430 = LINE('',#2431,#2432);
#2431 = CARTESIAN_POINT('',(236.5875,-141.9375,1.59));
#2432 = VECTOR('',#2433,1.);
#2433 = DIRECTION('',(1.,0.,0.));
#2434 = ORIENTED_EDGE('',*,*,#2435,.F.);
#2435 = EDGE_CURVE('',#2436,#2428,#2438,.T.);
#2436 = VERTEX_POINT('',#2437);
#2437 = CARTESIAN_POINT('',(249.1875,-141.9375,0.));
#2438 = LINE('',#2439,#2440);
#2439 = CARTESIAN_POINT('',(249.1875,-141.9375,0.));
#2440 = VECTOR('',#2441,1.);
#2441 = DIRECTION('',(0.,0.,1.));
#2442 = ORIENTED_EDGE('',*,*,#2443,.F.);
#2443 = EDGE_CURVE('',#2405,#2436,#2444,.T.);
#2444 = LINE('',#2445,#2446);
#2445 = CARTESIAN_POINT('',(236.5875,-141.9375,0.));
#2446 = VECTOR('',#2447,1.);
#2447 = DIRECTION('',(1.,0.,0.));
#2448 = PLANE('',#2449);
#2449 = AXIS2_PLACEMENT_3D('',#2450,#2451,#2452);
#2450 = CARTESIAN_POINT('',(236.5875,-141.9375,0.));
#2451 = DIRECTION('',(0.,1.,0.));
#2452 = DIRECTION('',(1.,0.,0.));
#2453 = ADVANCED_FACE('',(#2454),#2479,.T.);
#2454 = FACE_BOUND('',#2455,.T.);
#2455 = EDGE_LOOP('',(#2456,#2457,#2465,#2473));
#2456 = ORIENTED_EDGE('',*,*,#2435,.T.);
#2457 = ORIENTED_EDGE('',*,*,#2458,.T.);
#2458 = EDGE_CURVE('',#2428,#2459,#2461,.T.);
#2459 = VERTEX_POINT('',#2460);
#2460 = CARTESIAN_POINT('',(250.1875,-140.9375,1.59));
#2461 = LINE('',#2462,#2463);
#2462 = CARTESIAN_POINT('',(249.1875,-141.9375,1.59));
#2463 = VECTOR('',#2464,1.);
#2464 = DIRECTION('',(0.707106781187,0.707106781187,0.));
#2465 = ORIENTED_EDGE('',*,*,#2466,.F.);
#2466 = EDGE_CURVE('',#2467,#2459,#2469,.T.);
#2467 = VERTEX_POINT('',#2468);
#2468 = CARTESIAN_POINT('',(250.1875,-140.9375,0.));
#2469 = LINE('',#2470,#2471);
#2470 = CARTESIAN_POINT('',(250.1875,-140.9375,0.));
#2471 = VECTOR('',#2472,1.);
#2472 = DIRECTION('',(0.,0.,1.));
#2473 = ORIENTED_EDGE('',*,*,#2474,.F.);
#2474 = EDGE_CURVE('',#2436,#2467,#2475,.T.);
#2475 = LINE('',#2476,#2477);
#2476 = CARTESIAN_POINT('',(249.1875,-141.9375,0.));
#2477 = VECTOR('',#2478,1.);
#2478 = DIRECTION('',(0.707106781187,0.707106781187,0.));
#2479 = PLANE('',#2480);
#2480 = AXIS2_PLACEMENT_3D('',#2481,#2482,#2483);
#2481 = CARTESIAN_POINT('',(249.1875,-141.9375,0.));
#2482 = DIRECTION('',(-0.707106781187,0.707106781187,0.));
#2483 = DIRECTION('',(0.707106781187,0.707106781187,0.));
#2484 = ADVANCED_FACE('',(#2485),#2510,.T.);
#2485 = FACE_BOUND('',#2486,.T.);
#2486 = EDGE_LOOP('',(#2487,#2488,#2496,#2504));
#2487 = ORIENTED_EDGE('',*,*,#2466,.T.);
#2488 = ORIENTED_EDGE('',*,*,#2489,.T.);
#2489 = EDGE_CURVE('',#2459,#2490,#2492,.T.);
#2490 = VERTEX_POINT('',#2491);
#2491 = CARTESIAN_POINT('',(250.1875,-128.9375,1.59));
#2492 = LINE('',#2493,#2494);
#2493 = CARTESIAN_POINT('',(250.1875,-140.9375,1.59));
#2494 = VECTOR('',#2495,1.);
#2495 = DIRECTION('',(0.,1.,0.));
#2496 = ORIENTED_EDGE('',*,*,#2497,.F.);
#2497 = EDGE_CURVE('',#2498,#2490,#2500,.T.);
#2498 = VERTEX_POINT('',#2499);
#2499 = CARTESIAN_POINT('',(250.1875,-128.9375,0.));
#2500 = LINE('',#2501,#2502);
#2501 = CARTESIAN_POINT('',(250.1875,-128.9375,0.));
#2502 = VECTOR('',#2503,1.);
#2503 = DIRECTION('',(0.,0.,1.));
#2504 = ORIENTED_EDGE('',*,*,#2505,.F.);
#2505 = EDGE_CURVE('',#2467,#2498,#2506,.T.);
#2506 = LINE('',#2507,#2508);
#2507 = CARTESIAN_POINT('',(250.1875,-140.9375,0.));
#2508 = VECTOR('',#2509,1.);
#2509 = DIRECTION('',(0.,1.,0.));
#2510 = PLANE('',#2511);
#2511 = AXIS2_PLACEMENT_3D('',#2512,#2513,#2514);
#2512 = CARTESIAN_POINT('',(250.1875,-140.9375,0.));
#2513 = DIRECTION('',(-1.,0.,0.));
#2514 = DIRECTION('',(0.,1.,0.));
#2515 = ADVANCED_FACE('',(#2516),#2541,.T.);
#2516 = FACE_BOUND('',#2517,.T.);
#2517 = EDGE_LOOP('',(#2518,#2519,#2527,#2535));
#2518 = ORIENTED_EDGE('',*,*,#2497,.T.);
#2519 = ORIENTED_EDGE('',*,*,#2520,.T.);
#2520 = EDGE_CURVE('',#2490,#2521,#2523,.T.);
#2521 = VERTEX_POINT('',#2522);
#2522 = CARTESIAN_POINT('',(249.1875,-127.9375,1.59));
#2523 = LINE('',#2524,#2525);
#2524 = CARTESIAN_POINT('',(250.1875,-128.9375,1.59));
#2525 = VECTOR('',#2526,1.);
#2526 = DIRECTION('',(-0.707106781187,0.707106781187,0.));
#2527 = ORIENTED_EDGE('',*,*,#2528,.F.);
#2528 = EDGE_CURVE('',#2529,#2521,#2531,.T.);
#2529 = VERTEX_POINT('',#2530);
#2530 = CARTESIAN_POINT('',(249.1875,-127.9375,0.));
#2531 = LINE('',#2532,#2533);
#2532 = CARTESIAN_POINT('',(249.1875,-127.9375,0.));
#2533 = VECTOR('',#2534,1.);
#2534 = DIRECTION('',(0.,0.,1.));
#2535 = ORIENTED_EDGE('',*,*,#2536,.F.);
#2536 = EDGE_CURVE('',#2498,#2529,#2537,.T.);
#2537 = LINE('',#2538,#2539);
#2538 = CARTESIAN_POINT('',(250.1875,-128.9375,0.));
#2539 = VECTOR('',#2540,1.);
#2540 = DIRECTION('',(-0.707106781187,0.707106781187,0.));
#2541 = PLANE('',#2542);
#2542 = AXIS2_PLACEMENT_3D('',#2543,#2544,#2545);
#2543 = CARTESIAN_POINT('',(250.1875,-128.9375,0.));
#2544 = DIRECTION('',(-0.707106781187,-0.707106781187,0.));
#2545 = DIRECTION('',(-0.707106781187,0.707106781187,0.));
#2546 = ADVANCED_FACE('',(#2547),#2572,.T.);
#2547 = FACE_BOUND('',#2548,.T.);
#2548 = EDGE_LOOP('',(#2549,#2550,#2558,#2566));
#2549 = ORIENTED_EDGE('',*,*,#2528,.T.);
#2550 = ORIENTED_EDGE('',*,*,#2551,.T.);
#2551 = EDGE_CURVE('',#2521,#2552,#2554,.T.);
#2552 = VERTEX_POINT('',#2553);
#2553 = CARTESIAN_POINT('',(236.5875,-127.9375,1.59));
#2554 = LINE('',#2555,#2556);
#2555 = CARTESIAN_POINT('',(249.1875,-127.9375,1.59));
#2556 = VECTOR('',#2557,1.);
#2557 = DIRECTION('',(-1.,0.,0.));
#2558 = ORIENTED_EDGE('',*,*,#2559,.F.);
#2559 = EDGE_CURVE('',#2560,#2552,#2562,.T.);
#2560 = VERTEX_POINT('',#2561);
#2561 = CARTESIAN_POINT('',(236.5875,-127.9375,0.));
#2562 = LINE('',#2563,#2564);
#2563 = CARTESIAN_POINT('',(236.5875,-127.9375,0.));
#2564 = VECTOR('',#2565,1.);
#2565 = DIRECTION('',(0.,0.,1.));
#2566 = ORIENTED_EDGE('',*,*,#2567,.F.);
#2567 = EDGE_CURVE('',#2529,#2560,#2568,.T.);
#2568 = LINE('',#2569,#2570);
#2569 = CARTESIAN_POINT('',(249.1875,-127.9375,0.));
#2570 = VECTOR('',#2571,1.);
#2571 = DIRECTION('',(-1.,0.,0.));
#2572 = PLANE('',#2573);
#2573 = AXIS2_PLACEMENT_3D('',#2574,#2575,#2576);
#2574 = CARTESIAN_POINT('',(249.1875,-127.9375,0.));
#2575 = DIRECTION('',(0.,-1.,0.));
#2576 = DIRECTION('',(-1.,0.,0.));
#2577 = ADVANCED_FACE('',(#2578),#2594,.T.);
#2578 = FACE_BOUND('',#2579,.T.);
#2579 = EDGE_LOOP('',(#2580,#2581,#2587,#2588));
#2580 = ORIENTED_EDGE('',*,*,#2559,.T.);
#2581 = ORIENTED_EDGE('',*,*,#2582,.T.);
#2582 = EDGE_CURVE('',#2552,#2358,#2583,.T.);
#2583 = LINE('',#2584,#2585);
#2584 = CARTESIAN_POINT('',(236.5875,-127.9375,1.59));
#2585 = VECTOR('',#2586,1.);
#2586 = DIRECTION('',(-0.707106781187,-0.707106781187,0.));
#2587 = ORIENTED_EDGE('',*,*,#2355,.F.);
#2588 = ORIENTED_EDGE('',*,*,#2589,.F.);
#2589 = EDGE_CURVE('',#2560,#2356,#2590,.T.);
#2590 = LINE('',#2591,#2592);
#2591 = CARTESIAN_POINT('',(236.5875,-127.9375,0.));
#2592 = VECTOR('',#2593,1.);
#2593 = DIRECTION('',(-0.707106781187,-0.707106781187,0.));
#2594 = PLANE('',#2595);
#2595 = AXIS2_PLACEMENT_3D('',#2596,#2597,#2598);
#2596 = CARTESIAN_POINT('',(236.5875,-127.9375,0.));
#2597 = DIRECTION('',(0.707106781187,-0.707106781187,0.));
#2598 = DIRECTION('',(-0.707106781187,-0.707106781187,0.));
#2599 = ADVANCED_FACE('',(#2600),#2634,.T.);
#2600 = FACE_BOUND('',#2601,.T.);
#2601 = EDGE_LOOP('',(#2602,#2612,#2620,#2628));
#2602 = ORIENTED_EDGE('',*,*,#2603,.T.);
#2603 = EDGE_CURVE('',#2604,#2606,#2608,.T.);
#2604 = VERTEX_POINT('',#2605);
#2605 = CARTESIAN_POINT('',(254.6375,-128.9375,0.));
#2606 = VERTEX_POINT('',#2607);
#2607 = CARTESIAN_POINT('',(254.6375,-128.9375,1.59));
#2608 = LINE('',#2609,#2610);
#2609 = CARTESIAN_POINT('',(254.6375,-128.9375,0.));
#2610 = VECTOR('',#2611,1.);
#2611 = DIRECTION('',(0.,0.,1.));
#2612 = ORIENTED_EDGE('',*,*,#2613,.T.);
#2613 = EDGE_CURVE('',#2606,#2614,#2616,.T.);
#2614 = VERTEX_POINT('',#2615);
#2615 = CARTESIAN_POINT('',(254.6375,-140.9375,1.59));
#2616 = LINE('',#2617,#2618);
#2617 = CARTESIAN_POINT('',(254.6375,-128.9375,1.59));
#2618 = VECTOR('',#2619,1.);
#2619 = DIRECTION('',(0.,-1.,0.));
#2620 = ORIENTED_EDGE('',*,*,#2621,.F.);
#2621 = EDGE_CURVE('',#2622,#2614,#2624,.T.);
#2622 = VERTEX_POINT('',#2623);
#2623 = CARTESIAN_POINT('',(254.6375,-140.9375,0.));
#2624 = LINE('',#2625,#2626);
#2625 = CARTESIAN_POINT('',(254.6375,-140.9375,0.));
#2626 = VECTOR('',#2627,1.);
#2627 = DIRECTION('',(0.,0.,1.));
#2628 = ORIENTED_EDGE('',*,*,#2629,.F.);
#2629 = EDGE_CURVE('',#2604,#2622,#2630,.T.);
#2630 = LINE('',#2631,#2632);
#2631 = CARTESIAN_POINT('',(254.6375,-128.9375,0.));
#2632 = VECTOR('',#2633,1.);
#2633 = DIRECTION('',(0.,-1.,0.));
#2634 = PLANE('',#2635);
#2635 = AXIS2_PLACEMENT_3D('',#2636,#2637,#2638);
#2636 = CARTESIAN_POINT('',(254.6375,-128.9375,0.));
#2637 = DIRECTION('',(1.,0.,-0.));
#2638 = DIRECTION('',(0.,-1.,0.));
#2639 = ADVANCED_FACE('',(#2640),#2665,.T.);
#2640 = FACE_BOUND('',#2641,.T.);
#2641 = EDGE_LOOP('',(#2642,#2643,#2651,#2659));
#2642 = ORIENTED_EDGE('',*,*,#2621,.T.);
#2643 = ORIENTED_EDGE('',*,*,#2644,.T.);
#2644 = EDGE_CURVE('',#2614,#2645,#2647,.T.);
#2645 = VERTEX_POINT('',#2646);
#2646 = CARTESIAN_POINT('',(255.6375,-141.9375,1.59));
#2647 = LINE('',#2648,#2649);
#2648 = CARTESIAN_POINT('',(254.6375,-140.9375,1.59));
#2649 = VECTOR('',#2650,1.);
#2650 = DIRECTION('',(0.707106781187,-0.707106781187,0.));
#2651 = ORIENTED_EDGE('',*,*,#2652,.F.);
#2652 = EDGE_CURVE('',#2653,#2645,#2655,.T.);
#2653 = VERTEX_POINT('',#2654);
#2654 = CARTESIAN_POINT('',(255.6375,-141.9375,0.));
#2655 = LINE('',#2656,#2657);
#2656 = CARTESIAN_POINT('',(255.6375,-141.9375,0.));
#2657 = VECTOR('',#2658,1.);
#2658 = DIRECTION('',(0.,0.,1.));
#2659 = ORIENTED_EDGE('',*,*,#2660,.F.);
#2660 = EDGE_CURVE('',#2622,#2653,#2661,.T.);
#2661 = LINE('',#2662,#2663);
#2662 = CARTESIAN_POINT('',(254.6375,-140.9375,0.));
#2663 = VECTOR('',#2664,1.);
#2664 = DIRECTION('',(0.707106781187,-0.707106781187,0.));
#2665 = PLANE('',#2666);
#2666 = AXIS2_PLACEMENT_3D('',#2667,#2668,#2669);
#2667 = CARTESIAN_POINT('',(254.6375,-140.9375,0.));
#2668 = DIRECTION('',(0.707106781187,0.707106781187,-0.));
#2669 = DIRECTION('',(0.707106781187,-0.707106781187,0.));
#2670 = ADVANCED_FACE('',(#2671),#2696,.T.);
#2671 = FACE_BOUND('',#2672,.T.);
#2672 = EDGE_LOOP('',(#2673,#2674,#2682,#2690));
#2673 = ORIENTED_EDGE('',*,*,#2652,.T.);
#2674 = ORIENTED_EDGE('',*,*,#2675,.T.);
#2675 = EDGE_CURVE('',#2645,#2676,#2678,.T.);
#2676 = VERTEX_POINT('',#2677);
#2677 = CARTESIAN_POINT('',(268.2375,-141.9375,1.59));
#2678 = LINE('',#2679,#2680);
#2679 = CARTESIAN_POINT('',(255.6375,-141.9375,1.59));
#2680 = VECTOR('',#2681,1.);
#2681 = DIRECTION('',(1.,0.,0.));
#2682 = ORIENTED_EDGE('',*,*,#2683,.F.);
#2683 = EDGE_CURVE('',#2684,#2676,#2686,.T.);
#2684 = VERTEX_POINT('',#2685);
#2685 = CARTESIAN_POINT('',(268.2375,-141.9375,0.));
#2686 = LINE('',#2687,#2688);
#2687 = CARTESIAN_POINT('',(268.2375,-141.9375,0.));
#2688 = VECTOR('',#2689,1.);
#2689 = DIRECTION('',(0.,0.,1.));
#2690 = ORIENTED_EDGE('',*,*,#2691,.F.);
#2691 = EDGE_CURVE('',#2653,#2684,#2692,.T.);
#2692 = LINE('',#2693,#2694);
#2693 = CARTESIAN_POINT('',(255.6375,-141.9375,0.));
#2694 = VECTOR('',#2695,1.);
#2695 = DIRECTION('',(1.,0.,0.));
#2696 = PLANE('',#2697);
#2697 = AXIS2_PLACEMENT_3D('',#2698,#2699,#2700);
#2698 = CARTESIAN_POINT('',(255.6375,-141.9375,0.));
#2699 = DIRECTION('',(0.,1.,0.));
#2700 = DIRECTION('',(1.,0.,0.));
#2701 = ADVANCED_FACE('',(#2702),#2727,.T.);
#2702 = FACE_BOUND('',#2703,.T.);
#2703 = EDGE_LOOP('',(#2704,#2705,#2713,#2721));
#2704 = ORIENTED_EDGE('',*,*,#2683,.T.);
#2705 = ORIENTED_EDGE('',*,*,#2706,.T.);
#2706 = EDGE_CURVE('',#2676,#2707,#2709,.T.);
#2707 = VERTEX_POINT('',#2708);
#2708 = CARTESIAN_POINT('',(269.2375,-140.9375,1.59));
#2709 = LINE('',#2710,#2711);
#2710 = CARTESIAN_POINT('',(268.2375,-141.9375,1.59));
#2711 = VECTOR('',#2712,1.);
#2712 = DIRECTION('',(0.707106781187,0.707106781187,0.));
#2713 = ORIENTED_EDGE('',*,*,#2714,.F.);
#2714 = EDGE_CURVE('',#2715,#2707,#2717,.T.);
#2715 = VERTEX_POINT('',#2716);
#2716 = CARTESIAN_POINT('',(269.2375,-140.9375,0.));
#2717 = LINE('',#2718,#2719);
#2718 = CARTESIAN_POINT('',(269.2375,-140.9375,0.));
#2719 = VECTOR('',#2720,1.);
#2720 = DIRECTION('',(0.,0.,1.));
#2721 = ORIENTED_EDGE('',*,*,#2722,.F.);
#2722 = EDGE_CURVE('',#2684,#2715,#2723,.T.);
#2723 = LINE('',#2724,#2725);
#2724 = CARTESIAN_POINT('',(268.2375,-141.9375,0.));
#2725 = VECTOR('',#2726,1.);
#2726 = DIRECTION('',(0.707106781187,0.707106781187,0.));
#2727 = PLANE('',#2728);
#2728 = AXIS2_PLACEMENT_3D('',#2729,#2730,#2731);
#2729 = CARTESIAN_POINT('',(268.2375,-141.9375,0.));
#2730 = DIRECTION('',(-0.707106781187,0.707106781187,0.));
#2731 = DIRECTION('',(0.707106781187,0.707106781187,0.));
#2732 = ADVANCED_FACE('',(#2733),#2758,.T.);
#2733 = FACE_BOUND('',#2734,.T.);
#2734 = EDGE_LOOP('',(#2735,#2736,#2744,#2752));
#2735 = ORIENTED_EDGE('',*,*,#2714,.T.);
#2736 = ORIENTED_EDGE('',*,*,#2737,.T.);
#2737 = EDGE_CURVE('',#2707,#2738,#2740,.T.);
#2738 = VERTEX_POINT('',#2739);
#2739 = CARTESIAN_POINT('',(269.2375,-128.9375,1.59));
#2740 = LINE('',#2741,#2742);
#2741 = CARTESIAN_POINT('',(269.2375,-140.9375,1.59));
#2742 = VECTOR('',#2743,1.);
#2743 = DIRECTION('',(0.,1.,0.));
#2744 = ORIENTED_EDGE('',*,*,#2745,.F.);
#2745 = EDGE_CURVE('',#2746,#2738,#2748,.T.);
#2746 = VERTEX_POINT('',#2747);
#2747 = CARTESIAN_POINT('',(269.2375,-128.9375,0.));
#2748 = LINE('',#2749,#2750);
#2749 = CARTESIAN_POINT('',(269.2375,-128.9375,0.));
#2750 = VECTOR('',#2751,1.);
#2751 = DIRECTION('',(0.,0.,1.));
#2752 = ORIENTED_EDGE('',*,*,#2753,.F.);
#2753 = EDGE_CURVE('',#2715,#2746,#2754,.T.);
#2754 = LINE('',#2755,#2756);
#2755 = CARTESIAN_POINT('',(269.2375,-140.9375,0.));
#2756 = VECTOR('',#2757,1.);
#2757 = DIRECTION('',(0.,1.,0.));
#2758 = PLANE('',#2759);
#2759 = AXIS2_PLACEMENT_3D('',#2760,#2761,#2762);
#2760 = CARTESIAN_POINT('',(269.2375,-140.9375,0.));
#2761 = DIRECTION('',(-1.,0.,0.));
#2762 = DIRECTION('',(0.,1.,0.));
#2763 = ADVANCED_FACE('',(#2764),#2789,.T.);
#2764 = FACE_BOUND('',#2765,.T.);
#2765 = EDGE_LOOP('',(#2766,#2767,#2775,#2783));
#2766 = ORIENTED_EDGE('',*,*,#2745,.T.);
#2767 = ORIENTED_EDGE('',*,*,#2768,.T.);
#2768 = EDGE_CURVE('',#2738,#2769,#2771,.T.);
#2769 = VERTEX_POINT('',#2770);
#2770 = CARTESIAN_POINT('',(268.2375,-127.9375,1.59));
#2771 = LINE('',#2772,#2773);
#2772 = CARTESIAN_POINT('',(269.2375,-128.9375,1.59));
#2773 = VECTOR('',#2774,1.);
#2774 = DIRECTION('',(-0.707106781187,0.707106781187,0.));
#2775 = ORIENTED_EDGE('',*,*,#2776,.F.);
#2776 = EDGE_CURVE('',#2777,#2769,#2779,.T.);
#2777 = VERTEX_POINT('',#2778);
#2778 = CARTESIAN_POINT('',(268.2375,-127.9375,0.));
#2779 = LINE('',#2780,#2781);
#2780 = CARTESIAN_POINT('',(268.2375,-127.9375,0.));
#2781 = VECTOR('',#2782,1.);
#2782 = DIRECTION('',(0.,0.,1.));
#2783 = ORIENTED_EDGE('',*,*,#2784,.F.);
#2784 = EDGE_CURVE('',#2746,#2777,#2785,.T.);
#2785 = LINE('',#2786,#2787);
#2786 = CARTESIAN_POINT('',(269.2375,-128.9375,0.));
#2787 = VECTOR('',#2788,1.);
#2788 = DIRECTION('',(-0.707106781187,0.707106781187,0.));
#2789 = PLANE('',#2790);
#2790 = AXIS2_PLACEMENT_3D('',#2791,#2792,#2793);
#2791 = CARTESIAN_POINT('',(269.2375,-128.9375,0.));
#2792 = DIRECTION('',(-0.707106781187,-0.707106781187,0.));
#2793 = DIRECTION('',(-0.707106781187,0.707106781187,0.));
#2794 = ADVANCED_FACE('',(#2795),#2820,.T.);
#2795 = FACE_BOUND('',#2796,.T.);
#2796 = EDGE_LOOP('',(#2797,#2798,#2806,#2814));
#2797 = ORIENTED_EDGE('',*,*,#2776,.T.);
#2798 = ORIENTED_EDGE('',*,*,#2799,.T.);
#2799 = EDGE_CURVE('',#2769,#2800,#2802,.T.);
#2800 = VERTEX_POINT('',#2801);
#2801 = CARTESIAN_POINT('',(255.6375,-127.9375,1.59));
#2802 = LINE('',#2803,#2804);
#2803 = CARTESIAN_POINT('',(268.2375,-127.9375,1.59));
#2804 = VECTOR('',#2805,1.);
#2805 = DIRECTION('',(-1.,0.,0.));
#2806 = ORIENTED_EDGE('',*,*,#2807,.F.);
#2807 = EDGE_CURVE('',#2808,#2800,#2810,.T.);
#2808 = VERTEX_POINT('',#2809);
#2809 = CARTESIAN_POINT('',(255.6375,-127.9375,0.));
#2810 = LINE('',#2811,#2812);
#2811 = CARTESIAN_POINT('',(255.6375,-127.9375,0.));
#2812 = VECTOR('',#2813,1.);
#2813 = DIRECTION('',(0.,0.,1.));
#2814 = ORIENTED_EDGE('',*,*,#2815,.F.);
#2815 = EDGE_CURVE('',#2777,#2808,#2816,.T.);
#2816 = LINE('',#2817,#2818);
#2817 = CARTESIAN_POINT('',(268.2375,-127.9375,0.));
#2818 = VECTOR('',#2819,1.);
#2819 = DIRECTION('',(-1.,0.,0.));
#2820 = PLANE('',#2821);
#2821 = AXIS2_PLACEMENT_3D('',#2822,#2823,#2824);
#2822 = CARTESIAN_POINT('',(268.2375,-127.9375,0.));
#2823 = DIRECTION('',(0.,-1.,0.));
#2824 = DIRECTION('',(-1.,0.,0.));
#2825 = ADVANCED_FACE('',(#2826),#2842,.T.);
#2826 = FACE_BOUND('',#2827,.T.);
#2827 = EDGE_LOOP('',(#2828,#2829,#2835,#2836));
#2828 = ORIENTED_EDGE('',*,*,#2807,.T.);
#2829 = ORIENTED_EDGE('',*,*,#2830,.T.);
#2830 = EDGE_CURVE('',#2800,#2606,#2831,.T.);
#2831 = LINE('',#2832,#2833);
#2832 = CARTESIAN_POINT('',(255.6375,-127.9375,1.59));
#2833 = VECTOR('',#2834,1.);
#2834 = DIRECTION('',(-0.707106781187,-0.707106781187,0.));
#2835 = ORIENTED_EDGE('',*,*,#2603,.F.);
#2836 = ORIENTED_EDGE('',*,*,#2837,.F.);
#2837 = EDGE_CURVE('',#2808,#2604,#2838,.T.);
#2838 = LINE('',#2839,#2840);
#2839 = CARTESIAN_POINT('',(255.6375,-127.9375,0.));
#2840 = VECTOR('',#2841,1.);
#2841 = DIRECTION('',(-0.707106781187,-0.707106781187,0.));
#2842 = PLANE('',#2843);
#2843 = AXIS2_PLACEMENT_3D('',#2844,#2845,#2846);
#2844 = CARTESIAN_POINT('',(255.6375,-127.9375,0.));
#2845 = DIRECTION('',(0.707106781187,-0.707106781187,0.));
#2846 = DIRECTION('',(-0.707106781187,-0.707106781187,0.));
#2847 = ADVANCED_FACE('',(#2848),#2884,.F.);
#2848 = FACE_BOUND('',#2849,.T.);
#2849 = EDGE_LOOP('',(#2850,#2860,#2869,#2877));
#2850 = ORIENTED_EDGE('',*,*,#2851,.T.);
#2851 = EDGE_CURVE('',#2852,#2854,#2856,.T.);
#2852 = VERTEX_POINT('',#2853);
#2853 = CARTESIAN_POINT('',(98.40921,-127.989645,0.));
#2854 = VERTEX_POINT('',#2855);
#2855 = CARTESIAN_POINT('',(98.40921,-127.989645,1.59));
#2856 = LINE('',#2857,#2858);
#2857 = CARTESIAN_POINT('',(98.40921,-127.989645,0.));
#2858 = VECTOR('',#2859,1.);
#2859 = DIRECTION('',(0.,0.,1.));
#2860 = ORIENTED_EDGE('',*,*,#2861,.T.);
#2861 = EDGE_CURVE('',#2854,#2862,#2864,.T.);
#2862 = VERTEX_POINT('',#2863);
#2863 = CARTESIAN_POINT('',(97.97475,-128.4875,1.59));
#2864 = CIRCLE('',#2865,0.497939822341);
#2865 = AXIS2_PLACEMENT_3D('',#2866,#2867,#2868);
#2866 = CARTESIAN_POINT('',(98.472673947518,-128.4835239264,1.59));
#2867 = DIRECTION('',(0.,0.,1.));
#2868 = DIRECTION('',(-0.127453046876,0.991844605189,0.));
#2869 = ORIENTED_EDGE('',*,*,#2870,.F.);
#2870 = EDGE_CURVE('',#2871,#2862,#2873,.T.);
#2871 = VERTEX_POINT('',#2872);
#2872 = CARTESIAN_POINT('',(97.97475,-128.4875,0.));
#2873 = LINE('',#2874,#2875);
#2874 = CARTESIAN_POINT('',(97.97475,-128.4875,0.));
#2875 = VECTOR('',#2876,1.);
#2876 = DIRECTION('',(0.,0.,1.));
#2877 = ORIENTED_EDGE('',*,*,#2878,.F.);
#2878 = EDGE_CURVE('',#2852,#2871,#2879,.T.);
#2879 = CIRCLE('',#2880,0.497939822341);
#2880 = AXIS2_PLACEMENT_3D('',#2881,#2882,#2883);
#2881 = CARTESIAN_POINT('',(98.472673947518,-128.4835239264,0.));
#2882 = DIRECTION('',(0.,0.,1.));
#2883 = DIRECTION('',(-0.127453046876,0.991844605189,0.));
#2884 = CYLINDRICAL_SURFACE('',#2885,0.497939822341);
#2885 = AXIS2_PLACEMENT_3D('',#2886,#2887,#2888);
#2886 = CARTESIAN_POINT('',(98.472673947518,-128.4835239264,0.));
#2887 = DIRECTION('',(-0.,-0.,-1.));
#2888 = DIRECTION('',(-0.127453046876,0.991844605189,0.));
#2889 = ADVANCED_FACE('',(#2890),#2915,.T.);
#2890 = FACE_BOUND('',#2891,.T.);
#2891 = EDGE_LOOP('',(#2892,#2893,#2901,#2909));
#2892 = ORIENTED_EDGE('',*,*,#2870,.T.);
#2893 = ORIENTED_EDGE('',*,*,#2894,.T.);
#2894 = EDGE_CURVE('',#2862,#2895,#2897,.T.);
#2895 = VERTEX_POINT('',#2896);
#2896 = CARTESIAN_POINT('',(97.97475,-141.3875,1.59));
#2897 = LINE('',#2898,#2899);
#2898 = CARTESIAN_POINT('',(97.97475,-128.4875,1.59));
#2899 = VECTOR('',#2900,1.);
#2900 = DIRECTION('',(0.,-1.,0.));
#2901 = ORIENTED_EDGE('',*,*,#2902,.F.);
#2902 = EDGE_CURVE('',#2903,#2895,#2905,.T.);
#2903 = VERTEX_POINT('',#2904);
#2904 = CARTESIAN_POINT('',(97.97475,-141.3875,0.));
#2905 = LINE('',#2906,#2907);
#2906 = CARTESIAN_POINT('',(97.97475,-141.3875,0.));
#2907 = VECTOR('',#2908,1.);
#2908 = DIRECTION('',(0.,0.,1.));
#2909 = ORIENTED_EDGE('',*,*,#2910,.F.);
#2910 = EDGE_CURVE('',#2871,#2903,#2911,.T.);
#2911 = LINE('',#2912,#2913);
#2912 = CARTESIAN_POINT('',(97.97475,-128.4875,0.));
#2913 = VECTOR('',#2914,1.);
#2914 = DIRECTION('',(0.,-1.,0.));
#2915 = PLANE('',#2916);
#2916 = AXIS2_PLACEMENT_3D('',#2917,#2918,#2919);
#2917 = CARTESIAN_POINT('',(97.97475,-128.4875,0.));
#2918 = DIRECTION('',(1.,0.,-0.));
#2919 = DIRECTION('',(0.,-1.,0.));
#2920 = ADVANCED_FACE('',(#2921),#2946,.T.);
#2921 = FACE_BOUND('',#2922,.T.);
#2922 = EDGE_LOOP('',(#2923,#2924,#2932,#2940));
#2923 = ORIENTED_EDGE('',*,*,#2902,.T.);
#2924 = ORIENTED_EDGE('',*,*,#2925,.T.);
#2925 = EDGE_CURVE('',#2895,#2926,#2928,.T.);
#2926 = VERTEX_POINT('',#2927);
#2927 = CARTESIAN_POINT('',(97.976888,-141.453047,1.59));
#2928 = LINE('',#2929,#2930);
#2929 = CARTESIAN_POINT('',(97.97475,-141.3875,1.59));
#2930 = VECTOR('',#2931,1.);
#2931 = DIRECTION('',(3.260047865156E-02,-0.99946846313,0.));
#2932 = ORIENTED_EDGE('',*,*,#2933,.F.);
#2933 = EDGE_CURVE('',#2934,#2926,#2936,.T.);
#2934 = VERTEX_POINT('',#2935);
#2935 = CARTESIAN_POINT('',(97.976888,-141.453047,0.));
#2936 = LINE('',#2937,#2938);
#2937 = CARTESIAN_POINT('',(97.976888,-141.453047,0.));
#2938 = VECTOR('',#2939,1.);
#2939 = DIRECTION('',(0.,0.,1.));
#2940 = ORIENTED_EDGE('',*,*,#2941,.F.);
#2941 = EDGE_CURVE('',#2903,#2934,#2942,.T.);
#2942 = LINE('',#2943,#2944);
#2943 = CARTESIAN_POINT('',(97.97475,-141.3875,0.));
#2944 = VECTOR('',#2945,1.);
#2945 = DIRECTION('',(3.260047865156E-02,-0.99946846313,0.));
#2946 = PLANE('',#2947);
#2947 = AXIS2_PLACEMENT_3D('',#2948,#2949,#2950);
#2948 = CARTESIAN_POINT('',(97.97475,-141.3875,0.));
#2949 = DIRECTION('',(0.99946846313,3.260047865156E-02,-0.));
#2950 = DIRECTION('',(3.260047865156E-02,-0.99946846313,0.));
#2951 = ADVANCED_FACE('',(#2952),#2979,.F.);
#2952 = FACE_BOUND('',#2953,.T.);
#2953 = EDGE_LOOP('',(#2954,#2955,#2964,#2972));
#2954 = ORIENTED_EDGE('',*,*,#2933,.T.);
#2955 = ORIENTED_EDGE('',*,*,#2956,.T.);
#2956 = EDGE_CURVE('',#2926,#2957,#2959,.T.);
#2957 = VERTEX_POINT('',#2958);
#2958 = CARTESIAN_POINT('',(98.47475,-141.8875,1.59));
#2959 = CIRCLE('',#2960,0.497791245294);
#2960 = AXIS2_PLACEMENT_3D('',#2961,#2962,#2963);
#2961 = CARTESIAN_POINT('',(98.470635450029,-141.3897257596,1.59));
#2962 = DIRECTION('',(0.,0.,1.));
#2963 = DIRECTION('',(-0.991876523938,-0.127204407395,0.));
#2964 = ORIENTED_EDGE('',*,*,#2965,.F.);
#2965 = EDGE_CURVE('',#2966,#2957,#2968,.T.);
#2966 = VERTEX_POINT('',#2967);
#2967 = CARTESIAN_POINT('',(98.47475,-141.8875,0.));
#2968 = LINE('',#2969,#2970);
#2969 = CARTESIAN_POINT('',(98.47475,-141.8875,0.));
#2970 = VECTOR('',#2971,1.);
#2971 = DIRECTION('',(0.,0.,1.));
#2972 = ORIENTED_EDGE('',*,*,#2973,.F.);
#2973 = EDGE_CURVE('',#2934,#2966,#2974,.T.);
#2974 = CIRCLE('',#2975,0.497791245294);
#2975 = AXIS2_PLACEMENT_3D('',#2976,#2977,#2978);
#2976 = CARTESIAN_POINT('',(98.470635450029,-141.3897257596,0.));
#2977 = DIRECTION('',(0.,0.,1.));
#2978 = DIRECTION('',(-0.991876523938,-0.127204407395,0.));
#2979 = CYLINDRICAL_SURFACE('',#2980,0.497791245294);
#2980 = AXIS2_PLACEMENT_3D('',#2981,#2982,#2983);
#2981 = CARTESIAN_POINT('',(98.470635450029,-141.3897257596,0.));
#2982 = DIRECTION('',(-0.,-0.,-1.));
#2983 = DIRECTION('',(-0.991876523938,-0.127204407395,0.));
#2984 = ADVANCED_FACE('',(#2985),#3010,.T.);
#2985 = FACE_BOUND('',#2986,.T.);
#2986 = EDGE_LOOP('',(#2987,#2988,#2996,#3004));
#2987 = ORIENTED_EDGE('',*,*,#2965,.T.);
#2988 = ORIENTED_EDGE('',*,*,#2989,.T.);
#2989 = EDGE_CURVE('',#2957,#2990,#2992,.T.);
#2990 = VERTEX_POINT('',#2991);
#2991 = CARTESIAN_POINT('',(111.07475,-141.8875,1.59));
#2992 = LINE('',#2993,#2994);
#2993 = CARTESIAN_POINT('',(98.47475,-141.8875,1.59));
#2994 = VECTOR('',#2995,1.);
#2995 = DIRECTION('',(1.,0.,0.));
#2996 = ORIENTED_EDGE('',*,*,#2997,.F.);
#2997 = EDGE_CURVE('',#2998,#2990,#3000,.T.);
#2998 = VERTEX_POINT('',#2999);
#2999 = CARTESIAN_POINT('',(111.07475,-141.8875,0.));
#3000 = LINE('',#3001,#3002);
#3001 = CARTESIAN_POINT('',(111.07475,-141.8875,0.));
#3002 = VECTOR('',#3003,1.);
#3003 = DIRECTION('',(0.,0.,1.));
#3004 = ORIENTED_EDGE('',*,*,#3005,.F.);
#3005 = EDGE_CURVE('',#2966,#2998,#3006,.T.);
#3006 = LINE('',#3007,#3008);
#3007 = CARTESIAN_POINT('',(98.47475,-141.8875,0.));
#3008 = VECTOR('',#3009,1.);
#3009 = DIRECTION('',(1.,0.,0.));
#3010 = PLANE('',#3011);
#3011 = AXIS2_PLACEMENT_3D('',#3012,#3013,#3014);
#3012 = CARTESIAN_POINT('',(98.47475,-141.8875,0.));
#3013 = DIRECTION('',(0.,1.,0.));
#3014 = DIRECTION('',(1.,0.,0.));
#3015 = ADVANCED_FACE('',(#3016),#3041,.T.);
#3016 = FACE_BOUND('',#3017,.T.);
#3017 = EDGE_LOOP('',(#3018,#3019,#3027,#3035));
#3018 = ORIENTED_EDGE('',*,*,#2997,.T.);
#3019 = ORIENTED_EDGE('',*,*,#3020,.T.);
#3020 = EDGE_CURVE('',#2990,#3021,#3023,.T.);
#3021 = VERTEX_POINT('',#3022);
#3022 = CARTESIAN_POINT('',(111.14029,-141.885355,1.59));
#3023 = LINE('',#3024,#3025);
#3024 = CARTESIAN_POINT('',(111.07475,-141.8875,1.59));
#3025 = VECTOR('',#3026,1.);
#3026 = DIRECTION('',(0.999464865433,3.271059103353E-02,0.));
#3027 = ORIENTED_EDGE('',*,*,#3028,.F.);
#3028 = EDGE_CURVE('',#3029,#3021,#3031,.T.);
#3029 = VERTEX_POINT('',#3030);
#3030 = CARTESIAN_POINT('',(111.14029,-141.885355,0.));
#3031 = LINE('',#3032,#3033);
#3032 = CARTESIAN_POINT('',(111.14029,-141.885355,0.));
#3033 = VECTOR('',#3034,1.);
#3034 = DIRECTION('',(0.,0.,1.));
#3035 = ORIENTED_EDGE('',*,*,#3036,.F.);
#3036 = EDGE_CURVE('',#2998,#3029,#3037,.T.);
#3037 = LINE('',#3038,#3039);
#3038 = CARTESIAN_POINT('',(111.07475,-141.8875,0.));
#3039 = VECTOR('',#3040,1.);
#3040 = DIRECTION('',(0.999464865433,3.271059103353E-02,0.));
#3041 = PLANE('',#3042);
#3042 = AXIS2_PLACEMENT_3D('',#3043,#3044,#3045);
#3043 = CARTESIAN_POINT('',(111.07475,-141.8875,0.));
#3044 = DIRECTION('',(-3.271059103353E-02,0.999464865433,0.));
#3045 = DIRECTION('',(0.999464865433,3.271059103353E-02,0.));
#3046 = ADVANCED_FACE('',(#3047),#3074,.F.);
#3047 = FACE_BOUND('',#3048,.T.);
#3048 = EDGE_LOOP('',(#3049,#3050,#3059,#3067));
#3049 = ORIENTED_EDGE('',*,*,#3028,.T.);
#3050 = ORIENTED_EDGE('',*,*,#3051,.T.);
#3051 = EDGE_CURVE('',#3021,#3052,#3054,.T.);
#3052 = VERTEX_POINT('',#3053);
#3053 = CARTESIAN_POINT('',(111.57475,-141.3875,1.59));
#3054 = CIRCLE('',#3055,0.497939822341);
#3055 = AXIS2_PLACEMENT_3D('',#3056,#3057,#3058);
#3056 = CARTESIAN_POINT('',(111.07682605248,-141.3914760735,1.59));
#3057 = DIRECTION('',(0.,0.,1.));
#3058 = DIRECTION('',(0.127453046876,-0.991844605189,0.));
#3059 = ORIENTED_EDGE('',*,*,#3060,.F.);
#3060 = EDGE_CURVE('',#3061,#3052,#3063,.T.);
#3061 = VERTEX_POINT('',#3062);
#3062 = CARTESIAN_POINT('',(111.57475,-141.3875,0.));
#3063 = LINE('',#3064,#3065);
#3064 = CARTESIAN_POINT('',(111.57475,-141.3875,0.));
#3065 = VECTOR('',#3066,1.);
#3066 = DIRECTION('',(0.,0.,1.));
#3067 = ORIENTED_EDGE('',*,*,#3068,.F.);
#3068 = EDGE_CURVE('',#3029,#3061,#3069,.T.);
#3069 = CIRCLE('',#3070,0.497939822341);
#3070 = AXIS2_PLACEMENT_3D('',#3071,#3072,#3073);
#3071 = CARTESIAN_POINT('',(111.07682605248,-141.3914760735,0.));
#3072 = DIRECTION('',(0.,0.,1.));
#3073 = DIRECTION('',(0.127453046876,-0.991844605189,0.));
#3074 = CYLINDRICAL_SURFACE('',#3075,0.497939822341);
#3075 = AXIS2_PLACEMENT_3D('',#3076,#3077,#3078);
#3076 = CARTESIAN_POINT('',(111.07682605248,-141.3914760735,0.));
#3077 = DIRECTION('',(-0.,-0.,-1.));
#3078 = DIRECTION('',(0.127453046876,-0.991844605189,0.));
#3079 = ADVANCED_FACE('',(#3080),#3105,.T.);
#3080 = FACE_BOUND('',#3081,.T.);
#3081 = EDGE_LOOP('',(#3082,#3083,#3091,#3099));
#3082 = ORIENTED_EDGE('',*,*,#3060,.T.);
#3083 = ORIENTED_EDGE('',*,*,#3084,.T.);
#3084 = EDGE_CURVE('',#3052,#3085,#3087,.T.);
#3085 = VERTEX_POINT('',#3086);
#3086 = CARTESIAN_POINT('',(111.57475,-128.4875,1.59));
#3087 = LINE('',#3088,#3089);
#3088 = CARTESIAN_POINT('',(111.57475,-141.3875,1.59));
#3089 = VECTOR('',#3090,1.);
#3090 = DIRECTION('',(0.,1.,0.));
#3091 = ORIENTED_EDGE('',*,*,#3092,.F.);
#3092 = EDGE_CURVE('',#3093,#3085,#3095,.T.);
#3093 = VERTEX_POINT('',#3094);
#3094 = CARTESIAN_POINT('',(111.57475,-128.4875,0.));
#3095 = LINE('',#3096,#3097);
#3096 = CARTESIAN_POINT('',(111.57475,-128.4875,0.));
#3097 = VECTOR('',#3098,1.);
#3098 = DIRECTION('',(0.,0.,1.));
#3099 = ORIENTED_EDGE('',*,*,#3100,.F.);
#3100 = EDGE_CURVE('',#3061,#3093,#3101,.T.);
#3101 = LINE('',#3102,#3103);
#3102 = CARTESIAN_POINT('',(111.57475,-141.3875,0.));
#3103 = VECTOR('',#3104,1.);
#3104 = DIRECTION('',(0.,1.,0.));
#3105 = PLANE('',#3106);
#3106 = AXIS2_PLACEMENT_3D('',#3107,#3108,#3109);
#3107 = CARTESIAN_POINT('',(111.57475,-141.3875,0.));
#3108 = DIRECTION('',(-1.,0.,0.));
#3109 = DIRECTION('',(0.,1.,0.));
#3110 = ADVANCED_FACE('',(#3111),#3136,.T.);
#3111 = FACE_BOUND('',#3112,.T.);
#3112 = EDGE_LOOP('',(#3113,#3114,#3122,#3130));
#3113 = ORIENTED_EDGE('',*,*,#3092,.T.);
#3114 = ORIENTED_EDGE('',*,*,#3115,.T.);
#3115 = EDGE_CURVE('',#3085,#3116,#3118,.T.);
#3116 = VERTEX_POINT('',#3117);
#3117 = CARTESIAN_POINT('',(111.572612,-128.421953,1.59));
#3118 = LINE('',#3119,#3120);
#3119 = CARTESIAN_POINT('',(111.57475,-128.4875,1.59));
#3120 = VECTOR('',#3121,1.);
#3121 = DIRECTION('',(-3.260047865135E-02,0.99946846313,0.));
#3122 = ORIENTED_EDGE('',*,*,#3123,.F.);
#3123 = EDGE_CURVE('',#3124,#3116,#3126,.T.);
#3124 = VERTEX_POINT('',#3125);
#3125 = CARTESIAN_POINT('',(111.572612,-128.421953,0.));
#3126 = LINE('',#3127,#3128);
#3127 = CARTESIAN_POINT('',(111.572612,-128.421953,0.));
#3128 = VECTOR('',#3129,1.);
#3129 = DIRECTION('',(0.,0.,1.));
#3130 = ORIENTED_EDGE('',*,*,#3131,.F.);
#3131 = EDGE_CURVE('',#3093,#3124,#3132,.T.);
#3132 = LINE('',#3133,#3134);
#3133 = CARTESIAN_POINT('',(111.57475,-128.4875,0.));
#3134 = VECTOR('',#3135,1.);
#3135 = DIRECTION('',(-3.260047865135E-02,0.99946846313,0.));
#3136 = PLANE('',#3137);
#3137 = AXIS2_PLACEMENT_3D('',#3138,#3139,#3140);
#3138 = CARTESIAN_POINT('',(111.57475,-128.4875,0.));
#3139 = DIRECTION('',(-0.99946846313,-3.260047865135E-02,0.));
#3140 = DIRECTION('',(-3.260047865135E-02,0.99946846313,0.));
#3141 = ADVANCED_FACE('',(#3142),#3169,.F.);
#3142 = FACE_BOUND('',#3143,.T.);
#3143 = EDGE_LOOP('',(#3144,#3145,#3154,#3162));
#3144 = ORIENTED_EDGE('',*,*,#3123,.T.);
#3145 = ORIENTED_EDGE('',*,*,#3146,.T.);
#3146 = EDGE_CURVE('',#3116,#3147,#3149,.T.);
#3147 = VERTEX_POINT('',#3148);
#3148 = CARTESIAN_POINT('',(111.07475,-127.9875,1.59));
#3149 = CIRCLE('',#3150,0.497791245294);
#3150 = AXIS2_PLACEMENT_3D('',#3151,#3152,#3153);
#3151 = CARTESIAN_POINT('',(111.07886454997,-128.4852742403,1.59));
#3152 = DIRECTION('',(0.,0.,1.));
#3153 = DIRECTION('',(0.991876523938,0.127204407395,-0.));
#3154 = ORIENTED_EDGE('',*,*,#3155,.F.);
#3155 = EDGE_CURVE('',#3156,#3147,#3158,.T.);
#3156 = VERTEX_POINT('',#3157);
#3157 = CARTESIAN_POINT('',(111.07475,-127.9875,0.));
#3158 = LINE('',#3159,#3160);
#3159 = CARTESIAN_POINT('',(111.07475,-127.9875,0.));
#3160 = VECTOR('',#3161,1.);
#3161 = DIRECTION('',(0.,0.,1.));
#3162 = ORIENTED_EDGE('',*,*,#3163,.F.);
#3163 = EDGE_CURVE('',#3124,#3156,#3164,.T.);
#3164 = CIRCLE('',#3165,0.497791245294);
#3165 = AXIS2_PLACEMENT_3D('',#3166,#3167,#3168);
#3166 = CARTESIAN_POINT('',(111.07886454997,-128.4852742403,0.));
#3167 = DIRECTION('',(0.,0.,1.));
#3168 = DIRECTION('',(0.991876523938,0.127204407395,-0.));
#3169 = CYLINDRICAL_SURFACE('',#3170,0.497791245294);
#3170 = AXIS2_PLACEMENT_3D('',#3171,#3172,#3173);
#3171 = CARTESIAN_POINT('',(111.07886454997,-128.4852742403,0.));
#3172 = DIRECTION('',(-0.,-0.,-1.));
#3173 = DIRECTION('',(0.991876523938,0.127204407395,-0.));
#3174 = ADVANCED_FACE('',(#3175),#3200,.T.);
#3175 = FACE_BOUND('',#3176,.T.);
#3176 = EDGE_LOOP('',(#3177,#3178,#3186,#3194));
#3177 = ORIENTED_EDGE('',*,*,#3155,.T.);
#3178 = ORIENTED_EDGE('',*,*,#3179,.T.);
#3179 = EDGE_CURVE('',#3147,#3180,#3182,.T.);
#3180 = VERTEX_POINT('',#3181);
#3181 = CARTESIAN_POINT('',(98.47475,-127.9875,1.59));
#3182 = LINE('',#3183,#3184);
#3183 = CARTESIAN_POINT('',(111.07475,-127.9875,1.59));
#3184 = VECTOR('',#3185,1.);
#3185 = DIRECTION('',(-1.,0.,0.));
#3186 = ORIENTED_EDGE('',*,*,#3187,.F.);
#3187 = EDGE_CURVE('',#3188,#3180,#3190,.T.);
#3188 = VERTEX_POINT('',#3189);
#3189 = CARTESIAN_POINT('',(98.47475,-127.9875,0.));
#3190 = LINE('',#3191,#3192);
#3191 = CARTESIAN_POINT('',(98.47475,-127.9875,0.));
#3192 = VECTOR('',#3193,1.);
#3193 = DIRECTION('',(0.,0.,1.));
#3194 = ORIENTED_EDGE('',*,*,#3195,.F.);
#3195 = EDGE_CURVE('',#3156,#3188,#3196,.T.);
#3196 = LINE('',#3197,#3198);
#3197 = CARTESIAN_POINT('',(111.07475,-127.9875,0.));
#3198 = VECTOR('',#3199,1.);
#3199 = DIRECTION('',(-1.,0.,0.));
#3200 = PLANE('',#3201);
#3201 = AXIS2_PLACEMENT_3D('',#3202,#3203,#3204);
#3202 = CARTESIAN_POINT('',(111.07475,-127.9875,0.));
#3203 = DIRECTION('',(0.,-1.,0.));
#3204 = DIRECTION('',(-1.,0.,0.));
#3205 = ADVANCED_FACE('',(#3206),#3222,.T.);
#3206 = FACE_BOUND('',#3207,.T.);
#3207 = EDGE_LOOP('',(#3208,#3209,#3215,#3216));
#3208 = ORIENTED_EDGE('',*,*,#3187,.T.);
#3209 = ORIENTED_EDGE('',*,*,#3210,.T.);
#3210 = EDGE_CURVE('',#3180,#2854,#3211,.T.);
#3211 = LINE('',#3212,#3213);
#3212 = CARTESIAN_POINT('',(98.47475,-127.9875,1.59));
#3213 = VECTOR('',#3214,1.);
#3214 = DIRECTION('',(-0.999464865433,-3.271059103375E-02,0.));
#3215 = ORIENTED_EDGE('',*,*,#2851,.F.);
#3216 = ORIENTED_EDGE('',*,*,#3217,.F.);
#3217 = EDGE_CURVE('',#3188,#2852,#3218,.T.);
#3218 = LINE('',#3219,#3220);
#3219 = CARTESIAN_POINT('',(98.47475,-127.9875,0.));
#3220 = VECTOR('',#3221,1.);
#3221 = DIRECTION('',(-0.999464865433,-3.271059103375E-02,0.));
#3222 = PLANE('',#3223);
#3223 = AXIS2_PLACEMENT_3D('',#3224,#3225,#3226);
#3224 = CARTESIAN_POINT('',(98.47475,-127.9875,0.));
#3225 = DIRECTION('',(3.271059103375E-02,-0.999464865433,0.));
#3226 = DIRECTION('',(-0.999464865433,-3.271059103375E-02,0.));
#3227 = ADVANCED_FACE('',(#3228),#3264,.F.);
#3228 = FACE_BOUND('',#3229,.T.);
#3229 = EDGE_LOOP('',(#3230,#3240,#3249,#3257));
#3230 = ORIENTED_EDGE('',*,*,#3231,.T.);
#3231 = EDGE_CURVE('',#3232,#3234,#3236,.T.);
#3232 = VERTEX_POINT('',#3233);
#3233 = CARTESIAN_POINT('',(198.42221,-127.989645,0.));
#3234 = VERTEX_POINT('',#3235);
#3235 = CARTESIAN_POINT('',(198.42221,-127.989645,1.59));
#3236 = LINE('',#3237,#3238);
#3237 = CARTESIAN_POINT('',(198.42221,-127.989645,0.));
#3238 = VECTOR('',#3239,1.);
#3239 = DIRECTION('',(0.,0.,1.));
#3240 = ORIENTED_EDGE('',*,*,#3241,.T.);
#3241 = EDGE_CURVE('',#3234,#3242,#3244,.T.);
#3242 = VERTEX_POINT('',#3243);
#3243 = CARTESIAN_POINT('',(197.98775,-128.4875,1.59));
#3244 = CIRCLE('',#3245,0.497939822341);
#3245 = AXIS2_PLACEMENT_3D('',#3246,#3247,#3248);
#3246 = CARTESIAN_POINT('',(198.48567394751,-128.4835239264,1.59));
#3247 = DIRECTION('',(0.,0.,1.));
#3248 = DIRECTION('',(-0.127453046876,0.991844605189,0.));
#3249 = ORIENTED_EDGE('',*,*,#3250,.F.);
#3250 = EDGE_CURVE('',#3251,#3242,#3253,.T.);
#3251 = VERTEX_POINT('',#3252);
#3252 = CARTESIAN_POINT('',(197.98775,-128.4875,0.));
#3253 = LINE('',#3254,#3255);
#3254 = CARTESIAN_POINT('',(197.98775,-128.4875,0.));
#3255 = VECTOR('',#3256,1.);
#3256 = DIRECTION('',(0.,0.,1.));
#3257 = ORIENTED_EDGE('',*,*,#3258,.F.);
#3258 = EDGE_CURVE('',#3232,#3251,#3259,.T.);
#3259 = CIRCLE('',#3260,0.497939822341);
#3260 = AXIS2_PLACEMENT_3D('',#3261,#3262,#3263);
#3261 = CARTESIAN_POINT('',(198.48567394751,-128.4835239264,0.));
#3262 = DIRECTION('',(0.,0.,1.));
#3263 = DIRECTION('',(-0.127453046876,0.991844605189,0.));
#3264 = CYLINDRICAL_SURFACE('',#3265,0.497939822341);
#3265 = AXIS2_PLACEMENT_3D('',#3266,#3267,#3268);
#3266 = CARTESIAN_POINT('',(198.48567394751,-128.4835239264,0.));
#3267 = DIRECTION('',(-0.,-0.,-1.));
#3268 = DIRECTION('',(-0.127453046876,0.991844605189,0.));
#3269 = ADVANCED_FACE('',(#3270),#3295,.T.);
#3270 = FACE_BOUND('',#3271,.T.);
#3271 = EDGE_LOOP('',(#3272,#3273,#3281,#3289));
#3272 = ORIENTED_EDGE('',*,*,#3250,.T.);
#3273 = ORIENTED_EDGE('',*,*,#3274,.T.);
#3274 = EDGE_CURVE('',#3242,#3275,#3277,.T.);
#3275 = VERTEX_POINT('',#3276);
#3276 = CARTESIAN_POINT('',(197.98775,-141.3875,1.59));
#3277 = LINE('',#3278,#3279);
#3278 = CARTESIAN_POINT('',(197.98775,-128.4875,1.59));
#3279 = VECTOR('',#3280,1.);
#3280 = DIRECTION('',(0.,-1.,0.));
#3281 = ORIENTED_EDGE('',*,*,#3282,.F.);
#3282 = EDGE_CURVE('',#3283,#3275,#3285,.T.);
#3283 = VERTEX_POINT('',#3284);
#3284 = CARTESIAN_POINT('',(197.98775,-141.3875,0.));
#3285 = LINE('',#3286,#3287);
#3286 = CARTESIAN_POINT('',(197.98775,-141.3875,0.));
#3287 = VECTOR('',#3288,1.);
#3288 = DIRECTION('',(0.,0.,1.));
#3289 = ORIENTED_EDGE('',*,*,#3290,.F.);
#3290 = EDGE_CURVE('',#3251,#3283,#3291,.T.);
#3291 = LINE('',#3292,#3293);
#3292 = CARTESIAN_POINT('',(197.98775,-128.4875,0.));
#3293 = VECTOR('',#3294,1.);
#3294 = DIRECTION('',(0.,-1.,0.));
#3295 = PLANE('',#3296);
#3296 = AXIS2_PLACEMENT_3D('',#3297,#3298,#3299);
#3297 = CARTESIAN_POINT('',(197.98775,-128.4875,0.));
#3298 = DIRECTION('',(1.,0.,-0.));
#3299 = DIRECTION('',(0.,-1.,0.));
#3300 = ADVANCED_FACE('',(#3301),#3326,.T.);
#3301 = FACE_BOUND('',#3302,.T.);
#3302 = EDGE_LOOP('',(#3303,#3304,#3312,#3320));
#3303 = ORIENTED_EDGE('',*,*,#3282,.T.);
#3304 = ORIENTED_EDGE('',*,*,#3305,.T.);
#3305 = EDGE_CURVE('',#3275,#3306,#3308,.T.);
#3306 = VERTEX_POINT('',#3307);
#3307 = CARTESIAN_POINT('',(197.989888,-141.453047,1.59));
#3308 = LINE('',#3309,#3310);
#3309 = CARTESIAN_POINT('',(197.98775,-141.3875,1.59));
#3310 = VECTOR('',#3311,1.);
#3311 = DIRECTION('',(3.260047865156E-02,-0.99946846313,0.));
#3312 = ORIENTED_EDGE('',*,*,#3313,.F.);
#3313 = EDGE_CURVE('',#3314,#3306,#3316,.T.);
#3314 = VERTEX_POINT('',#3315);
#3315 = CARTESIAN_POINT('',(197.989888,-141.453047,0.));
#3316 = LINE('',#3317,#3318);
#3317 = CARTESIAN_POINT('',(197.989888,-141.453047,0.));
#3318 = VECTOR('',#3319,1.);
#3319 = DIRECTION('',(0.,0.,1.));
#3320 = ORIENTED_EDGE('',*,*,#3321,.F.);
#3321 = EDGE_CURVE('',#3283,#3314,#3322,.T.);
#3322 = LINE('',#3323,#3324);
#3323 = CARTESIAN_POINT('',(197.98775,-141.3875,0.));
#3324 = VECTOR('',#3325,1.);
#3325 = DIRECTION('',(3.260047865156E-02,-0.99946846313,0.));
#3326 = PLANE('',#3327);
#3327 = AXIS2_PLACEMENT_3D('',#3328,#3329,#3330);
#3328 = CARTESIAN_POINT('',(197.98775,-141.3875,0.));
#3329 = DIRECTION('',(0.99946846313,3.260047865156E-02,-0.));
#3330 = DIRECTION('',(3.260047865156E-02,-0.99946846313,0.));
#3331 = ADVANCED_FACE('',(#3332),#3359,.F.);
#3332 = FACE_BOUND('',#3333,.T.);
#3333 = EDGE_LOOP('',(#3334,#3335,#3344,#3352));
#3334 = ORIENTED_EDGE('',*,*,#3313,.T.);
#3335 = ORIENTED_EDGE('',*,*,#3336,.T.);
#3336 = EDGE_CURVE('',#3306,#3337,#3339,.T.);
#3337 = VERTEX_POINT('',#3338);
#3338 = CARTESIAN_POINT('',(198.48775,-141.8875,1.59));
#3339 = CIRCLE('',#3340,0.497791245294);
#3340 = AXIS2_PLACEMENT_3D('',#3341,#3342,#3343);
#3341 = CARTESIAN_POINT('',(198.48363545002,-141.3897257596,1.59));
#3342 = DIRECTION('',(0.,0.,1.));
#3343 = DIRECTION('',(-0.991876523938,-0.127204407395,0.));
#3344 = ORIENTED_EDGE('',*,*,#3345,.F.);
#3345 = EDGE_CURVE('',#3346,#3337,#3348,.T.);
#3346 = VERTEX_POINT('',#3347);
#3347 = CARTESIAN_POINT('',(198.48775,-141.8875,0.));
#3348 = LINE('',#3349,#3350);
#3349 = CARTESIAN_POINT('',(198.48775,-141.8875,0.));
#3350 = VECTOR('',#3351,1.);
#3351 = DIRECTION('',(0.,0.,1.));
#3352 = ORIENTED_EDGE('',*,*,#3353,.F.);
#3353 = EDGE_CURVE('',#3314,#3346,#3354,.T.);
#3354 = CIRCLE('',#3355,0.497791245294);
#3355 = AXIS2_PLACEMENT_3D('',#3356,#3357,#3358);
#3356 = CARTESIAN_POINT('',(198.48363545002,-141.3897257596,0.));
#3357 = DIRECTION('',(0.,0.,1.));
#3358 = DIRECTION('',(-0.991876523938,-0.127204407395,0.));
#3359 = CYLINDRICAL_SURFACE('',#3360,0.497791245294);
#3360 = AXIS2_PLACEMENT_3D('',#3361,#3362,#3363);
#3361 = CARTESIAN_POINT('',(198.48363545002,-141.3897257596,0.));
#3362 = DIRECTION('',(-0.,-0.,-1.));
#3363 = DIRECTION('',(-0.991876523938,-0.127204407395,0.));
#3364 = ADVANCED_FACE('',(#3365),#3390,.T.);
#3365 = FACE_BOUND('',#3366,.T.);
#3366 = EDGE_LOOP('',(#3367,#3368,#3376,#3384));
#3367 = ORIENTED_EDGE('',*,*,#3345,.T.);
#3368 = ORIENTED_EDGE('',*,*,#3369,.T.);
#3369 = EDGE_CURVE('',#3337,#3370,#3372,.T.);
#3370 = VERTEX_POINT('',#3371);
#3371 = CARTESIAN_POINT('',(211.08775,-141.8875,1.59));
#3372 = LINE('',#3373,#3374);
#3373 = CARTESIAN_POINT('',(198.48775,-141.8875,1.59));
#3374 = VECTOR('',#3375,1.);
#3375 = DIRECTION('',(1.,0.,0.));
#3376 = ORIENTED_EDGE('',*,*,#3377,.F.);
#3377 = EDGE_CURVE('',#3378,#3370,#3380,.T.);
#3378 = VERTEX_POINT('',#3379);
#3379 = CARTESIAN_POINT('',(211.08775,-141.8875,0.));
#3380 = LINE('',#3381,#3382);
#3381 = CARTESIAN_POINT('',(211.08775,-141.8875,0.));
#3382 = VECTOR('',#3383,1.);
#3383 = DIRECTION('',(0.,0.,1.));
#3384 = ORIENTED_EDGE('',*,*,#3385,.F.);
#3385 = EDGE_CURVE('',#3346,#3378,#3386,.T.);
#3386 = LINE('',#3387,#3388);
#3387 = CARTESIAN_POINT('',(198.48775,-141.8875,0.));
#3388 = VECTOR('',#3389,1.);
#3389 = DIRECTION('',(1.,0.,0.));
#3390 = PLANE('',#3391);
#3391 = AXIS2_PLACEMENT_3D('',#3392,#3393,#3394);
#3392 = CARTESIAN_POINT('',(198.48775,-141.8875,0.));
#3393 = DIRECTION('',(0.,1.,0.));
#3394 = DIRECTION('',(1.,0.,0.));
#3395 = ADVANCED_FACE('',(#3396),#3421,.T.);
#3396 = FACE_BOUND('',#3397,.T.);
#3397 = EDGE_LOOP('',(#3398,#3399,#3407,#3415));
#3398 = ORIENTED_EDGE('',*,*,#3377,.T.);
#3399 = ORIENTED_EDGE('',*,*,#3400,.T.);
#3400 = EDGE_CURVE('',#3370,#3401,#3403,.T.);
#3401 = VERTEX_POINT('',#3402);
#3402 = CARTESIAN_POINT('',(211.15329,-141.885355,1.59));
#3403 = LINE('',#3404,#3405);
#3404 = CARTESIAN_POINT('',(211.08775,-141.8875,1.59));
#3405 = VECTOR('',#3406,1.);
#3406 = DIRECTION('',(0.999464865433,3.271059103353E-02,0.));
#3407 = ORIENTED_EDGE('',*,*,#3408,.F.);
#3408 = EDGE_CURVE('',#3409,#3401,#3411,.T.);
#3409 = VERTEX_POINT('',#3410);
#3410 = CARTESIAN_POINT('',(211.15329,-141.885355,0.));
#3411 = LINE('',#3412,#3413);
#3412 = CARTESIAN_POINT('',(211.15329,-141.885355,0.));
#3413 = VECTOR('',#3414,1.);
#3414 = DIRECTION('',(0.,0.,1.));
#3415 = ORIENTED_EDGE('',*,*,#3416,.F.);
#3416 = EDGE_CURVE('',#3378,#3409,#3417,.T.);
#3417 = LINE('',#3418,#3419);
#3418 = CARTESIAN_POINT('',(211.08775,-141.8875,0.));
#3419 = VECTOR('',#3420,1.);
#3420 = DIRECTION('',(0.999464865433,3.271059103353E-02,0.));
#3421 = PLANE('',#3422);
#3422 = AXIS2_PLACEMENT_3D('',#3423,#3424,#3425);
#3423 = CARTESIAN_POINT('',(211.08775,-141.8875,0.));
#3424 = DIRECTION('',(-3.271059103353E-02,0.999464865433,0.));
#3425 = DIRECTION('',(0.999464865433,3.271059103353E-02,0.));
#3426 = ADVANCED_FACE('',(#3427),#3454,.F.);
#3427 = FACE_BOUND('',#3428,.T.);
#3428 = EDGE_LOOP('',(#3429,#3430,#3439,#3447));
#3429 = ORIENTED_EDGE('',*,*,#3408,.T.);
#3430 = ORIENTED_EDGE('',*,*,#3431,.T.);
#3431 = EDGE_CURVE('',#3401,#3432,#3434,.T.);
#3432 = VERTEX_POINT('',#3433);
#3433 = CARTESIAN_POINT('',(211.58775,-141.3875,1.59));
#3434 = CIRCLE('',#3435,0.497939822341);
#3435 = AXIS2_PLACEMENT_3D('',#3436,#3437,#3438);
#3436 = CARTESIAN_POINT('',(211.08982605248,-141.3914760735,1.59));
#3437 = DIRECTION('',(0.,0.,1.));
#3438 = DIRECTION('',(0.127453046876,-0.991844605189,0.));
#3439 = ORIENTED_EDGE('',*,*,#3440,.F.);
#3440 = EDGE_CURVE('',#3441,#3432,#3443,.T.);
#3441 = VERTEX_POINT('',#3442);
#3442 = CARTESIAN_POINT('',(211.58775,-141.3875,0.));
#3443 = LINE('',#3444,#3445);
#3444 = CARTESIAN_POINT('',(211.58775,-141.3875,0.));
#3445 = VECTOR('',#3446,1.);
#3446 = DIRECTION('',(0.,0.,1.));
#3447 = ORIENTED_EDGE('',*,*,#3448,.F.);
#3448 = EDGE_CURVE('',#3409,#3441,#3449,.T.);
#3449 = CIRCLE('',#3450,0.497939822341);
#3450 = AXIS2_PLACEMENT_3D('',#3451,#3452,#3453);
#3451 = CARTESIAN_POINT('',(211.08982605248,-141.3914760735,0.));
#3452 = DIRECTION('',(0.,0.,1.));
#3453 = DIRECTION('',(0.127453046876,-0.991844605189,0.));
#3454 = CYLINDRICAL_SURFACE('',#3455,0.497939822341);
#3455 = AXIS2_PLACEMENT_3D('',#3456,#3457,#3458);
#3456 = CARTESIAN_POINT('',(211.08982605248,-141.3914760735,0.));
#3457 = DIRECTION('',(-0.,-0.,-1.));
#3458 = DIRECTION('',(0.127453046876,-0.991844605189,0.));
#3459 = ADVANCED_FACE('',(#3460),#3485,.T.);
#3460 = FACE_BOUND('',#3461,.T.);
#3461 = EDGE_LOOP('',(#3462,#3463,#3471,#3479));
#3462 = ORIENTED_EDGE('',*,*,#3440,.T.);
#3463 = ORIENTED_EDGE('',*,*,#3464,.T.);
#3464 = EDGE_CURVE('',#3432,#3465,#3467,.T.);
#3465 = VERTEX_POINT('',#3466);
#3466 = CARTESIAN_POINT('',(211.58775,-128.4875,1.59));
#3467 = LINE('',#3468,#3469);
#3468 = CARTESIAN_POINT('',(211.58775,-141.3875,1.59));
#3469 = VECTOR('',#3470,1.);
#3470 = DIRECTION('',(0.,1.,0.));
#3471 = ORIENTED_EDGE('',*,*,#3472,.F.);
#3472 = EDGE_CURVE('',#3473,#3465,#3475,.T.);
#3473 = VERTEX_POINT('',#3474);
#3474 = CARTESIAN_POINT('',(211.58775,-128.4875,0.));
#3475 = LINE('',#3476,#3477);
#3476 = CARTESIAN_POINT('',(211.58775,-128.4875,0.));
#3477 = VECTOR('',#3478,1.);
#3478 = DIRECTION('',(0.,0.,1.));
#3479 = ORIENTED_EDGE('',*,*,#3480,.F.);
#3480 = EDGE_CURVE('',#3441,#3473,#3481,.T.);
#3481 = LINE('',#3482,#3483);
#3482 = CARTESIAN_POINT('',(211.58775,-141.3875,0.));
#3483 = VECTOR('',#3484,1.);
#3484 = DIRECTION('',(0.,1.,0.));
#3485 = PLANE('',#3486);
#3486 = AXIS2_PLACEMENT_3D('',#3487,#3488,#3489);
#3487 = CARTESIAN_POINT('',(211.58775,-141.3875,0.));
#3488 = DIRECTION('',(-1.,0.,0.));
#3489 = DIRECTION('',(0.,1.,0.));
#3490 = ADVANCED_FACE('',(#3491),#3516,.T.);
#3491 = FACE_BOUND('',#3492,.T.);
#3492 = EDGE_LOOP('',(#3493,#3494,#3502,#3510));
#3493 = ORIENTED_EDGE('',*,*,#3472,.T.);
#3494 = ORIENTED_EDGE('',*,*,#3495,.T.);
#3495 = EDGE_CURVE('',#3465,#3496,#3498,.T.);
#3496 = VERTEX_POINT('',#3497);
#3497 = CARTESIAN_POINT('',(211.585612,-128.421953,1.59));
#3498 = LINE('',#3499,#3500);
#3499 = CARTESIAN_POINT('',(211.58775,-128.4875,1.59));
#3500 = VECTOR('',#3501,1.);
#3501 = DIRECTION('',(-3.260047865156E-02,0.99946846313,0.));
#3502 = ORIENTED_EDGE('',*,*,#3503,.F.);
#3503 = EDGE_CURVE('',#3504,#3496,#3506,.T.);
#3504 = VERTEX_POINT('',#3505);
#3505 = CARTESIAN_POINT('',(211.585612,-128.421953,0.));
#3506 = LINE('',#3507,#3508);
#3507 = CARTESIAN_POINT('',(211.585612,-128.421953,0.));
#3508 = VECTOR('',#3509,1.);
#3509 = DIRECTION('',(0.,0.,1.));
#3510 = ORIENTED_EDGE('',*,*,#3511,.F.);
#3511 = EDGE_CURVE('',#3473,#3504,#3512,.T.);
#3512 = LINE('',#3513,#3514);
#3513 = CARTESIAN_POINT('',(211.58775,-128.4875,0.));
#3514 = VECTOR('',#3515,1.);
#3515 = DIRECTION('',(-3.260047865156E-02,0.99946846313,0.));
#3516 = PLANE('',#3517);
#3517 = AXIS2_PLACEMENT_3D('',#3518,#3519,#3520);
#3518 = CARTESIAN_POINT('',(211.58775,-128.4875,0.));
#3519 = DIRECTION('',(-0.99946846313,-3.260047865156E-02,0.));
#3520 = DIRECTION('',(-3.260047865156E-02,0.99946846313,0.));
#3521 = ADVANCED_FACE('',(#3522),#3549,.F.);
#3522 = FACE_BOUND('',#3523,.T.);
#3523 = EDGE_LOOP('',(#3524,#3525,#3534,#3542));
#3524 = ORIENTED_EDGE('',*,*,#3503,.T.);
#3525 = ORIENTED_EDGE('',*,*,#3526,.T.);
#3526 = EDGE_CURVE('',#3496,#3527,#3529,.T.);
#3527 = VERTEX_POINT('',#3528);
#3528 = CARTESIAN_POINT('',(211.08775,-127.9875,1.59));
#3529 = CIRCLE('',#3530,0.497791245294);
#3530 = AXIS2_PLACEMENT_3D('',#3531,#3532,#3533);
#3531 = CARTESIAN_POINT('',(211.09186454997,-128.4852742403,1.59));
#3532 = DIRECTION('',(0.,0.,1.));
#3533 = DIRECTION('',(0.991876523938,0.127204407395,-0.));
#3534 = ORIENTED_EDGE('',*,*,#3535,.F.);
#3535 = EDGE_CURVE('',#3536,#3527,#3538,.T.);
#3536 = VERTEX_POINT('',#3537);
#3537 = CARTESIAN_POINT('',(211.08775,-127.9875,0.));
#3538 = LINE('',#3539,#3540);
#3539 = CARTESIAN_POINT('',(211.08775,-127.9875,0.));
#3540 = VECTOR('',#3541,1.);
#3541 = DIRECTION('',(0.,0.,1.));
#3542 = ORIENTED_EDGE('',*,*,#3543,.F.);
#3543 = EDGE_CURVE('',#3504,#3536,#3544,.T.);
#3544 = CIRCLE('',#3545,0.497791245294);
#3545 = AXIS2_PLACEMENT_3D('',#3546,#3547,#3548);
#3546 = CARTESIAN_POINT('',(211.09186454997,-128.4852742403,0.));
#3547 = DIRECTION('',(0.,0.,1.));
#3548 = DIRECTION('',(0.991876523938,0.127204407395,-0.));
#3549 = CYLINDRICAL_SURFACE('',#3550,0.497791245294);
#3550 = AXIS2_PLACEMENT_3D('',#3551,#3552,#3553);
#3551 = CARTESIAN_POINT('',(211.09186454997,-128.4852742403,0.));
#3552 = DIRECTION('',(-0.,-0.,-1.));
#3553 = DIRECTION('',(0.991876523938,0.127204407395,-0.));
#3554 = ADVANCED_FACE('',(#3555),#3580,.T.);
#3555 = FACE_BOUND('',#3556,.T.);
#3556 = EDGE_LOOP('',(#3557,#3558,#3566,#3574));
#3557 = ORIENTED_EDGE('',*,*,#3535,.T.);
#3558 = ORIENTED_EDGE('',*,*,#3559,.T.);
#3559 = EDGE_CURVE('',#3527,#3560,#3562,.T.);
#3560 = VERTEX_POINT('',#3561);
#3561 = CARTESIAN_POINT('',(198.48775,-127.9875,1.59));
#3562 = LINE('',#3563,#3564);
#3563 = CARTESIAN_POINT('',(211.08775,-127.9875,1.59));
#3564 = VECTOR('',#3565,1.);
#3565 = DIRECTION('',(-1.,0.,0.));
#3566 = ORIENTED_EDGE('',*,*,#3567,.F.);
#3567 = EDGE_CURVE('',#3568,#3560,#3570,.T.);
#3568 = VERTEX_POINT('',#3569);
#3569 = CARTESIAN_POINT('',(198.48775,-127.9875,0.));
#3570 = LINE('',#3571,#3572);
#3571 = CARTESIAN_POINT('',(198.48775,-127.9875,0.));
#3572 = VECTOR('',#3573,1.);
#3573 = DIRECTION('',(0.,0.,1.));
#3574 = ORIENTED_EDGE('',*,*,#3575,.F.);
#3575 = EDGE_CURVE('',#3536,#3568,#3576,.T.);
#3576 = LINE('',#3577,#3578);
#3577 = CARTESIAN_POINT('',(211.08775,-127.9875,0.));
#3578 = VECTOR('',#3579,1.);
#3579 = DIRECTION('',(-1.,0.,0.));
#3580 = PLANE('',#3581);
#3581 = AXIS2_PLACEMENT_3D('',#3582,#3583,#3584);
#3582 = CARTESIAN_POINT('',(211.08775,-127.9875,0.));
#3583 = DIRECTION('',(0.,-1.,0.));
#3584 = DIRECTION('',(-1.,0.,0.));
#3585 = ADVANCED_FACE('',(#3586),#3602,.T.);
#3586 = FACE_BOUND('',#3587,.T.);
#3587 = EDGE_LOOP('',(#3588,#3589,#3595,#3596));
#3588 = ORIENTED_EDGE('',*,*,#3567,.T.);
#3589 = ORIENTED_EDGE('',*,*,#3590,.T.);
#3590 = EDGE_CURVE('',#3560,#3234,#3591,.T.);
#3591 = LINE('',#3592,#3593);
#3592 = CARTESIAN_POINT('',(198.48775,-127.9875,1.59));
#3593 = VECTOR('',#3594,1.);
#3594 = DIRECTION('',(-0.999464865433,-3.271059103375E-02,0.));
#3595 = ORIENTED_EDGE('',*,*,#3231,.F.);
#3596 = ORIENTED_EDGE('',*,*,#3597,.F.);
#3597 = EDGE_CURVE('',#3568,#3232,#3598,.T.);
#3598 = LINE('',#3599,#3600);
#3599 = CARTESIAN_POINT('',(198.48775,-127.9875,0.));
#3600 = VECTOR('',#3601,1.);
#3601 = DIRECTION('',(-0.999464865433,-3.271059103375E-02,0.));
#3602 = PLANE('',#3603);
#3603 = AXIS2_PLACEMENT_3D('',#3604,#3605,#3606);
#3604 = CARTESIAN_POINT('',(198.48775,-127.9875,0.));
#3605 = DIRECTION('',(3.271059103375E-02,-0.999464865433,0.));
#3606 = DIRECTION('',(-0.999464865433,-3.271059103375E-02,0.));
#3607 = ADVANCED_FACE('',(#3608),#3642,.T.);
#3608 = FACE_BOUND('',#3609,.T.);
#3609 = EDGE_LOOP('',(#3610,#3620,#3628,#3636));
#3610 = ORIENTED_EDGE('',*,*,#3611,.T.);
#3611 = EDGE_CURVE('',#3612,#3614,#3616,.T.);
#3612 = VERTEX_POINT('',#3613);
#3613 = CARTESIAN_POINT('',(178.308,-138.049,0.));
#3614 = VERTEX_POINT('',#3615);
#3615 = CARTESIAN_POINT('',(178.308,-138.049,1.59));
#3616 = LINE('',#3617,#3618);
#3617 = CARTESIAN_POINT('',(178.308,-138.049,0.));
#3618 = VECTOR('',#3619,1.);
#3619 = DIRECTION('',(0.,0.,1.));
#3620 = ORIENTED_EDGE('',*,*,#3621,.T.);
#3621 = EDGE_CURVE('',#3614,#3622,#3624,.T.);
#3622 = VERTEX_POINT('',#3623);
#3623 = CARTESIAN_POINT('',(181.991,-138.049,1.59));
#3624 = LINE('',#3625,#3626);
#3625 = CARTESIAN_POINT('',(178.308,-138.049,1.59));
#3626 = VECTOR('',#3627,1.);
#3627 = DIRECTION('',(1.,0.,0.));
#3628 = ORIENTED_EDGE('',*,*,#3629,.F.);
#3629 = EDGE_CURVE('',#3630,#3622,#3632,.T.);
#3630 = VERTEX_POINT('',#3631);
#3631 = CARTESIAN_POINT('',(181.991,-138.049,0.));
#3632 = LINE('',#3633,#3634);
#3633 = CARTESIAN_POINT('',(181.991,-138.049,0.));
#3634 = VECTOR('',#3635,1.);
#3635 = DIRECTION('',(0.,0.,1.));
#3636 = ORIENTED_EDGE('',*,*,#3637,.F.);
#3637 = EDGE_CURVE('',#3612,#3630,#3638,.T.);
#3638 = LINE('',#3639,#3640);
#3639 = CARTESIAN_POINT('',(178.308,-138.049,0.));
#3640 = VECTOR('',#3641,1.);
#3641 = DIRECTION('',(1.,0.,0.));
#3642 = PLANE('',#3643);
#3643 = AXIS2_PLACEMENT_3D('',#3644,#3645,#3646);
#3644 = CARTESIAN_POINT('',(178.308,-138.049,0.));
#3645 = DIRECTION('',(0.,1.,0.));
#3646 = DIRECTION('',(1.,0.,0.));
#3647 = ADVANCED_FACE('',(#3648),#3673,.T.);
#3648 = FACE_BOUND('',#3649,.T.);
#3649 = EDGE_LOOP('',(#3650,#3651,#3659,#3667));
#3650 = ORIENTED_EDGE('',*,*,#3629,.T.);
#3651 = ORIENTED_EDGE('',*,*,#3652,.T.);
#3652 = EDGE_CURVE('',#3622,#3653,#3655,.T.);
#3653 = VERTEX_POINT('',#3654);
#3654 = CARTESIAN_POINT('',(181.991,-131.826,1.59));
#3655 = LINE('',#3656,#3657);
#3656 = CARTESIAN_POINT('',(181.991,-138.049,1.59));
#3657 = VECTOR('',#3658,1.);
#3658 = DIRECTION('',(0.,1.,0.));
#3659 = ORIENTED_EDGE('',*,*,#3660,.F.);
#3660 = EDGE_CURVE('',#3661,#3653,#3663,.T.);
#3661 = VERTEX_POINT('',#3662);
#3662 = CARTESIAN_POINT('',(181.991,-131.826,0.));
#3663 = LINE('',#3664,#3665);
#3664 = CARTESIAN_POINT('',(181.991,-131.826,0.));
#3665 = VECTOR('',#3666,1.);
#3666 = DIRECTION('',(0.,0.,1.));
#3667 = ORIENTED_EDGE('',*,*,#3668,.F.);
#3668 = EDGE_CURVE('',#3630,#3661,#3669,.T.);
#3669 = LINE('',#3670,#3671);
#3670 = CARTESIAN_POINT('',(181.991,-138.049,0.));
#3671 = VECTOR('',#3672,1.);
#3672 = DIRECTION('',(0.,1.,0.));
#3673 = PLANE('',#3674);
#3674 = AXIS2_PLACEMENT_3D('',#3675,#3676,#3677);
#3675 = CARTESIAN_POINT('',(181.991,-138.049,0.));
#3676 = DIRECTION('',(-1.,0.,0.));
#3677 = DIRECTION('',(0.,1.,0.));
#3678 = ADVANCED_FACE('',(#3679),#3704,.T.);
#3679 = FACE_BOUND('',#3680,.T.);
#3680 = EDGE_LOOP('',(#3681,#3682,#3690,#3698));
#3681 = ORIENTED_EDGE('',*,*,#3660,.T.);
#3682 = ORIENTED_EDGE('',*,*,#3683,.T.);
#3683 = EDGE_CURVE('',#3653,#3684,#3686,.T.);
#3684 = VERTEX_POINT('',#3685);
#3685 = CARTESIAN_POINT('',(178.308,-131.826,1.59));
#3686 = LINE('',#3687,#3688);
#3687 = CARTESIAN_POINT('',(181.991,-131.826,1.59));
#3688 = VECTOR('',#3689,1.);
#3689 = DIRECTION('',(-1.,0.,0.));
#3690 = ORIENTED_EDGE('',*,*,#3691,.F.);
#3691 = EDGE_CURVE('',#3692,#3684,#3694,.T.);
#3692 = VERTEX_POINT('',#3693);
#3693 = CARTESIAN_POINT('',(178.308,-131.826,0.));
#3694 = LINE('',#3695,#3696);
#3695 = CARTESIAN_POINT('',(178.308,-131.826,0.));
#3696 = VECTOR('',#3697,1.);
#3697 = DIRECTION('',(0.,0.,1.));
#3698 = ORIENTED_EDGE('',*,*,#3699,.F.);
#3699 = EDGE_CURVE('',#3661,#3692,#3700,.T.);
#3700 = LINE('',#3701,#3702);
#3701 = CARTESIAN_POINT('',(181.991,-131.826,0.));
#3702 = VECTOR('',#3703,1.);
#3703 = DIRECTION('',(-1.,0.,0.));
#3704 = PLANE('',#3705);
#3705 = AXIS2_PLACEMENT_3D('',#3706,#3707,#3708);
#3706 = CARTESIAN_POINT('',(181.991,-131.826,0.));
#3707 = DIRECTION('',(0.,-1.,0.));
#3708 = DIRECTION('',(-1.,0.,0.));
#3709 = ADVANCED_FACE('',(#3710),#3726,.T.);
#3710 = FACE_BOUND('',#3711,.T.);
#3711 = EDGE_LOOP('',(#3712,#3713,#3719,#3720));
#3712 = ORIENTED_EDGE('',*,*,#3691,.T.);
#3713 = ORIENTED_EDGE('',*,*,#3714,.T.);
#3714 = EDGE_CURVE('',#3684,#3614,#3715,.T.);
#3715 = LINE('',#3716,#3717);
#3716 = CARTESIAN_POINT('',(178.308,-131.826,1.59));
#3717 = VECTOR('',#3718,1.);
#3718 = DIRECTION('',(0.,-1.,0.));
#3719 = ORIENTED_EDGE('',*,*,#3611,.F.);
#3720 = ORIENTED_EDGE('',*,*,#3721,.F.);
#3721 = EDGE_CURVE('',#3692,#3612,#3722,.T.);
#3722 = LINE('',#3723,#3724);
#3723 = CARTESIAN_POINT('',(178.308,-131.826,0.));
#3724 = VECTOR('',#3725,1.);
#3725 = DIRECTION('',(0.,-1.,0.));
#3726 = PLANE('',#3727);
#3727 = AXIS2_PLACEMENT_3D('',#3728,#3729,#3730);
#3728 = CARTESIAN_POINT('',(178.308,-131.826,0.));
#3729 = DIRECTION('',(1.,0.,-0.));
#3730 = DIRECTION('',(0.,-1.,0.));
#3731 = ADVANCED_FACE('',(#3732),#3759,.F.);
#3732 = FACE_BOUND('',#3733,.T.);
#3733 = EDGE_LOOP('',(#3734,#3744,#3751,#3752));
#3734 = ORIENTED_EDGE('',*,*,#3735,.T.);
#3735 = EDGE_CURVE('',#3736,#3738,#3740,.T.);
#3736 = VERTEX_POINT('',#3737);
#3737 = CARTESIAN_POINT('',(50.80625,-134.9375,0.));
#3738 = VERTEX_POINT('',#3739);
#3739 = CARTESIAN_POINT('',(50.80625,-134.9375,1.59));
#3740 = LINE('',#3741,#3742);
#3741 = CARTESIAN_POINT('',(50.80625,-134.9375,0.));
#3742 = VECTOR('',#3743,1.);
#3743 = DIRECTION('',(0.,0.,1.));
#3744 = ORIENTED_EDGE('',*,*,#3745,.T.);
#3745 = EDGE_CURVE('',#3738,#3738,#3746,.T.);
#3746 = CIRCLE('',#3747,0.8);
#3747 = AXIS2_PLACEMENT_3D('',#3748,#3749,#3750);
#3748 = CARTESIAN_POINT('',(50.00625,-134.9375,1.59));
#3749 = DIRECTION('',(0.,0.,1.));
#3750 = DIRECTION('',(1.,0.,-0.));
#3751 = ORIENTED_EDGE('',*,*,#3735,.F.);
#3752 = ORIENTED_EDGE('',*,*,#3753,.F.);
#3753 = EDGE_CURVE('',#3736,#3736,#3754,.T.);
#3754 = CIRCLE('',#3755,0.8);
#3755 = AXIS2_PLACEMENT_3D('',#3756,#3757,#3758);
#3756 = CARTESIAN_POINT('',(50.00625,-134.9375,0.));
#3757 = DIRECTION('',(0.,0.,1.));
#3758 = DIRECTION('',(1.,0.,-0.));
#3759 = CYLINDRICAL_SURFACE('',#3760,0.8);
#3760 = AXIS2_PLACEMENT_3D('',#3761,#3762,#3763);
#3761 = CARTESIAN_POINT('',(50.00625,-134.9375,0.));
#3762 = DIRECTION('',(-0.,-0.,-1.));
#3763 = DIRECTION('',(1.,0.,-0.));
#3764 = ADVANCED_FACE('',(#3765),#3792,.F.);
#3765 = FACE_BOUND('',#3766,.T.);
#3766 = EDGE_LOOP('',(#3767,#3777,#3784,#3785));
#3767 = ORIENTED_EDGE('',*,*,#3768,.T.);
#3768 = EDGE_CURVE('',#3769,#3771,#3773,.T.);
#3769 = VERTEX_POINT('',#3770);
#3770 = CARTESIAN_POINT('',(74.61875,-134.9375,0.));
#3771 = VERTEX_POINT('',#3772);
#3772 = CARTESIAN_POINT('',(74.61875,-134.9375,1.59));
#3773 = LINE('',#3774,#3775);
#3774 = CARTESIAN_POINT('',(74.61875,-134.9375,0.));
#3775 = VECTOR('',#3776,1.);
#3776 = DIRECTION('',(0.,0.,1.));
#3777 = ORIENTED_EDGE('',*,*,#3778,.T.);
#3778 = EDGE_CURVE('',#3771,#3771,#3779,.T.);
#3779 = CIRCLE('',#3780,0.8);
#3780 = AXIS2_PLACEMENT_3D('',#3781,#3782,#3783);
#3781 = CARTESIAN_POINT('',(73.81875,-134.9375,1.59));
#3782 = DIRECTION('',(0.,0.,1.));
#3783 = DIRECTION('',(1.,0.,-0.));
#3784 = ORIENTED_EDGE('',*,*,#3768,.F.);
#3785 = ORIENTED_EDGE('',*,*,#3786,.F.);
#3786 = EDGE_CURVE('',#3769,#3769,#3787,.T.);
#3787 = CIRCLE('',#3788,0.8);
#3788 = AXIS2_PLACEMENT_3D('',#3789,#3790,#3791);
#3789 = CARTESIAN_POINT('',(73.81875,-134.9375,0.));
#3790 = DIRECTION('',(0.,0.,1.));
#3791 = DIRECTION('',(1.,0.,-0.));
#3792 = CYLINDRICAL_SURFACE('',#3793,0.8);
#3793 = AXIS2_PLACEMENT_3D('',#3794,#3795,#3796);
#3794 = CARTESIAN_POINT('',(73.81875,-134.9375,0.));
#3795 = DIRECTION('',(-0.,-0.,-1.));
#3796 = DIRECTION('',(1.,0.,-0.));
#3797 = ADVANCED_FACE('',(#3798),#3825,.F.);
#3798 = FACE_BOUND('',#3799,.T.);
#3799 = EDGE_LOOP('',(#3800,#3810,#3817,#3818));
#3800 = ORIENTED_EDGE('',*,*,#3801,.T.);
#3801 = EDGE_CURVE('',#3802,#3804,#3806,.T.);
#3802 = VERTEX_POINT('',#3803);
#3803 = CARTESIAN_POINT('',(184.95,-134.9375,0.));
#3804 = VERTEX_POINT('',#3805);
#3805 = CARTESIAN_POINT('',(184.95,-134.9375,1.59));
#3806 = LINE('',#3807,#3808);
#3807 = CARTESIAN_POINT('',(184.95,-134.9375,0.));
#3808 = VECTOR('',#3809,1.);
#3809 = DIRECTION('',(0.,0.,1.));
#3810 = ORIENTED_EDGE('',*,*,#3811,.T.);
#3811 = EDGE_CURVE('',#3804,#3804,#3812,.T.);
#3812 = CIRCLE('',#3813,0.8);
#3813 = AXIS2_PLACEMENT_3D('',#3814,#3815,#3816);
#3814 = CARTESIAN_POINT('',(184.15,-134.9375,1.59));
#3815 = DIRECTION('',(0.,0.,1.));
#3816 = DIRECTION('',(1.,0.,-0.));
#3817 = ORIENTED_EDGE('',*,*,#3801,.F.);
#3818 = ORIENTED_EDGE('',*,*,#3819,.F.);
#3819 = EDGE_CURVE('',#3802,#3802,#3820,.T.);
#3820 = CIRCLE('',#3821,0.8);
#3821 = AXIS2_PLACEMENT_3D('',#3822,#3823,#3824);
#3822 = CARTESIAN_POINT('',(184.15,-134.9375,0.));
#3823 = DIRECTION('',(0.,0.,1.));
#3824 = DIRECTION('',(1.,0.,-0.));
#3825 = CYLINDRICAL_SURFACE('',#3826,0.8);
#3826 = AXIS2_PLACEMENT_3D('',#3827,#3828,#3829);
#3827 = CARTESIAN_POINT('',(184.15,-134.9375,0.));
#3828 = DIRECTION('',(-0.,-0.,-1.));
#3829 = DIRECTION('',(1.,0.,-0.));
#3830 = ADVANCED_FACE('',(#3831),#3858,.F.);
#3831 = FACE_BOUND('',#3832,.T.);
#3832 = EDGE_LOOP('',(#3833,#3843,#3850,#3851));
#3833 = ORIENTED_EDGE('',*,*,#3834,.T.);
#3834 = EDGE_CURVE('',#3835,#3837,#3839,.T.);
#3835 = VERTEX_POINT('',#3836);
#3836 = CARTESIAN_POINT('',(215.1125,-134.9375,0.));
#3837 = VERTEX_POINT('',#3838);
#3838 = CARTESIAN_POINT('',(215.1125,-134.9375,1.59));
#3839 = LINE('',#3840,#3841);
#3840 = CARTESIAN_POINT('',(215.1125,-134.9375,0.));
#3841 = VECTOR('',#3842,1.);
#3842 = DIRECTION('',(0.,0.,1.));
#3843 = ORIENTED_EDGE('',*,*,#3844,.T.);
#3844 = EDGE_CURVE('',#3837,#3837,#3845,.T.);
#3845 = CIRCLE('',#3846,0.8);
#3846 = AXIS2_PLACEMENT_3D('',#3847,#3848,#3849);
#3847 = CARTESIAN_POINT('',(214.3125,-134.9375,1.59));
#3848 = DIRECTION('',(0.,0.,1.));
#3849 = DIRECTION('',(1.,0.,-0.));
#3850 = ORIENTED_EDGE('',*,*,#3834,.F.);
#3851 = ORIENTED_EDGE('',*,*,#3852,.F.);
#3852 = EDGE_CURVE('',#3835,#3835,#3853,.T.);
#3853 = CIRCLE('',#3854,0.8);
#3854 = AXIS2_PLACEMENT_3D('',#3855,#3856,#3857);
#3855 = CARTESIAN_POINT('',(214.3125,-134.9375,0.));
#3856 = DIRECTION('',(0.,0.,1.));
#3857 = DIRECTION('',(1.,0.,-0.));
#3858 = CYLINDRICAL_SURFACE('',#3859,0.8);
#3859 = AXIS2_PLACEMENT_3D('',#3860,#3861,#3862);
#3860 = CARTESIAN_POINT('',(214.3125,-134.9375,0.));
#3861 = DIRECTION('',(-0.,-0.,-1.));
#3862 = DIRECTION('',(1.,0.,-0.));
#3863 = ADVANCED_FACE('',(#3864),#3891,.F.);
#3864 = FACE_BOUND('',#3865,.T.);
#3865 = EDGE_LOOP('',(#3866,#3876,#3883,#3884));
#3866 = ORIENTED_EDGE('',*,*,#3867,.T.);
#3867 = EDGE_CURVE('',#3868,#3870,#3872,.T.);
#3868 = VERTEX_POINT('',#3869);
#3869 = CARTESIAN_POINT('',(253.2125,-134.9375,0.));
#3870 = VERTEX_POINT('',#3871);
#3871 = CARTESIAN_POINT('',(253.2125,-134.9375,1.59));
#3872 = LINE('',#3873,#3874);
#3873 = CARTESIAN_POINT('',(253.2125,-134.9375,0.));
#3874 = VECTOR('',#3875,1.);
#3875 = DIRECTION('',(0.,0.,1.));
#3876 = ORIENTED_EDGE('',*,*,#3877,.T.);
#3877 = EDGE_CURVE('',#3870,#3870,#3878,.T.);
#3878 = CIRCLE('',#3879,0.8);
#3879 = AXIS2_PLACEMENT_3D('',#3880,#3881,#3882);
#3880 = CARTESIAN_POINT('',(252.4125,-134.9375,1.59));
#3881 = DIRECTION('',(0.,0.,1.));
#3882 = DIRECTION('',(1.,0.,-0.));
#3883 = ORIENTED_EDGE('',*,*,#3867,.F.);
#3884 = ORIENTED_EDGE('',*,*,#3885,.F.);
#3885 = EDGE_CURVE('',#3868,#3868,#3886,.T.);
#3886 = CIRCLE('',#3887,0.8);
#3887 = AXIS2_PLACEMENT_3D('',#3888,#3889,#3890);
#3888 = CARTESIAN_POINT('',(252.4125,-134.9375,0.));
#3889 = DIRECTION('',(0.,0.,1.));
#3890 = DIRECTION('',(1.,0.,-0.));
#3891 = CYLINDRICAL_SURFACE('',#3892,0.8);
#3892 = AXIS2_PLACEMENT_3D('',#3893,#3894,#3895);
#3893 = CARTESIAN_POINT('',(252.4125,-134.9375,0.));
#3894 = DIRECTION('',(-0.,-0.,-1.));
#3895 = DIRECTION('',(1.,0.,-0.));
#3896 = ADVANCED_FACE('',(#3897),#3931,.T.);
#3897 = FACE_BOUND('',#3898,.T.);
#3898 = EDGE_LOOP('',(#3899,#3909,#3917,#3925));
#3899 = ORIENTED_EDGE('',*,*,#3900,.T.);
#3900 = EDGE_CURVE('',#3901,#3903,#3905,.T.);
#3901 = VERTEX_POINT('',#3902);
#3902 = CARTESIAN_POINT('',(37.94375,-109.8875,0.));
#3903 = VERTEX_POINT('',#3904);
#3904 = CARTESIAN_POINT('',(37.94375,-109.8875,1.59));
#3905 = LINE('',#3906,#3907);
#3906 = CARTESIAN_POINT('',(37.94375,-109.8875,0.));
#3907 = VECTOR('',#3908,1.);
#3908 = DIRECTION('',(0.,0.,1.));
#3909 = ORIENTED_EDGE('',*,*,#3910,.T.);
#3910 = EDGE_CURVE('',#3903,#3911,#3913,.T.);
#3911 = VERTEX_POINT('',#3912);
#3912 = CARTESIAN_POINT('',(37.94375,-121.8875,1.59));
#3913 = LINE('',#3914,#3915);
#3914 = CARTESIAN_POINT('',(37.94375,-109.8875,1.59));
#3915 = VECTOR('',#3916,1.);
#3916 = DIRECTION('',(0.,-1.,0.));
#3917 = ORIENTED_EDGE('',*,*,#3918,.F.);
#3918 = EDGE_CURVE('',#3919,#3911,#3921,.T.);
#3919 = VERTEX_POINT('',#3920);
#3920 = CARTESIAN_POINT('',(37.94375,-121.8875,0.));
#3921 = LINE('',#3922,#3923);
#3922 = CARTESIAN_POINT('',(37.94375,-121.8875,0.));
#3923 = VECTOR('',#3924,1.);
#3924 = DIRECTION('',(0.,0.,1.));
#3925 = ORIENTED_EDGE('',*,*,#3926,.F.);
#3926 = EDGE_CURVE('',#3901,#3919,#3927,.T.);
#3927 = LINE('',#3928,#3929);
#3928 = CARTESIAN_POINT('',(37.94375,-109.8875,0.));
#3929 = VECTOR('',#3930,1.);
#3930 = DIRECTION('',(0.,-1.,0.));
#3931 = PLANE('',#3932);
#3932 = AXIS2_PLACEMENT_3D('',#3933,#3934,#3935);
#3933 = CARTESIAN_POINT('',(37.94375,-109.8875,0.));
#3934 = DIRECTION('',(1.,0.,-0.));
#3935 = DIRECTION('',(0.,-1.,0.));
#3936 = ADVANCED_FACE('',(#3937),#3962,.T.);
#3937 = FACE_BOUND('',#3938,.T.);
#3938 = EDGE_LOOP('',(#3939,#3940,#3948,#3956));
#3939 = ORIENTED_EDGE('',*,*,#3918,.T.);
#3940 = ORIENTED_EDGE('',*,*,#3941,.T.);
#3941 = EDGE_CURVE('',#3911,#3942,#3944,.T.);
#3942 = VERTEX_POINT('',#3943);
#3943 = CARTESIAN_POINT('',(38.94375,-122.8875,1.59));
#3944 = LINE('',#3945,#3946);
#3945 = CARTESIAN_POINT('',(37.94375,-121.8875,1.59));
#3946 = VECTOR('',#3947,1.);
#3947 = DIRECTION('',(0.707106781187,-0.707106781187,0.));
#3948 = ORIENTED_EDGE('',*,*,#3949,.F.);
#3949 = EDGE_CURVE('',#3950,#3942,#3952,.T.);
#3950 = VERTEX_POINT('',#3951);
#3951 = CARTESIAN_POINT('',(38.94375,-122.8875,0.));
#3952 = LINE('',#3953,#3954);
#3953 = CARTESIAN_POINT('',(38.94375,-122.8875,0.));
#3954 = VECTOR('',#3955,1.);
#3955 = DIRECTION('',(0.,0.,1.));
#3956 = ORIENTED_EDGE('',*,*,#3957,.F.);
#3957 = EDGE_CURVE('',#3919,#3950,#3958,.T.);
#3958 = LINE('',#3959,#3960);
#3959 = CARTESIAN_POINT('',(37.94375,-121.8875,0.));
#3960 = VECTOR('',#3961,1.);
#3961 = DIRECTION('',(0.707106781187,-0.707106781187,0.));
#3962 = PLANE('',#3963);
#3963 = AXIS2_PLACEMENT_3D('',#3964,#3965,#3966);
#3964 = CARTESIAN_POINT('',(37.94375,-121.8875,0.));
#3965 = DIRECTION('',(0.707106781187,0.707106781187,-0.));
#3966 = DIRECTION('',(0.707106781187,-0.707106781187,0.));
#3967 = ADVANCED_FACE('',(#3968),#3993,.T.);
#3968 = FACE_BOUND('',#3969,.T.);
#3969 = EDGE_LOOP('',(#3970,#3971,#3979,#3987));
#3970 = ORIENTED_EDGE('',*,*,#3949,.T.);
#3971 = ORIENTED_EDGE('',*,*,#3972,.T.);
#3972 = EDGE_CURVE('',#3942,#3973,#3975,.T.);
#3973 = VERTEX_POINT('',#3974);
#3974 = CARTESIAN_POINT('',(51.54375,-122.8875,1.59));
#3975 = LINE('',#3976,#3977);
#3976 = CARTESIAN_POINT('',(38.94375,-122.8875,1.59));
#3977 = VECTOR('',#3978,1.);
#3978 = DIRECTION('',(1.,0.,0.));
#3979 = ORIENTED_EDGE('',*,*,#3980,.F.);
#3980 = EDGE_CURVE('',#3981,#3973,#3983,.T.);
#3981 = VERTEX_POINT('',#3982);
#3982 = CARTESIAN_POINT('',(51.54375,-122.8875,0.));
#3983 = LINE('',#3984,#3985);
#3984 = CARTESIAN_POINT('',(51.54375,-122.8875,0.));
#3985 = VECTOR('',#3986,1.);
#3986 = DIRECTION('',(0.,0.,1.));
#3987 = ORIENTED_EDGE('',*,*,#3988,.F.);
#3988 = EDGE_CURVE('',#3950,#3981,#3989,.T.);
#3989 = LINE('',#3990,#3991);
#3990 = CARTESIAN_POINT('',(38.94375,-122.8875,0.));
#3991 = VECTOR('',#3992,1.);
#3992 = DIRECTION('',(1.,0.,0.));
#3993 = PLANE('',#3994);
#3994 = AXIS2_PLACEMENT_3D('',#3995,#3996,#3997);
#3995 = CARTESIAN_POINT('',(38.94375,-122.8875,0.));
#3996 = DIRECTION('',(0.,1.,0.));
#3997 = DIRECTION('',(1.,0.,0.));
#3998 = ADVANCED_FACE('',(#3999),#4024,.T.);
#3999 = FACE_BOUND('',#4000,.T.);
#4000 = EDGE_LOOP('',(#4001,#4002,#4010,#4018));
#4001 = ORIENTED_EDGE('',*,*,#3980,.T.);
#4002 = ORIENTED_EDGE('',*,*,#4003,.T.);
#4003 = EDGE_CURVE('',#3973,#4004,#4006,.T.);
#4004 = VERTEX_POINT('',#4005);
#4005 = CARTESIAN_POINT('',(52.54375,-121.8875,1.59));
#4006 = LINE('',#4007,#4008);
#4007 = CARTESIAN_POINT('',(51.54375,-122.8875,1.59));
#4008 = VECTOR('',#4009,1.);
#4009 = DIRECTION('',(0.707106781187,0.707106781187,0.));
#4010 = ORIENTED_EDGE('',*,*,#4011,.F.);
#4011 = EDGE_CURVE('',#4012,#4004,#4014,.T.);
#4012 = VERTEX_POINT('',#4013);
#4013 = CARTESIAN_POINT('',(52.54375,-121.8875,0.));
#4014 = LINE('',#4015,#4016);
#4015 = CARTESIAN_POINT('',(52.54375,-121.8875,0.));
#4016 = VECTOR('',#4017,1.);
#4017 = DIRECTION('',(0.,0.,1.));
#4018 = ORIENTED_EDGE('',*,*,#4019,.F.);
#4019 = EDGE_CURVE('',#3981,#4012,#4020,.T.);
#4020 = LINE('',#4021,#4022);
#4021 = CARTESIAN_POINT('',(51.54375,-122.8875,0.));
#4022 = VECTOR('',#4023,1.);
#4023 = DIRECTION('',(0.707106781187,0.707106781187,0.));
#4024 = PLANE('',#4025);
#4025 = AXIS2_PLACEMENT_3D('',#4026,#4027,#4028);
#4026 = CARTESIAN_POINT('',(51.54375,-122.8875,0.));
#4027 = DIRECTION('',(-0.707106781187,0.707106781187,0.));
#4028 = DIRECTION('',(0.707106781187,0.707106781187,0.));
#4029 = ADVANCED_FACE('',(#4030),#4055,.T.);
#4030 = FACE_BOUND('',#4031,.T.);
#4031 = EDGE_LOOP('',(#4032,#4033,#4041,#4049));
#4032 = ORIENTED_EDGE('',*,*,#4011,.T.);
#4033 = ORIENTED_EDGE('',*,*,#4034,.T.);
#4034 = EDGE_CURVE('',#4004,#4035,#4037,.T.);
#4035 = VERTEX_POINT('',#4036);
#4036 = CARTESIAN_POINT('',(52.54375,-109.8875,1.59));
#4037 = LINE('',#4038,#4039);
#4038 = CARTESIAN_POINT('',(52.54375,-121.8875,1.59));
#4039 = VECTOR('',#4040,1.);
#4040 = DIRECTION('',(0.,1.,0.));
#4041 = ORIENTED_EDGE('',*,*,#4042,.F.);
#4042 = EDGE_CURVE('',#4043,#4035,#4045,.T.);
#4043 = VERTEX_POINT('',#4044);
#4044 = CARTESIAN_POINT('',(52.54375,-109.8875,0.));
#4045 = LINE('',#4046,#4047);
#4046 = CARTESIAN_POINT('',(52.54375,-109.8875,0.));
#4047 = VECTOR('',#4048,1.);
#4048 = DIRECTION('',(0.,0.,1.));
#4049 = ORIENTED_EDGE('',*,*,#4050,.F.);
#4050 = EDGE_CURVE('',#4012,#4043,#4051,.T.);
#4051 = LINE('',#4052,#4053);
#4052 = CARTESIAN_POINT('',(52.54375,-121.8875,0.));
#4053 = VECTOR('',#4054,1.);
#4054 = DIRECTION('',(0.,1.,0.));
#4055 = PLANE('',#4056);
#4056 = AXIS2_PLACEMENT_3D('',#4057,#4058,#4059);
#4057 = CARTESIAN_POINT('',(52.54375,-121.8875,0.));
#4058 = DIRECTION('',(-1.,0.,0.));
#4059 = DIRECTION('',(0.,1.,0.));
#4060 = ADVANCED_FACE('',(#4061),#4086,.T.);
#4061 = FACE_BOUND('',#4062,.T.);
#4062 = EDGE_LOOP('',(#4063,#4064,#4072,#4080));
#4063 = ORIENTED_EDGE('',*,*,#4042,.T.);
#4064 = ORIENTED_EDGE('',*,*,#4065,.T.);
#4065 = EDGE_CURVE('',#4035,#4066,#4068,.T.);
#4066 = VERTEX_POINT('',#4067);
#4067 = CARTESIAN_POINT('',(51.54375,-108.8875,1.59));
#4068 = LINE('',#4069,#4070);
#4069 = CARTESIAN_POINT('',(52.54375,-109.8875,1.59));
#4070 = VECTOR('',#4071,1.);
#4071 = DIRECTION('',(-0.707106781187,0.707106781187,0.));
#4072 = ORIENTED_EDGE('',*,*,#4073,.F.);
#4073 = EDGE_CURVE('',#4074,#4066,#4076,.T.);
#4074 = VERTEX_POINT('',#4075);
#4075 = CARTESIAN_POINT('',(51.54375,-108.8875,0.));
#4076 = LINE('',#4077,#4078);
#4077 = CARTESIAN_POINT('',(51.54375,-108.8875,0.));
#4078 = VECTOR('',#4079,1.);
#4079 = DIRECTION('',(0.,0.,1.));
#4080 = ORIENTED_EDGE('',*,*,#4081,.F.);
#4081 = EDGE_CURVE('',#4043,#4074,#4082,.T.);
#4082 = LINE('',#4083,#4084);
#4083 = CARTESIAN_POINT('',(52.54375,-109.8875,0.));
#4084 = VECTOR('',#4085,1.);
#4085 = DIRECTION('',(-0.707106781187,0.707106781187,0.));
#4086 = PLANE('',#4087);
#4087 = AXIS2_PLACEMENT_3D('',#4088,#4089,#4090);
#4088 = CARTESIAN_POINT('',(52.54375,-109.8875,0.));
#4089 = DIRECTION('',(-0.707106781187,-0.707106781187,0.));
#4090 = DIRECTION('',(-0.707106781187,0.707106781187,0.));
#4091 = ADVANCED_FACE('',(#4092),#4117,.T.);
#4092 = FACE_BOUND('',#4093,.T.);
#4093 = EDGE_LOOP('',(#4094,#4095,#4103,#4111));
#4094 = ORIENTED_EDGE('',*,*,#4073,.T.);
#4095 = ORIENTED_EDGE('',*,*,#4096,.T.);
#4096 = EDGE_CURVE('',#4066,#4097,#4099,.T.);
#4097 = VERTEX_POINT('',#4098);
#4098 = CARTESIAN_POINT('',(38.94375,-108.8875,1.59));
#4099 = LINE('',#4100,#4101);
#4100 = CARTESIAN_POINT('',(51.54375,-108.8875,1.59));
#4101 = VECTOR('',#4102,1.);
#4102 = DIRECTION('',(-1.,0.,0.));
#4103 = ORIENTED_EDGE('',*,*,#4104,.F.);
#4104 = EDGE_CURVE('',#4105,#4097,#4107,.T.);
#4105 = VERTEX_POINT('',#4106);
#4106 = CARTESIAN_POINT('',(38.94375,-108.8875,0.));
#4107 = LINE('',#4108,#4109);
#4108 = CARTESIAN_POINT('',(38.94375,-108.8875,0.));
#4109 = VECTOR('',#4110,1.);
#4110 = DIRECTION('',(0.,0.,1.));
#4111 = ORIENTED_EDGE('',*,*,#4112,.F.);
#4112 = EDGE_CURVE('',#4074,#4105,#4113,.T.);
#4113 = LINE('',#4114,#4115);
#4114 = CARTESIAN_POINT('',(51.54375,-108.8875,0.));
#4115 = VECTOR('',#4116,1.);
#4116 = DIRECTION('',(-1.,0.,0.));
#4117 = PLANE('',#4118);
#4118 = AXIS2_PLACEMENT_3D('',#4119,#4120,#4121);
#4119 = CARTESIAN_POINT('',(51.54375,-108.8875,0.));
#4120 = DIRECTION('',(0.,-1.,0.));
#4121 = DIRECTION('',(-1.,0.,0.));
#4122 = ADVANCED_FACE('',(#4123),#4139,.T.);
#4123 = FACE_BOUND('',#4124,.T.);
#4124 = EDGE_LOOP('',(#4125,#4126,#4132,#4133));
#4125 = ORIENTED_EDGE('',*,*,#4104,.T.);
#4126 = ORIENTED_EDGE('',*,*,#4127,.T.);
#4127 = EDGE_CURVE('',#4097,#3903,#4128,.T.);
#4128 = LINE('',#4129,#4130);
#4129 = CARTESIAN_POINT('',(38.94375,-108.8875,1.59));
#4130 = VECTOR('',#4131,1.);
#4131 = DIRECTION('',(-0.707106781187,-0.707106781187,0.));
#4132 = ORIENTED_EDGE('',*,*,#3900,.F.);
#4133 = ORIENTED_EDGE('',*,*,#4134,.F.);
#4134 = EDGE_CURVE('',#4105,#3901,#4135,.T.);
#4135 = LINE('',#4136,#4137);
#4136 = CARTESIAN_POINT('',(38.94375,-108.8875,0.));
#4137 = VECTOR('',#4138,1.);
#4138 = DIRECTION('',(-0.707106781187,-0.707106781187,0.));
#4139 = PLANE('',#4140);
#4140 = AXIS2_PLACEMENT_3D('',#4141,#4142,#4143);
#4141 = CARTESIAN_POINT('',(38.94375,-108.8875,0.));
#4142 = DIRECTION('',(0.707106781187,-0.707106781187,0.));
#4143 = DIRECTION('',(-0.707106781187,-0.707106781187,0.));
#4144 = ADVANCED_FACE('',(#4145),#4179,.T.);
#4145 = FACE_BOUND('',#4146,.T.);
#4146 = EDGE_LOOP('',(#4147,#4157,#4165,#4173));
#4147 = ORIENTED_EDGE('',*,*,#4148,.T.);
#4148 = EDGE_CURVE('',#4149,#4151,#4153,.T.);
#4149 = VERTEX_POINT('',#4150);
#4150 = CARTESIAN_POINT('',(64.1375,-109.8875,0.));
#4151 = VERTEX_POINT('',#4152);
#4152 = CARTESIAN_POINT('',(64.1375,-109.8875,1.59));
#4153 = LINE('',#4154,#4155);
#4154 = CARTESIAN_POINT('',(64.1375,-109.8875,0.));
#4155 = VECTOR('',#4156,1.);
#4156 = DIRECTION('',(0.,0.,1.));
#4157 = ORIENTED_EDGE('',*,*,#4158,.T.);
#4158 = EDGE_CURVE('',#4151,#4159,#4161,.T.);
#4159 = VERTEX_POINT('',#4160);
#4160 = CARTESIAN_POINT('',(64.1375,-121.8875,1.59));
#4161 = LINE('',#4162,#4163);
#4162 = CARTESIAN_POINT('',(64.1375,-109.8875,1.59));
#4163 = VECTOR('',#4164,1.);
#4164 = DIRECTION('',(0.,-1.,0.));
#4165 = ORIENTED_EDGE('',*,*,#4166,.F.);
#4166 = EDGE_CURVE('',#4167,#4159,#4169,.T.);
#4167 = VERTEX_POINT('',#4168);
#4168 = CARTESIAN_POINT('',(64.1375,-121.8875,0.));
#4169 = LINE('',#4170,#4171);
#4170 = CARTESIAN_POINT('',(64.1375,-121.8875,0.));
#4171 = VECTOR('',#4172,1.);
#4172 = DIRECTION('',(0.,0.,1.));
#4173 = ORIENTED_EDGE('',*,*,#4174,.F.);
#4174 = EDGE_CURVE('',#4149,#4167,#4175,.T.);
#4175 = LINE('',#4176,#4177);
#4176 = CARTESIAN_POINT('',(64.1375,-109.8875,0.));
#4177 = VECTOR('',#4178,1.);
#4178 = DIRECTION('',(0.,-1.,0.));
#4179 = PLANE('',#4180);
#4180 = AXIS2_PLACEMENT_3D('',#4181,#4182,#4183);
#4181 = CARTESIAN_POINT('',(64.1375,-109.8875,0.));
#4182 = DIRECTION('',(1.,0.,-0.));
#4183 = DIRECTION('',(0.,-1.,0.));
#4184 = ADVANCED_FACE('',(#4185),#4210,.T.);
#4185 = FACE_BOUND('',#4186,.T.);
#4186 = EDGE_LOOP('',(#4187,#4188,#4196,#4204));
#4187 = ORIENTED_EDGE('',*,*,#4166,.T.);
#4188 = ORIENTED_EDGE('',*,*,#4189,.T.);
#4189 = EDGE_CURVE('',#4159,#4190,#4192,.T.);
#4190 = VERTEX_POINT('',#4191);
#4191 = CARTESIAN_POINT('',(65.1375,-122.8875,1.59));
#4192 = LINE('',#4193,#4194);
#4193 = CARTESIAN_POINT('',(64.1375,-121.8875,1.59));
#4194 = VECTOR('',#4195,1.);
#4195 = DIRECTION('',(0.707106781187,-0.707106781187,0.));
#4196 = ORIENTED_EDGE('',*,*,#4197,.F.);
#4197 = EDGE_CURVE('',#4198,#4190,#4200,.T.);
#4198 = VERTEX_POINT('',#4199);
#4199 = CARTESIAN_POINT('',(65.1375,-122.8875,0.));
#4200 = LINE('',#4201,#4202);
#4201 = CARTESIAN_POINT('',(65.1375,-122.8875,0.));
#4202 = VECTOR('',#4203,1.);
#4203 = DIRECTION('',(0.,0.,1.));
#4204 = ORIENTED_EDGE('',*,*,#4205,.F.);
#4205 = EDGE_CURVE('',#4167,#4198,#4206,.T.);
#4206 = LINE('',#4207,#4208);
#4207 = CARTESIAN_POINT('',(64.1375,-121.8875,0.));
#4208 = VECTOR('',#4209,1.);
#4209 = DIRECTION('',(0.707106781187,-0.707106781187,0.));
#4210 = PLANE('',#4211);
#4211 = AXIS2_PLACEMENT_3D('',#4212,#4213,#4214);
#4212 = CARTESIAN_POINT('',(64.1375,-121.8875,0.));
#4213 = DIRECTION('',(0.707106781187,0.707106781187,-0.));
#4214 = DIRECTION('',(0.707106781187,-0.707106781187,0.));
#4215 = ADVANCED_FACE('',(#4216),#4241,.T.);
#4216 = FACE_BOUND('',#4217,.T.);
#4217 = EDGE_LOOP('',(#4218,#4219,#4227,#4235));
#4218 = ORIENTED_EDGE('',*,*,#4197,.T.);
#4219 = ORIENTED_EDGE('',*,*,#4220,.T.);
#4220 = EDGE_CURVE('',#4190,#4221,#4223,.T.);
#4221 = VERTEX_POINT('',#4222);
#4222 = CARTESIAN_POINT('',(77.7375,-122.8875,1.59));
#4223 = LINE('',#4224,#4225);
#4224 = CARTESIAN_POINT('',(65.1375,-122.8875,1.59));
#4225 = VECTOR('',#4226,1.);
#4226 = DIRECTION('',(1.,0.,0.));
#4227 = ORIENTED_EDGE('',*,*,#4228,.F.);
#4228 = EDGE_CURVE('',#4229,#4221,#4231,.T.);
#4229 = VERTEX_POINT('',#4230);
#4230 = CARTESIAN_POINT('',(77.7375,-122.8875,0.));
#4231 = LINE('',#4232,#4233);
#4232 = CARTESIAN_POINT('',(77.7375,-122.8875,0.));
#4233 = VECTOR('',#4234,1.);
#4234 = DIRECTION('',(0.,0.,1.));
#4235 = ORIENTED_EDGE('',*,*,#4236,.F.);
#4236 = EDGE_CURVE('',#4198,#4229,#4237,.T.);
#4237 = LINE('',#4238,#4239);
#4238 = CARTESIAN_POINT('',(65.1375,-122.8875,0.));
#4239 = VECTOR('',#4240,1.);
#4240 = DIRECTION('',(1.,0.,0.));
#4241 = PLANE('',#4242);
#4242 = AXIS2_PLACEMENT_3D('',#4243,#4244,#4245);
#4243 = CARTESIAN_POINT('',(65.1375,-122.8875,0.));
#4244 = DIRECTION('',(0.,1.,0.));
#4245 = DIRECTION('',(1.,0.,0.));
#4246 = ADVANCED_FACE('',(#4247),#4272,.T.);
#4247 = FACE_BOUND('',#4248,.T.);
#4248 = EDGE_LOOP('',(#4249,#4250,#4258,#4266));
#4249 = ORIENTED_EDGE('',*,*,#4228,.T.);
#4250 = ORIENTED_EDGE('',*,*,#4251,.T.);
#4251 = EDGE_CURVE('',#4221,#4252,#4254,.T.);
#4252 = VERTEX_POINT('',#4253);
#4253 = CARTESIAN_POINT('',(78.7375,-121.8875,1.59));
#4254 = LINE('',#4255,#4256);
#4255 = CARTESIAN_POINT('',(77.7375,-122.8875,1.59));
#4256 = VECTOR('',#4257,1.);
#4257 = DIRECTION('',(0.707106781187,0.707106781187,0.));
#4258 = ORIENTED_EDGE('',*,*,#4259,.F.);
#4259 = EDGE_CURVE('',#4260,#4252,#4262,.T.);
#4260 = VERTEX_POINT('',#4261);
#4261 = CARTESIAN_POINT('',(78.7375,-121.8875,0.));
#4262 = LINE('',#4263,#4264);
#4263 = CARTESIAN_POINT('',(78.7375,-121.8875,0.));
#4264 = VECTOR('',#4265,1.);
#4265 = DIRECTION('',(0.,0.,1.));
#4266 = ORIENTED_EDGE('',*,*,#4267,.F.);
#4267 = EDGE_CURVE('',#4229,#4260,#4268,.T.);
#4268 = LINE('',#4269,#4270);
#4269 = CARTESIAN_POINT('',(77.7375,-122.8875,0.));
#4270 = VECTOR('',#4271,1.);
#4271 = DIRECTION('',(0.707106781187,0.707106781187,0.));
#4272 = PLANE('',#4273);
#4273 = AXIS2_PLACEMENT_3D('',#4274,#4275,#4276);
#4274 = CARTESIAN_POINT('',(77.7375,-122.8875,0.));
#4275 = DIRECTION('',(-0.707106781187,0.707106781187,0.));
#4276 = DIRECTION('',(0.707106781187,0.707106781187,0.));
#4277 = ADVANCED_FACE('',(#4278),#4303,.T.);
#4278 = FACE_BOUND('',#4279,.T.);
#4279 = EDGE_LOOP('',(#4280,#4281,#4289,#4297));
#4280 = ORIENTED_EDGE('',*,*,#4259,.T.);
#4281 = ORIENTED_EDGE('',*,*,#4282,.T.);
#4282 = EDGE_CURVE('',#4252,#4283,#4285,.T.);
#4283 = VERTEX_POINT('',#4284);
#4284 = CARTESIAN_POINT('',(78.7375,-109.8875,1.59));
#4285 = LINE('',#4286,#4287);
#4286 = CARTESIAN_POINT('',(78.7375,-121.8875,1.59));
#4287 = VECTOR('',#4288,1.);
#4288 = DIRECTION('',(0.,1.,0.));
#4289 = ORIENTED_EDGE('',*,*,#4290,.F.);
#4290 = EDGE_CURVE('',#4291,#4283,#4293,.T.);
#4291 = VERTEX_POINT('',#4292);
#4292 = CARTESIAN_POINT('',(78.7375,-109.8875,0.));
#4293 = LINE('',#4294,#4295);
#4294 = CARTESIAN_POINT('',(78.7375,-109.8875,0.));
#4295 = VECTOR('',#4296,1.);
#4296 = DIRECTION('',(0.,0.,1.));
#4297 = ORIENTED_EDGE('',*,*,#4298,.F.);
#4298 = EDGE_CURVE('',#4260,#4291,#4299,.T.);
#4299 = LINE('',#4300,#4301);
#4300 = CARTESIAN_POINT('',(78.7375,-121.8875,0.));
#4301 = VECTOR('',#4302,1.);
#4302 = DIRECTION('',(0.,1.,0.));
#4303 = PLANE('',#4304);
#4304 = AXIS2_PLACEMENT_3D('',#4305,#4306,#4307);
#4305 = CARTESIAN_POINT('',(78.7375,-121.8875,0.));
#4306 = DIRECTION('',(-1.,0.,0.));
#4307 = DIRECTION('',(0.,1.,0.));
#4308 = ADVANCED_FACE('',(#4309),#4334,.T.);
#4309 = FACE_BOUND('',#4310,.T.);
#4310 = EDGE_LOOP('',(#4311,#4312,#4320,#4328));
#4311 = ORIENTED_EDGE('',*,*,#4290,.T.);
#4312 = ORIENTED_EDGE('',*,*,#4313,.T.);
#4313 = EDGE_CURVE('',#4283,#4314,#4316,.T.);
#4314 = VERTEX_POINT('',#4315);
#4315 = CARTESIAN_POINT('',(77.7375,-108.8875,1.59));
#4316 = LINE('',#4317,#4318);
#4317 = CARTESIAN_POINT('',(78.7375,-109.8875,1.59));
#4318 = VECTOR('',#4319,1.);
#4319 = DIRECTION('',(-0.707106781187,0.707106781187,0.));
#4320 = ORIENTED_EDGE('',*,*,#4321,.F.);
#4321 = EDGE_CURVE('',#4322,#4314,#4324,.T.);
#4322 = VERTEX_POINT('',#4323);
#4323 = CARTESIAN_POINT('',(77.7375,-108.8875,0.));
#4324 = LINE('',#4325,#4326);
#4325 = CARTESIAN_POINT('',(77.7375,-108.8875,0.));
#4326 = VECTOR('',#4327,1.);
#4327 = DIRECTION('',(0.,0.,1.));
#4328 = ORIENTED_EDGE('',*,*,#4329,.F.);
#4329 = EDGE_CURVE('',#4291,#4322,#4330,.T.);
#4330 = LINE('',#4331,#4332);
#4331 = CARTESIAN_POINT('',(78.7375,-109.8875,0.));
#4332 = VECTOR('',#4333,1.);
#4333 = DIRECTION('',(-0.707106781187,0.707106781187,0.));
#4334 = PLANE('',#4335);
#4335 = AXIS2_PLACEMENT_3D('',#4336,#4337,#4338);
#4336 = CARTESIAN_POINT('',(78.7375,-109.8875,0.));
#4337 = DIRECTION('',(-0.707106781187,-0.707106781187,0.));
#4338 = DIRECTION('',(-0.707106781187,0.707106781187,0.));
#4339 = ADVANCED_FACE('',(#4340),#4365,.T.);
#4340 = FACE_BOUND('',#4341,.T.);
#4341 = EDGE_LOOP('',(#4342,#4343,#4351,#4359));
#4342 = ORIENTED_EDGE('',*,*,#4321,.T.);
#4343 = ORIENTED_EDGE('',*,*,#4344,.T.);
#4344 = EDGE_CURVE('',#4314,#4345,#4347,.T.);
#4345 = VERTEX_POINT('',#4346);
#4346 = CARTESIAN_POINT('',(65.1375,-108.8875,1.59));
#4347 = LINE('',#4348,#4349);
#4348 = CARTESIAN_POINT('',(77.7375,-108.8875,1.59));
#4349 = VECTOR('',#4350,1.);
#4350 = DIRECTION('',(-1.,0.,0.));
#4351 = ORIENTED_EDGE('',*,*,#4352,.F.);
#4352 = EDGE_CURVE('',#4353,#4345,#4355,.T.);
#4353 = VERTEX_POINT('',#4354);
#4354 = CARTESIAN_POINT('',(65.1375,-108.8875,0.));
#4355 = LINE('',#4356,#4357);
#4356 = CARTESIAN_POINT('',(65.1375,-108.8875,0.));
#4357 = VECTOR('',#4358,1.);
#4358 = DIRECTION('',(0.,0.,1.));
#4359 = ORIENTED_EDGE('',*,*,#4360,.F.);
#4360 = EDGE_CURVE('',#4322,#4353,#4361,.T.);
#4361 = LINE('',#4362,#4363);
#4362 = CARTESIAN_POINT('',(77.7375,-108.8875,0.));
#4363 = VECTOR('',#4364,1.);
#4364 = DIRECTION('',(-1.,0.,0.));
#4365 = PLANE('',#4366);
#4366 = AXIS2_PLACEMENT_3D('',#4367,#4368,#4369);
#4367 = CARTESIAN_POINT('',(77.7375,-108.8875,0.));
#4368 = DIRECTION('',(0.,-1.,0.));
#4369 = DIRECTION('',(-1.,0.,0.));
#4370 = ADVANCED_FACE('',(#4371),#4387,.T.);
#4371 = FACE_BOUND('',#4372,.T.);
#4372 = EDGE_LOOP('',(#4373,#4374,#4380,#4381));
#4373 = ORIENTED_EDGE('',*,*,#4352,.T.);
#4374 = ORIENTED_EDGE('',*,*,#4375,.T.);
#4375 = EDGE_CURVE('',#4345,#4151,#4376,.T.);
#4376 = LINE('',#4377,#4378);
#4377 = CARTESIAN_POINT('',(65.1375,-108.8875,1.59));
#4378 = VECTOR('',#4379,1.);
#4379 = DIRECTION('',(-0.707106781187,-0.707106781187,0.));
#4380 = ORIENTED_EDGE('',*,*,#4148,.F.);
#4381 = ORIENTED_EDGE('',*,*,#4382,.F.);
#4382 = EDGE_CURVE('',#4353,#4149,#4383,.T.);
#4383 = LINE('',#4384,#4385);
#4384 = CARTESIAN_POINT('',(65.1375,-108.8875,0.));
#4385 = VECTOR('',#4386,1.);
#4386 = DIRECTION('',(-0.707106781187,-0.707106781187,0.));
#4387 = PLANE('',#4388);
#4388 = AXIS2_PLACEMENT_3D('',#4389,#4390,#4391);
#4389 = CARTESIAN_POINT('',(65.1375,-108.8875,0.));
#4390 = DIRECTION('',(0.707106781187,-0.707106781187,0.));
#4391 = DIRECTION('',(-0.707106781187,-0.707106781187,0.));
#4392 = ADVANCED_FACE('',(#4393),#4427,.T.);
#4393 = FACE_BOUND('',#4394,.T.);
#4394 = EDGE_LOOP('',(#4395,#4405,#4413,#4421));
#4395 = ORIENTED_EDGE('',*,*,#4396,.T.);
#4396 = EDGE_CURVE('',#4397,#4399,#4401,.T.);
#4397 = VERTEX_POINT('',#4398);
#4398 = CARTESIAN_POINT('',(83.1875,-109.8875,0.));
#4399 = VERTEX_POINT('',#4400);
#4400 = CARTESIAN_POINT('',(83.1875,-109.8875,1.59));
#4401 = LINE('',#4402,#4403);
#4402 = CARTESIAN_POINT('',(83.1875,-109.8875,0.));
#4403 = VECTOR('',#4404,1.);
#4404 = DIRECTION('',(0.,0.,1.));
#4405 = ORIENTED_EDGE('',*,*,#4406,.T.);
#4406 = EDGE_CURVE('',#4399,#4407,#4409,.T.);
#4407 = VERTEX_POINT('',#4408);
#4408 = CARTESIAN_POINT('',(83.1875,-121.8875,1.59));
#4409 = LINE('',#4410,#4411);
#4410 = CARTESIAN_POINT('',(83.1875,-109.8875,1.59));
#4411 = VECTOR('',#4412,1.);
#4412 = DIRECTION('',(0.,-1.,0.));
#4413 = ORIENTED_EDGE('',*,*,#4414,.F.);
#4414 = EDGE_CURVE('',#4415,#4407,#4417,.T.);
#4415 = VERTEX_POINT('',#4416);
#4416 = CARTESIAN_POINT('',(83.1875,-121.8875,0.));
#4417 = LINE('',#4418,#4419);
#4418 = CARTESIAN_POINT('',(83.1875,-121.8875,0.));
#4419 = VECTOR('',#4420,1.);
#4420 = DIRECTION('',(0.,0.,1.));
#4421 = ORIENTED_EDGE('',*,*,#4422,.F.);
#4422 = EDGE_CURVE('',#4397,#4415,#4423,.T.);
#4423 = LINE('',#4424,#4425);
#4424 = CARTESIAN_POINT('',(83.1875,-109.8875,0.));
#4425 = VECTOR('',#4426,1.);
#4426 = DIRECTION('',(0.,-1.,0.));
#4427 = PLANE('',#4428);
#4428 = AXIS2_PLACEMENT_3D('',#4429,#4430,#4431);
#4429 = CARTESIAN_POINT('',(83.1875,-109.8875,0.));
#4430 = DIRECTION('',(1.,0.,-0.));
#4431 = DIRECTION('',(0.,-1.,0.));
#4432 = ADVANCED_FACE('',(#4433),#4458,.T.);
#4433 = FACE_BOUND('',#4434,.T.);
#4434 = EDGE_LOOP('',(#4435,#4436,#4444,#4452));
#4435 = ORIENTED_EDGE('',*,*,#4414,.T.);
#4436 = ORIENTED_EDGE('',*,*,#4437,.T.);
#4437 = EDGE_CURVE('',#4407,#4438,#4440,.T.);
#4438 = VERTEX_POINT('',#4439);
#4439 = CARTESIAN_POINT('',(84.1875,-122.8875,1.59));
#4440 = LINE('',#4441,#4442);
#4441 = CARTESIAN_POINT('',(83.1875,-121.8875,1.59));
#4442 = VECTOR('',#4443,1.);
#4443 = DIRECTION('',(0.707106781187,-0.707106781187,0.));
#4444 = ORIENTED_EDGE('',*,*,#4445,.F.);
#4445 = EDGE_CURVE('',#4446,#4438,#4448,.T.);
#4446 = VERTEX_POINT('',#4447);
#4447 = CARTESIAN_POINT('',(84.1875,-122.8875,0.));
#4448 = LINE('',#4449,#4450);
#4449 = CARTESIAN_POINT('',(84.1875,-122.8875,0.));
#4450 = VECTOR('',#4451,1.);
#4451 = DIRECTION('',(0.,0.,1.));
#4452 = ORIENTED_EDGE('',*,*,#4453,.F.);
#4453 = EDGE_CURVE('',#4415,#4446,#4454,.T.);
#4454 = LINE('',#4455,#4456);
#4455 = CARTESIAN_POINT('',(83.1875,-121.8875,0.));
#4456 = VECTOR('',#4457,1.);
#4457 = DIRECTION('',(0.707106781187,-0.707106781187,0.));
#4458 = PLANE('',#4459);
#4459 = AXIS2_PLACEMENT_3D('',#4460,#4461,#4462);
#4460 = CARTESIAN_POINT('',(83.1875,-121.8875,0.));
#4461 = DIRECTION('',(0.707106781187,0.707106781187,-0.));
#4462 = DIRECTION('',(0.707106781187,-0.707106781187,0.));
#4463 = ADVANCED_FACE('',(#4464),#4489,.T.);
#4464 = FACE_BOUND('',#4465,.T.);
#4465 = EDGE_LOOP('',(#4466,#4467,#4475,#4483));
#4466 = ORIENTED_EDGE('',*,*,#4445,.T.);
#4467 = ORIENTED_EDGE('',*,*,#4468,.T.);
#4468 = EDGE_CURVE('',#4438,#4469,#4471,.T.);
#4469 = VERTEX_POINT('',#4470);
#4470 = CARTESIAN_POINT('',(96.7875,-122.8875,1.59));
#4471 = LINE('',#4472,#4473);
#4472 = CARTESIAN_POINT('',(84.1875,-122.8875,1.59));
#4473 = VECTOR('',#4474,1.);
#4474 = DIRECTION('',(1.,0.,0.));
#4475 = ORIENTED_EDGE('',*,*,#4476,.F.);
#4476 = EDGE_CURVE('',#4477,#4469,#4479,.T.);
#4477 = VERTEX_POINT('',#4478);
#4478 = CARTESIAN_POINT('',(96.7875,-122.8875,0.));
#4479 = LINE('',#4480,#4481);
#4480 = CARTESIAN_POINT('',(96.7875,-122.8875,0.));
#4481 = VECTOR('',#4482,1.);
#4482 = DIRECTION('',(0.,0.,1.));
#4483 = ORIENTED_EDGE('',*,*,#4484,.F.);
#4484 = EDGE_CURVE('',#4446,#4477,#4485,.T.);
#4485 = LINE('',#4486,#4487);
#4486 = CARTESIAN_POINT('',(84.1875,-122.8875,0.));
#4487 = VECTOR('',#4488,1.);
#4488 = DIRECTION('',(1.,0.,0.));
#4489 = PLANE('',#4490);
#4490 = AXIS2_PLACEMENT_3D('',#4491,#4492,#4493);
#4491 = CARTESIAN_POINT('',(84.1875,-122.8875,0.));
#4492 = DIRECTION('',(0.,1.,0.));
#4493 = DIRECTION('',(1.,0.,0.));
#4494 = ADVANCED_FACE('',(#4495),#4520,.T.);
#4495 = FACE_BOUND('',#4496,.T.);
#4496 = EDGE_LOOP('',(#4497,#4498,#4506,#4514));
#4497 = ORIENTED_EDGE('',*,*,#4476,.T.);
#4498 = ORIENTED_EDGE('',*,*,#4499,.T.);
#4499 = EDGE_CURVE('',#4469,#4500,#4502,.T.);
#4500 = VERTEX_POINT('',#4501);
#4501 = CARTESIAN_POINT('',(97.7875,-121.8875,1.59));
#4502 = LINE('',#4503,#4504);
#4503 = CARTESIAN_POINT('',(96.7875,-122.8875,1.59));
#4504 = VECTOR('',#4505,1.);
#4505 = DIRECTION('',(0.707106781187,0.707106781187,0.));
#4506 = ORIENTED_EDGE('',*,*,#4507,.F.);
#4507 = EDGE_CURVE('',#4508,#4500,#4510,.T.);
#4508 = VERTEX_POINT('',#4509);
#4509 = CARTESIAN_POINT('',(97.7875,-121.8875,0.));
#4510 = LINE('',#4511,#4512);
#4511 = CARTESIAN_POINT('',(97.7875,-121.8875,0.));
#4512 = VECTOR('',#4513,1.);
#4513 = DIRECTION('',(0.,0.,1.));
#4514 = ORIENTED_EDGE('',*,*,#4515,.F.);
#4515 = EDGE_CURVE('',#4477,#4508,#4516,.T.);
#4516 = LINE('',#4517,#4518);
#4517 = CARTESIAN_POINT('',(96.7875,-122.8875,0.));
#4518 = VECTOR('',#4519,1.);
#4519 = DIRECTION('',(0.707106781187,0.707106781187,0.));
#4520 = PLANE('',#4521);
#4521 = AXIS2_PLACEMENT_3D('',#4522,#4523,#4524);
#4522 = CARTESIAN_POINT('',(96.7875,-122.8875,0.));
#4523 = DIRECTION('',(-0.707106781187,0.707106781187,0.));
#4524 = DIRECTION('',(0.707106781187,0.707106781187,0.));
#4525 = ADVANCED_FACE('',(#4526),#4551,.T.);
#4526 = FACE_BOUND('',#4527,.T.);
#4527 = EDGE_LOOP('',(#4528,#4529,#4537,#4545));
#4528 = ORIENTED_EDGE('',*,*,#4507,.T.);
#4529 = ORIENTED_EDGE('',*,*,#4530,.T.);
#4530 = EDGE_CURVE('',#4500,#4531,#4533,.T.);
#4531 = VERTEX_POINT('',#4532);
#4532 = CARTESIAN_POINT('',(97.7875,-109.8875,1.59));
#4533 = LINE('',#4534,#4535);
#4534 = CARTESIAN_POINT('',(97.7875,-121.8875,1.59));
#4535 = VECTOR('',#4536,1.);
#4536 = DIRECTION('',(0.,1.,0.));
#4537 = ORIENTED_EDGE('',*,*,#4538,.F.);
#4538 = EDGE_CURVE('',#4539,#4531,#4541,.T.);
#4539 = VERTEX_POINT('',#4540);
#4540 = CARTESIAN_POINT('',(97.7875,-109.8875,0.));
#4541 = LINE('',#4542,#4543);
#4542 = CARTESIAN_POINT('',(97.7875,-109.8875,0.));
#4543 = VECTOR('',#4544,1.);
#4544 = DIRECTION('',(0.,0.,1.));
#4545 = ORIENTED_EDGE('',*,*,#4546,.F.);
#4546 = EDGE_CURVE('',#4508,#4539,#4547,.T.);
#4547 = LINE('',#4548,#4549);
#4548 = CARTESIAN_POINT('',(97.7875,-121.8875,0.));
#4549 = VECTOR('',#4550,1.);
#4550 = DIRECTION('',(0.,1.,0.));
#4551 = PLANE('',#4552);
#4552 = AXIS2_PLACEMENT_3D('',#4553,#4554,#4555);
#4553 = CARTESIAN_POINT('',(97.7875,-121.8875,0.));
#4554 = DIRECTION('',(-1.,0.,0.));
#4555 = DIRECTION('',(0.,1.,0.));
#4556 = ADVANCED_FACE('',(#4557),#4582,.T.);
#4557 = FACE_BOUND('',#4558,.T.);
#4558 = EDGE_LOOP('',(#4559,#4560,#4568,#4576));
#4559 = ORIENTED_EDGE('',*,*,#4538,.T.);
#4560 = ORIENTED_EDGE('',*,*,#4561,.T.);
#4561 = EDGE_CURVE('',#4531,#4562,#4564,.T.);
#4562 = VERTEX_POINT('',#4563);
#4563 = CARTESIAN_POINT('',(96.7875,-108.8875,1.59));
#4564 = LINE('',#4565,#4566);
#4565 = CARTESIAN_POINT('',(97.7875,-109.8875,1.59));
#4566 = VECTOR('',#4567,1.);
#4567 = DIRECTION('',(-0.707106781187,0.707106781187,0.));
#4568 = ORIENTED_EDGE('',*,*,#4569,.F.);
#4569 = EDGE_CURVE('',#4570,#4562,#4572,.T.);
#4570 = VERTEX_POINT('',#4571);
#4571 = CARTESIAN_POINT('',(96.7875,-108.8875,0.));
#4572 = LINE('',#4573,#4574);
#4573 = CARTESIAN_POINT('',(96.7875,-108.8875,0.));
#4574 = VECTOR('',#4575,1.);
#4575 = DIRECTION('',(0.,0.,1.));
#4576 = ORIENTED_EDGE('',*,*,#4577,.F.);
#4577 = EDGE_CURVE('',#4539,#4570,#4578,.T.);
#4578 = LINE('',#4579,#4580);
#4579 = CARTESIAN_POINT('',(97.7875,-109.8875,0.));
#4580 = VECTOR('',#4581,1.);
#4581 = DIRECTION('',(-0.707106781187,0.707106781187,0.));
#4582 = PLANE('',#4583);
#4583 = AXIS2_PLACEMENT_3D('',#4584,#4585,#4586);
#4584 = CARTESIAN_POINT('',(97.7875,-109.8875,0.));
#4585 = DIRECTION('',(-0.707106781187,-0.707106781187,0.));
#4586 = DIRECTION('',(-0.707106781187,0.707106781187,0.));
#4587 = ADVANCED_FACE('',(#4588),#4613,.T.);
#4588 = FACE_BOUND('',#4589,.T.);
#4589 = EDGE_LOOP('',(#4590,#4591,#4599,#4607));
#4590 = ORIENTED_EDGE('',*,*,#4569,.T.);
#4591 = ORIENTED_EDGE('',*,*,#4592,.T.);
#4592 = EDGE_CURVE('',#4562,#4593,#4595,.T.);
#4593 = VERTEX_POINT('',#4594);
#4594 = CARTESIAN_POINT('',(84.1875,-108.8875,1.59));
#4595 = LINE('',#4596,#4597);
#4596 = CARTESIAN_POINT('',(96.7875,-108.8875,1.59));
#4597 = VECTOR('',#4598,1.);
#4598 = DIRECTION('',(-1.,0.,0.));
#4599 = ORIENTED_EDGE('',*,*,#4600,.F.);
#4600 = EDGE_CURVE('',#4601,#4593,#4603,.T.);
#4601 = VERTEX_POINT('',#4602);
#4602 = CARTESIAN_POINT('',(84.1875,-108.8875,0.));
#4603 = LINE('',#4604,#4605);
#4604 = CARTESIAN_POINT('',(84.1875,-108.8875,0.));
#4605 = VECTOR('',#4606,1.);
#4606 = DIRECTION('',(0.,0.,1.));
#4607 = ORIENTED_EDGE('',*,*,#4608,.F.);
#4608 = EDGE_CURVE('',#4570,#4601,#4609,.T.);
#4609 = LINE('',#4610,#4611);
#4610 = CARTESIAN_POINT('',(96.7875,-108.8875,0.));
#4611 = VECTOR('',#4612,1.);
#4612 = DIRECTION('',(-1.,0.,0.));
#4613 = PLANE('',#4614);
#4614 = AXIS2_PLACEMENT_3D('',#4615,#4616,#4617);
#4615 = CARTESIAN_POINT('',(96.7875,-108.8875,0.));
#4616 = DIRECTION('',(0.,-1.,0.));
#4617 = DIRECTION('',(-1.,0.,0.));
#4618 = ADVANCED_FACE('',(#4619),#4635,.T.);
#4619 = FACE_BOUND('',#4620,.T.);
#4620 = EDGE_LOOP('',(#4621,#4622,#4628,#4629));
#4621 = ORIENTED_EDGE('',*,*,#4600,.T.);
#4622 = ORIENTED_EDGE('',*,*,#4623,.T.);
#4623 = EDGE_CURVE('',#4593,#4399,#4624,.T.);
#4624 = LINE('',#4625,#4626);
#4625 = CARTESIAN_POINT('',(84.1875,-108.8875,1.59));
#4626 = VECTOR('',#4627,1.);
#4627 = DIRECTION('',(-0.707106781187,-0.707106781187,0.));
#4628 = ORIENTED_EDGE('',*,*,#4396,.F.);
#4629 = ORIENTED_EDGE('',*,*,#4630,.F.);
#4630 = EDGE_CURVE('',#4601,#4397,#4631,.T.);
#4631 = LINE('',#4632,#4633);
#4632 = CARTESIAN_POINT('',(84.1875,-108.8875,0.));
#4633 = VECTOR('',#4634,1.);
#4634 = DIRECTION('',(-0.707106781187,-0.707106781187,0.));
#4635 = PLANE('',#4636);
#4636 = AXIS2_PLACEMENT_3D('',#4637,#4638,#4639);
#4637 = CARTESIAN_POINT('',(84.1875,-108.8875,0.));
#4638 = DIRECTION('',(0.707106781187,-0.707106781187,0.));
#4639 = DIRECTION('',(-0.707106781187,-0.707106781187,0.));
#4640 = ADVANCED_FACE('',(#4641),#4675,.T.);
#4641 = FACE_BOUND('',#4642,.T.);
#4642 = EDGE_LOOP('',(#4643,#4653,#4661,#4669));
#4643 = ORIENTED_EDGE('',*,*,#4644,.T.);
#4644 = EDGE_CURVE('',#4645,#4647,#4649,.T.);
#4645 = VERTEX_POINT('',#4646);
#4646 = CARTESIAN_POINT('',(102.2375,-109.8875,0.));
#4647 = VERTEX_POINT('',#4648);
#4648 = CARTESIAN_POINT('',(102.2375,-109.8875,1.59));
#4649 = LINE('',#4650,#4651);
#4650 = CARTESIAN_POINT('',(102.2375,-109.8875,0.));
#4651 = VECTOR('',#4652,1.);
#4652 = DIRECTION('',(0.,0.,1.));
#4653 = ORIENTED_EDGE('',*,*,#4654,.T.);
#4654 = EDGE_CURVE('',#4647,#4655,#4657,.T.);
#4655 = VERTEX_POINT('',#4656);
#4656 = CARTESIAN_POINT('',(102.2375,-121.8875,1.59));
#4657 = LINE('',#4658,#4659);
#4658 = CARTESIAN_POINT('',(102.2375,-109.8875,1.59));
#4659 = VECTOR('',#4660,1.);
#4660 = DIRECTION('',(0.,-1.,0.));
#4661 = ORIENTED_EDGE('',*,*,#4662,.F.);
#4662 = EDGE_CURVE('',#4663,#4655,#4665,.T.);
#4663 = VERTEX_POINT('',#4664);
#4664 = CARTESIAN_POINT('',(102.2375,-121.8875,0.));
#4665 = LINE('',#4666,#4667);
#4666 = CARTESIAN_POINT('',(102.2375,-121.8875,0.));
#4667 = VECTOR('',#4668,1.);
#4668 = DIRECTION('',(0.,0.,1.));
#4669 = ORIENTED_EDGE('',*,*,#4670,.F.);
#4670 = EDGE_CURVE('',#4645,#4663,#4671,.T.);
#4671 = LINE('',#4672,#4673);
#4672 = CARTESIAN_POINT('',(102.2375,-109.8875,0.));
#4673 = VECTOR('',#4674,1.);
#4674 = DIRECTION('',(0.,-1.,0.));
#4675 = PLANE('',#4676);
#4676 = AXIS2_PLACEMENT_3D('',#4677,#4678,#4679);
#4677 = CARTESIAN_POINT('',(102.2375,-109.8875,0.));
#4678 = DIRECTION('',(1.,0.,-0.));
#4679 = DIRECTION('',(0.,-1.,0.));
#4680 = ADVANCED_FACE('',(#4681),#4706,.T.);
#4681 = FACE_BOUND('',#4682,.T.);
#4682 = EDGE_LOOP('',(#4683,#4684,#4692,#4700));
#4683 = ORIENTED_EDGE('',*,*,#4662,.T.);
#4684 = ORIENTED_EDGE('',*,*,#4685,.T.);
#4685 = EDGE_CURVE('',#4655,#4686,#4688,.T.);
#4686 = VERTEX_POINT('',#4687);
#4687 = CARTESIAN_POINT('',(103.2375,-122.8875,1.59));
#4688 = LINE('',#4689,#4690);
#4689 = CARTESIAN_POINT('',(102.2375,-121.8875,1.59));
#4690 = VECTOR('',#4691,1.);
#4691 = DIRECTION('',(0.707106781187,-0.707106781187,0.));
#4692 = ORIENTED_EDGE('',*,*,#4693,.F.);
#4693 = EDGE_CURVE('',#4694,#4686,#4696,.T.);
#4694 = VERTEX_POINT('',#4695);
#4695 = CARTESIAN_POINT('',(103.2375,-122.8875,0.));
#4696 = LINE('',#4697,#4698);
#4697 = CARTESIAN_POINT('',(103.2375,-122.8875,0.));
#4698 = VECTOR('',#4699,1.);
#4699 = DIRECTION('',(0.,0.,1.));
#4700 = ORIENTED_EDGE('',*,*,#4701,.F.);
#4701 = EDGE_CURVE('',#4663,#4694,#4702,.T.);
#4702 = LINE('',#4703,#4704);
#4703 = CARTESIAN_POINT('',(102.2375,-121.8875,0.));
#4704 = VECTOR('',#4705,1.);
#4705 = DIRECTION('',(0.707106781187,-0.707106781187,0.));
#4706 = PLANE('',#4707);
#4707 = AXIS2_PLACEMENT_3D('',#4708,#4709,#4710);
#4708 = CARTESIAN_POINT('',(102.2375,-121.8875,0.));
#4709 = DIRECTION('',(0.707106781187,0.707106781187,-0.));
#4710 = DIRECTION('',(0.707106781187,-0.707106781187,0.));
#4711 = ADVANCED_FACE('',(#4712),#4737,.T.);
#4712 = FACE_BOUND('',#4713,.T.);
#4713 = EDGE_LOOP('',(#4714,#4715,#4723,#4731));
#4714 = ORIENTED_EDGE('',*,*,#4693,.T.);
#4715 = ORIENTED_EDGE('',*,*,#4716,.T.);
#4716 = EDGE_CURVE('',#4686,#4717,#4719,.T.);
#4717 = VERTEX_POINT('',#4718);
#4718 = CARTESIAN_POINT('',(115.8375,-122.8875,1.59));
#4719 = LINE('',#4720,#4721);
#4720 = CARTESIAN_POINT('',(103.2375,-122.8875,1.59));
#4721 = VECTOR('',#4722,1.);
#4722 = DIRECTION('',(1.,0.,0.));
#4723 = ORIENTED_EDGE('',*,*,#4724,.F.);
#4724 = EDGE_CURVE('',#4725,#4717,#4727,.T.);
#4725 = VERTEX_POINT('',#4726);
#4726 = CARTESIAN_POINT('',(115.8375,-122.8875,0.));
#4727 = LINE('',#4728,#4729);
#4728 = CARTESIAN_POINT('',(115.8375,-122.8875,0.));
#4729 = VECTOR('',#4730,1.);
#4730 = DIRECTION('',(0.,0.,1.));
#4731 = ORIENTED_EDGE('',*,*,#4732,.F.);
#4732 = EDGE_CURVE('',#4694,#4725,#4733,.T.);
#4733 = LINE('',#4734,#4735);
#4734 = CARTESIAN_POINT('',(103.2375,-122.8875,0.));
#4735 = VECTOR('',#4736,1.);
#4736 = DIRECTION('',(1.,0.,0.));
#4737 = PLANE('',#4738);
#4738 = AXIS2_PLACEMENT_3D('',#4739,#4740,#4741);
#4739 = CARTESIAN_POINT('',(103.2375,-122.8875,0.));
#4740 = DIRECTION('',(0.,1.,0.));
#4741 = DIRECTION('',(1.,0.,0.));
#4742 = ADVANCED_FACE('',(#4743),#4768,.T.);
#4743 = FACE_BOUND('',#4744,.T.);
#4744 = EDGE_LOOP('',(#4745,#4746,#4754,#4762));
#4745 = ORIENTED_EDGE('',*,*,#4724,.T.);
#4746 = ORIENTED_EDGE('',*,*,#4747,.T.);
#4747 = EDGE_CURVE('',#4717,#4748,#4750,.T.);
#4748 = VERTEX_POINT('',#4749);
#4749 = CARTESIAN_POINT('',(116.8375,-121.8875,1.59));
#4750 = LINE('',#4751,#4752);
#4751 = CARTESIAN_POINT('',(115.8375,-122.8875,1.59));
#4752 = VECTOR('',#4753,1.);
#4753 = DIRECTION('',(0.707106781187,0.707106781187,0.));
#4754 = ORIENTED_EDGE('',*,*,#4755,.F.);
#4755 = EDGE_CURVE('',#4756,#4748,#4758,.T.);
#4756 = VERTEX_POINT('',#4757);
#4757 = CARTESIAN_POINT('',(116.8375,-121.8875,0.));
#4758 = LINE('',#4759,#4760);
#4759 = CARTESIAN_POINT('',(116.8375,-121.8875,0.));
#4760 = VECTOR('',#4761,1.);
#4761 = DIRECTION('',(0.,0.,1.));
#4762 = ORIENTED_EDGE('',*,*,#4763,.F.);
#4763 = EDGE_CURVE('',#4725,#4756,#4764,.T.);
#4764 = LINE('',#4765,#4766);
#4765 = CARTESIAN_POINT('',(115.8375,-122.8875,0.));
#4766 = VECTOR('',#4767,1.);
#4767 = DIRECTION('',(0.707106781187,0.707106781187,0.));
#4768 = PLANE('',#4769);
#4769 = AXIS2_PLACEMENT_3D('',#4770,#4771,#4772);
#4770 = CARTESIAN_POINT('',(115.8375,-122.8875,0.));
#4771 = DIRECTION('',(-0.707106781187,0.707106781187,0.));
#4772 = DIRECTION('',(0.707106781187,0.707106781187,0.));
#4773 = ADVANCED_FACE('',(#4774),#4799,.T.);
#4774 = FACE_BOUND('',#4775,.T.);
#4775 = EDGE_LOOP('',(#4776,#4777,#4785,#4793));
#4776 = ORIENTED_EDGE('',*,*,#4755,.T.);
#4777 = ORIENTED_EDGE('',*,*,#4778,.T.);
#4778 = EDGE_CURVE('',#4748,#4779,#4781,.T.);
#4779 = VERTEX_POINT('',#4780);
#4780 = CARTESIAN_POINT('',(116.8375,-109.8875,1.59));
#4781 = LINE('',#4782,#4783);
#4782 = CARTESIAN_POINT('',(116.8375,-121.8875,1.59));
#4783 = VECTOR('',#4784,1.);
#4784 = DIRECTION('',(0.,1.,0.));
#4785 = ORIENTED_EDGE('',*,*,#4786,.F.);
#4786 = EDGE_CURVE('',#4787,#4779,#4789,.T.);
#4787 = VERTEX_POINT('',#4788);
#4788 = CARTESIAN_POINT('',(116.8375,-109.8875,0.));
#4789 = LINE('',#4790,#4791);
#4790 = CARTESIAN_POINT('',(116.8375,-109.8875,0.));
#4791 = VECTOR('',#4792,1.);
#4792 = DIRECTION('',(0.,0.,1.));
#4793 = ORIENTED_EDGE('',*,*,#4794,.F.);
#4794 = EDGE_CURVE('',#4756,#4787,#4795,.T.);
#4795 = LINE('',#4796,#4797);
#4796 = CARTESIAN_POINT('',(116.8375,-121.8875,0.));
#4797 = VECTOR('',#4798,1.);
#4798 = DIRECTION('',(0.,1.,0.));
#4799 = PLANE('',#4800);
#4800 = AXIS2_PLACEMENT_3D('',#4801,#4802,#4803);
#4801 = CARTESIAN_POINT('',(116.8375,-121.8875,0.));
#4802 = DIRECTION('',(-1.,0.,0.));
#4803 = DIRECTION('',(0.,1.,0.));
#4804 = ADVANCED_FACE('',(#4805),#4830,.T.);
#4805 = FACE_BOUND('',#4806,.T.);
#4806 = EDGE_LOOP('',(#4807,#4808,#4816,#4824));
#4807 = ORIENTED_EDGE('',*,*,#4786,.T.);
#4808 = ORIENTED_EDGE('',*,*,#4809,.T.);
#4809 = EDGE_CURVE('',#4779,#4810,#4812,.T.);
#4810 = VERTEX_POINT('',#4811);
#4811 = CARTESIAN_POINT('',(115.8375,-108.8875,1.59));
#4812 = LINE('',#4813,#4814);
#4813 = CARTESIAN_POINT('',(116.8375,-109.8875,1.59));
#4814 = VECTOR('',#4815,1.);
#4815 = DIRECTION('',(-0.707106781187,0.707106781187,0.));
#4816 = ORIENTED_EDGE('',*,*,#4817,.F.);
#4817 = EDGE_CURVE('',#4818,#4810,#4820,.T.);
#4818 = VERTEX_POINT('',#4819);
#4819 = CARTESIAN_POINT('',(115.8375,-108.8875,0.));
#4820 = LINE('',#4821,#4822);
#4821 = CARTESIAN_POINT('',(115.8375,-108.8875,0.));
#4822 = VECTOR('',#4823,1.);
#4823 = DIRECTION('',(0.,0.,1.));
#4824 = ORIENTED_EDGE('',*,*,#4825,.F.);
#4825 = EDGE_CURVE('',#4787,#4818,#4826,.T.);
#4826 = LINE('',#4827,#4828);
#4827 = CARTESIAN_POINT('',(116.8375,-109.8875,0.));
#4828 = VECTOR('',#4829,1.);
#4829 = DIRECTION('',(-0.707106781187,0.707106781187,0.));
#4830 = PLANE('',#4831);
#4831 = AXIS2_PLACEMENT_3D('',#4832,#4833,#4834);
#4832 = CARTESIAN_POINT('',(116.8375,-109.8875,0.));
#4833 = DIRECTION('',(-0.707106781187,-0.707106781187,0.));
#4834 = DIRECTION('',(-0.707106781187,0.707106781187,0.));
#4835 = ADVANCED_FACE('',(#4836),#4861,.T.);
#4836 = FACE_BOUND('',#4837,.T.);
#4837 = EDGE_LOOP('',(#4838,#4839,#4847,#4855));
#4838 = ORIENTED_EDGE('',*,*,#4817,.T.);
#4839 = ORIENTED_EDGE('',*,*,#4840,.T.);
#4840 = EDGE_CURVE('',#4810,#4841,#4843,.T.);
#4841 = VERTEX_POINT('',#4842);
#4842 = CARTESIAN_POINT('',(103.2375,-108.8875,1.59));
#4843 = LINE('',#4844,#4845);
#4844 = CARTESIAN_POINT('',(115.8375,-108.8875,1.59));
#4845 = VECTOR('',#4846,1.);
#4846 = DIRECTION('',(-1.,0.,0.));
#4847 = ORIENTED_EDGE('',*,*,#4848,.F.);
#4848 = EDGE_CURVE('',#4849,#4841,#4851,.T.);
#4849 = VERTEX_POINT('',#4850);
#4850 = CARTESIAN_POINT('',(103.2375,-108.8875,0.));
#4851 = LINE('',#4852,#4853);
#4852 = CARTESIAN_POINT('',(103.2375,-108.8875,0.));
#4853 = VECTOR('',#4854,1.);
#4854 = DIRECTION('',(0.,0.,1.));
#4855 = ORIENTED_EDGE('',*,*,#4856,.F.);
#4856 = EDGE_CURVE('',#4818,#4849,#4857,.T.);
#4857 = LINE('',#4858,#4859);
#4858 = CARTESIAN_POINT('',(115.8375,-108.8875,0.));
#4859 = VECTOR('',#4860,1.);
#4860 = DIRECTION('',(-1.,0.,0.));
#4861 = PLANE('',#4862);
#4862 = AXIS2_PLACEMENT_3D('',#4863,#4864,#4865);
#4863 = CARTESIAN_POINT('',(115.8375,-108.8875,0.));
#4864 = DIRECTION('',(0.,-1.,0.));
#4865 = DIRECTION('',(-1.,0.,0.));
#4866 = ADVANCED_FACE('',(#4867),#4883,.T.);
#4867 = FACE_BOUND('',#4868,.T.);
#4868 = EDGE_LOOP('',(#4869,#4870,#4876,#4877));
#4869 = ORIENTED_EDGE('',*,*,#4848,.T.);
#4870 = ORIENTED_EDGE('',*,*,#4871,.T.);
#4871 = EDGE_CURVE('',#4841,#4647,#4872,.T.);
#4872 = LINE('',#4873,#4874);
#4873 = CARTESIAN_POINT('',(103.2375,-108.8875,1.59));
#4874 = VECTOR('',#4875,1.);
#4875 = DIRECTION('',(-0.707106781187,-0.707106781187,0.));
#4876 = ORIENTED_EDGE('',*,*,#4644,.F.);
#4877 = ORIENTED_EDGE('',*,*,#4878,.F.);
#4878 = EDGE_CURVE('',#4849,#4645,#4879,.T.);
#4879 = LINE('',#4880,#4881);
#4880 = CARTESIAN_POINT('',(103.2375,-108.8875,0.));
#4881 = VECTOR('',#4882,1.);
#4882 = DIRECTION('',(-0.707106781187,-0.707106781187,0.));
#4883 = PLANE('',#4884);
#4884 = AXIS2_PLACEMENT_3D('',#4885,#4886,#4887);
#4885 = CARTESIAN_POINT('',(103.2375,-108.8875,0.));
#4886 = DIRECTION('',(0.707106781187,-0.707106781187,0.));
#4887 = DIRECTION('',(-0.707106781187,-0.707106781187,0.));
#4888 = ADVANCED_FACE('',(#4889),#4923,.T.);
#4889 = FACE_BOUND('',#4890,.T.);
#4890 = EDGE_LOOP('',(#4891,#4901,#4909,#4917));
#4891 = ORIENTED_EDGE('',*,*,#4892,.T.);
#4892 = EDGE_CURVE('',#4893,#4895,#4897,.T.);
#4893 = VERTEX_POINT('',#4894);
#4894 = CARTESIAN_POINT('',(121.2875,-109.8875,0.));
#4895 = VERTEX_POINT('',#4896);
#4896 = CARTESIAN_POINT('',(121.2875,-109.8875,1.59));
#4897 = LINE('',#4898,#4899);
#4898 = CARTESIAN_POINT('',(121.2875,-109.8875,0.));
#4899 = VECTOR('',#4900,1.);
#4900 = DIRECTION('',(0.,0.,1.));
#4901 = ORIENTED_EDGE('',*,*,#4902,.T.);
#4902 = EDGE_CURVE('',#4895,#4903,#4905,.T.);
#4903 = VERTEX_POINT('',#4904);
#4904 = CARTESIAN_POINT('',(121.2875,-121.8875,1.59));
#4905 = LINE('',#4906,#4907);
#4906 = CARTESIAN_POINT('',(121.2875,-109.8875,1.59));
#4907 = VECTOR('',#4908,1.);
#4908 = DIRECTION('',(0.,-1.,0.));
#4909 = ORIENTED_EDGE('',*,*,#4910,.F.);
#4910 = EDGE_CURVE('',#4911,#4903,#4913,.T.);
#4911 = VERTEX_POINT('',#4912);
#4912 = CARTESIAN_POINT('',(121.2875,-121.8875,0.));
#4913 = LINE('',#4914,#4915);
#4914 = CARTESIAN_POINT('',(121.2875,-121.8875,0.));
#4915 = VECTOR('',#4916,1.);
#4916 = DIRECTION('',(0.,0.,1.));
#4917 = ORIENTED_EDGE('',*,*,#4918,.F.);
#4918 = EDGE_CURVE('',#4893,#4911,#4919,.T.);
#4919 = LINE('',#4920,#4921);
#4920 = CARTESIAN_POINT('',(121.2875,-109.8875,0.));
#4921 = VECTOR('',#4922,1.);
#4922 = DIRECTION('',(0.,-1.,0.));
#4923 = PLANE('',#4924);
#4924 = AXIS2_PLACEMENT_3D('',#4925,#4926,#4927);
#4925 = CARTESIAN_POINT('',(121.2875,-109.8875,0.));
#4926 = DIRECTION('',(1.,0.,-0.));
#4927 = DIRECTION('',(0.,-1.,0.));
#4928 = ADVANCED_FACE('',(#4929),#4954,.T.);
#4929 = FACE_BOUND('',#4930,.T.);
#4930 = EDGE_LOOP('',(#4931,#4932,#4940,#4948));
#4931 = ORIENTED_EDGE('',*,*,#4910,.T.);
#4932 = ORIENTED_EDGE('',*,*,#4933,.T.);
#4933 = EDGE_CURVE('',#4903,#4934,#4936,.T.);
#4934 = VERTEX_POINT('',#4935);
#4935 = CARTESIAN_POINT('',(122.2875,-122.8875,1.59));
#4936 = LINE('',#4937,#4938);
#4937 = CARTESIAN_POINT('',(121.2875,-121.8875,1.59));
#4938 = VECTOR('',#4939,1.);
#4939 = DIRECTION('',(0.707106781187,-0.707106781187,0.));
#4940 = ORIENTED_EDGE('',*,*,#4941,.F.);
#4941 = EDGE_CURVE('',#4942,#4934,#4944,.T.);
#4942 = VERTEX_POINT('',#4943);
#4943 = CARTESIAN_POINT('',(122.2875,-122.8875,0.));
#4944 = LINE('',#4945,#4946);
#4945 = CARTESIAN_POINT('',(122.2875,-122.8875,0.));
#4946 = VECTOR('',#4947,1.);
#4947 = DIRECTION('',(0.,0.,1.));
#4948 = ORIENTED_EDGE('',*,*,#4949,.F.);
#4949 = EDGE_CURVE('',#4911,#4942,#4950,.T.);
#4950 = LINE('',#4951,#4952);
#4951 = CARTESIAN_POINT('',(121.2875,-121.8875,0.));
#4952 = VECTOR('',#4953,1.);
#4953 = DIRECTION('',(0.707106781187,-0.707106781187,0.));
#4954 = PLANE('',#4955);
#4955 = AXIS2_PLACEMENT_3D('',#4956,#4957,#4958);
#4956 = CARTESIAN_POINT('',(121.2875,-121.8875,0.));
#4957 = DIRECTION('',(0.707106781187,0.707106781187,-0.));
#4958 = DIRECTION('',(0.707106781187,-0.707106781187,0.));
#4959 = ADVANCED_FACE('',(#4960),#4985,.T.);
#4960 = FACE_BOUND('',#4961,.T.);
#4961 = EDGE_LOOP('',(#4962,#4963,#4971,#4979));
#4962 = ORIENTED_EDGE('',*,*,#4941,.T.);
#4963 = ORIENTED_EDGE('',*,*,#4964,.T.);
#4964 = EDGE_CURVE('',#4934,#4965,#4967,.T.);
#4965 = VERTEX_POINT('',#4966);
#4966 = CARTESIAN_POINT('',(134.8875,-122.8875,1.59));
#4967 = LINE('',#4968,#4969);
#4968 = CARTESIAN_POINT('',(122.2875,-122.8875,1.59));
#4969 = VECTOR('',#4970,1.);
#4970 = DIRECTION('',(1.,0.,0.));
#4971 = ORIENTED_EDGE('',*,*,#4972,.F.);
#4972 = EDGE_CURVE('',#4973,#4965,#4975,.T.);
#4973 = VERTEX_POINT('',#4974);
#4974 = CARTESIAN_POINT('',(134.8875,-122.8875,0.));
#4975 = LINE('',#4976,#4977);
#4976 = CARTESIAN_POINT('',(134.8875,-122.8875,0.));
#4977 = VECTOR('',#4978,1.);
#4978 = DIRECTION('',(0.,0.,1.));
#4979 = ORIENTED_EDGE('',*,*,#4980,.F.);
#4980 = EDGE_CURVE('',#4942,#4973,#4981,.T.);
#4981 = LINE('',#4982,#4983);
#4982 = CARTESIAN_POINT('',(122.2875,-122.8875,0.));
#4983 = VECTOR('',#4984,1.);
#4984 = DIRECTION('',(1.,0.,0.));
#4985 = PLANE('',#4986);
#4986 = AXIS2_PLACEMENT_3D('',#4987,#4988,#4989);
#4987 = CARTESIAN_POINT('',(122.2875,-122.8875,0.));
#4988 = DIRECTION('',(0.,1.,0.));
#4989 = DIRECTION('',(1.,0.,0.));
#4990 = ADVANCED_FACE('',(#4991),#5016,.T.);
#4991 = FACE_BOUND('',#4992,.T.);
#4992 = EDGE_LOOP('',(#4993,#4994,#5002,#5010));
#4993 = ORIENTED_EDGE('',*,*,#4972,.T.);
#4994 = ORIENTED_EDGE('',*,*,#4995,.T.);
#4995 = EDGE_CURVE('',#4965,#4996,#4998,.T.);
#4996 = VERTEX_POINT('',#4997);
#4997 = CARTESIAN_POINT('',(135.8875,-121.8875,1.59));
#4998 = LINE('',#4999,#5000);
#4999 = CARTESIAN_POINT('',(134.8875,-122.8875,1.59));
#5000 = VECTOR('',#5001,1.);
#5001 = DIRECTION('',(0.707106781187,0.707106781187,0.));
#5002 = ORIENTED_EDGE('',*,*,#5003,.F.);
#5003 = EDGE_CURVE('',#5004,#4996,#5006,.T.);
#5004 = VERTEX_POINT('',#5005);
#5005 = CARTESIAN_POINT('',(135.8875,-121.8875,0.));
#5006 = LINE('',#5007,#5008);
#5007 = CARTESIAN_POINT('',(135.8875,-121.8875,0.));
#5008 = VECTOR('',#5009,1.);
#5009 = DIRECTION('',(0.,0.,1.));
#5010 = ORIENTED_EDGE('',*,*,#5011,.F.);
#5011 = EDGE_CURVE('',#4973,#5004,#5012,.T.);
#5012 = LINE('',#5013,#5014);
#5013 = CARTESIAN_POINT('',(134.8875,-122.8875,0.));
#5014 = VECTOR('',#5015,1.);
#5015 = DIRECTION('',(0.707106781187,0.707106781187,0.));
#5016 = PLANE('',#5017);
#5017 = AXIS2_PLACEMENT_3D('',#5018,#5019,#5020);
#5018 = CARTESIAN_POINT('',(134.8875,-122.8875,0.));
#5019 = DIRECTION('',(-0.707106781187,0.707106781187,0.));
#5020 = DIRECTION('',(0.707106781187,0.707106781187,0.));
#5021 = ADVANCED_FACE('',(#5022),#5047,.T.);
#5022 = FACE_BOUND('',#5023,.T.);
#5023 = EDGE_LOOP('',(#5024,#5025,#5033,#5041));
#5024 = ORIENTED_EDGE('',*,*,#5003,.T.);
#5025 = ORIENTED_EDGE('',*,*,#5026,.T.);
#5026 = EDGE_CURVE('',#4996,#5027,#5029,.T.);
#5027 = VERTEX_POINT('',#5028);
#5028 = CARTESIAN_POINT('',(135.8875,-109.8875,1.59));
#5029 = LINE('',#5030,#5031);
#5030 = CARTESIAN_POINT('',(135.8875,-121.8875,1.59));
#5031 = VECTOR('',#5032,1.);
#5032 = DIRECTION('',(0.,1.,0.));
#5033 = ORIENTED_EDGE('',*,*,#5034,.F.);
#5034 = EDGE_CURVE('',#5035,#5027,#5037,.T.);
#5035 = VERTEX_POINT('',#5036);
#5036 = CARTESIAN_POINT('',(135.8875,-109.8875,0.));
#5037 = LINE('',#5038,#5039);
#5038 = CARTESIAN_POINT('',(135.8875,-109.8875,0.));
#5039 = VECTOR('',#5040,1.);
#5040 = DIRECTION('',(0.,0.,1.));
#5041 = ORIENTED_EDGE('',*,*,#5042,.F.);
#5042 = EDGE_CURVE('',#5004,#5035,#5043,.T.);
#5043 = LINE('',#5044,#5045);
#5044 = CARTESIAN_POINT('',(135.8875,-121.8875,0.));
#5045 = VECTOR('',#5046,1.);
#5046 = DIRECTION('',(0.,1.,0.));
#5047 = PLANE('',#5048);
#5048 = AXIS2_PLACEMENT_3D('',#5049,#5050,#5051);
#5049 = CARTESIAN_POINT('',(135.8875,-121.8875,0.));
#5050 = DIRECTION('',(-1.,0.,0.));
#5051 = DIRECTION('',(0.,1.,0.));
#5052 = ADVANCED_FACE('',(#5053),#5078,.T.);
#5053 = FACE_BOUND('',#5054,.T.);
#5054 = EDGE_LOOP('',(#5055,#5056,#5064,#5072));
#5055 = ORIENTED_EDGE('',*,*,#5034,.T.);
#5056 = ORIENTED_EDGE('',*,*,#5057,.T.);
#5057 = EDGE_CURVE('',#5027,#5058,#5060,.T.);
#5058 = VERTEX_POINT('',#5059);
#5059 = CARTESIAN_POINT('',(134.8875,-108.8875,1.59));
#5060 = LINE('',#5061,#5062);
#5061 = CARTESIAN_POINT('',(135.8875,-109.8875,1.59));
#5062 = VECTOR('',#5063,1.);
#5063 = DIRECTION('',(-0.707106781187,0.707106781187,0.));
#5064 = ORIENTED_EDGE('',*,*,#5065,.F.);
#5065 = EDGE_CURVE('',#5066,#5058,#5068,.T.);
#5066 = VERTEX_POINT('',#5067);
#5067 = CARTESIAN_POINT('',(134.8875,-108.8875,0.));
#5068 = LINE('',#5069,#5070);
#5069 = CARTESIAN_POINT('',(134.8875,-108.8875,0.));
#5070 = VECTOR('',#5071,1.);
#5071 = DIRECTION('',(0.,0.,1.));
#5072 = ORIENTED_EDGE('',*,*,#5073,.F.);
#5073 = EDGE_CURVE('',#5035,#5066,#5074,.T.);
#5074 = LINE('',#5075,#5076);
#5075 = CARTESIAN_POINT('',(135.8875,-109.8875,0.));
#5076 = VECTOR('',#5077,1.);
#5077 = DIRECTION('',(-0.707106781187,0.707106781187,0.));
#5078 = PLANE('',#5079);
#5079 = AXIS2_PLACEMENT_3D('',#5080,#5081,#5082);
#5080 = CARTESIAN_POINT('',(135.8875,-109.8875,0.));
#5081 = DIRECTION('',(-0.707106781187,-0.707106781187,0.));
#5082 = DIRECTION('',(-0.707106781187,0.707106781187,0.));
#5083 = ADVANCED_FACE('',(#5084),#5109,.T.);
#5084 = FACE_BOUND('',#5085,.T.);
#5085 = EDGE_LOOP('',(#5086,#5087,#5095,#5103));
#5086 = ORIENTED_EDGE('',*,*,#5065,.T.);
#5087 = ORIENTED_EDGE('',*,*,#5088,.T.);
#5088 = EDGE_CURVE('',#5058,#5089,#5091,.T.);
#5089 = VERTEX_POINT('',#5090);
#5090 = CARTESIAN_POINT('',(122.2875,-108.8875,1.59));
#5091 = LINE('',#5092,#5093);
#5092 = CARTESIAN_POINT('',(134.8875,-108.8875,1.59));
#5093 = VECTOR('',#5094,1.);
#5094 = DIRECTION('',(-1.,0.,0.));
#5095 = ORIENTED_EDGE('',*,*,#5096,.F.);
#5096 = EDGE_CURVE('',#5097,#5089,#5099,.T.);
#5097 = VERTEX_POINT('',#5098);
#5098 = CARTESIAN_POINT('',(122.2875,-108.8875,0.));
#5099 = LINE('',#5100,#5101);
#5100 = CARTESIAN_POINT('',(122.2875,-108.8875,0.));
#5101 = VECTOR('',#5102,1.);
#5102 = DIRECTION('',(0.,0.,1.));
#5103 = ORIENTED_EDGE('',*,*,#5104,.F.);
#5104 = EDGE_CURVE('',#5066,#5097,#5105,.T.);
#5105 = LINE('',#5106,#5107);
#5106 = CARTESIAN_POINT('',(134.8875,-108.8875,0.));
#5107 = VECTOR('',#5108,1.);
#5108 = DIRECTION('',(-1.,0.,0.));
#5109 = PLANE('',#5110);
#5110 = AXIS2_PLACEMENT_3D('',#5111,#5112,#5113);
#5111 = CARTESIAN_POINT('',(134.8875,-108.8875,0.));
#5112 = DIRECTION('',(0.,-1.,0.));
#5113 = DIRECTION('',(-1.,0.,0.));
#5114 = ADVANCED_FACE('',(#5115),#5131,.T.);
#5115 = FACE_BOUND('',#5116,.T.);
#5116 = EDGE_LOOP('',(#5117,#5118,#5124,#5125));
#5117 = ORIENTED_EDGE('',*,*,#5096,.T.);
#5118 = ORIENTED_EDGE('',*,*,#5119,.T.);
#5119 = EDGE_CURVE('',#5089,#4895,#5120,.T.);
#5120 = LINE('',#5121,#5122);
#5121 = CARTESIAN_POINT('',(122.2875,-108.8875,1.59));
#5122 = VECTOR('',#5123,1.);
#5123 = DIRECTION('',(-0.707106781187,-0.707106781187,0.));
#5124 = ORIENTED_EDGE('',*,*,#4892,.F.);
#5125 = ORIENTED_EDGE('',*,*,#5126,.F.);
#5126 = EDGE_CURVE('',#5097,#4893,#5127,.T.);
#5127 = LINE('',#5128,#5129);
#5128 = CARTESIAN_POINT('',(122.2875,-108.8875,0.));
#5129 = VECTOR('',#5130,1.);
#5130 = DIRECTION('',(-0.707106781187,-0.707106781187,0.));
#5131 = PLANE('',#5132);
#5132 = AXIS2_PLACEMENT_3D('',#5133,#5134,#5135);
#5133 = CARTESIAN_POINT('',(122.2875,-108.8875,0.));
#5134 = DIRECTION('',(0.707106781187,-0.707106781187,0.));
#5135 = DIRECTION('',(-0.707106781187,-0.707106781187,0.));
#5136 = ADVANCED_FACE('',(#5137),#5171,.T.);
#5137 = FACE_BOUND('',#5138,.T.);
#5138 = EDGE_LOOP('',(#5139,#5149,#5157,#5165));
#5139 = ORIENTED_EDGE('',*,*,#5140,.T.);
#5140 = EDGE_CURVE('',#5141,#5143,#5145,.T.);
#5141 = VERTEX_POINT('',#5142);
#5142 = CARTESIAN_POINT('',(140.3375,-109.8875,0.));
#5143 = VERTEX_POINT('',#5144);
#5144 = CARTESIAN_POINT('',(140.3375,-109.8875,1.59));
#5145 = LINE('',#5146,#5147);
#5146 = CARTESIAN_POINT('',(140.3375,-109.8875,0.));
#5147 = VECTOR('',#5148,1.);
#5148 = DIRECTION('',(0.,0.,1.));
#5149 = ORIENTED_EDGE('',*,*,#5150,.T.);
#5150 = EDGE_CURVE('',#5143,#5151,#5153,.T.);
#5151 = VERTEX_POINT('',#5152);
#5152 = CARTESIAN_POINT('',(140.3375,-121.8875,1.59));
#5153 = LINE('',#5154,#5155);
#5154 = CARTESIAN_POINT('',(140.3375,-109.8875,1.59));
#5155 = VECTOR('',#5156,1.);
#5156 = DIRECTION('',(0.,-1.,0.));
#5157 = ORIENTED_EDGE('',*,*,#5158,.F.);
#5158 = EDGE_CURVE('',#5159,#5151,#5161,.T.);
#5159 = VERTEX_POINT('',#5160);
#5160 = CARTESIAN_POINT('',(140.3375,-121.8875,0.));
#5161 = LINE('',#5162,#5163);
#5162 = CARTESIAN_POINT('',(140.3375,-121.8875,0.));
#5163 = VECTOR('',#5164,1.);
#5164 = DIRECTION('',(0.,0.,1.));
#5165 = ORIENTED_EDGE('',*,*,#5166,.F.);
#5166 = EDGE_CURVE('',#5141,#5159,#5167,.T.);
#5167 = LINE('',#5168,#5169);
#5168 = CARTESIAN_POINT('',(140.3375,-109.8875,0.));
#5169 = VECTOR('',#5170,1.);
#5170 = DIRECTION('',(0.,-1.,0.));
#5171 = PLANE('',#5172);
#5172 = AXIS2_PLACEMENT_3D('',#5173,#5174,#5175);
#5173 = CARTESIAN_POINT('',(140.3375,-109.8875,0.));
#5174 = DIRECTION('',(1.,0.,-0.));
#5175 = DIRECTION('',(0.,-1.,0.));
#5176 = ADVANCED_FACE('',(#5177),#5202,.T.);
#5177 = FACE_BOUND('',#5178,.T.);
#5178 = EDGE_LOOP('',(#5179,#5180,#5188,#5196));
#5179 = ORIENTED_EDGE('',*,*,#5158,.T.);
#5180 = ORIENTED_EDGE('',*,*,#5181,.T.);
#5181 = EDGE_CURVE('',#5151,#5182,#5184,.T.);
#5182 = VERTEX_POINT('',#5183);
#5183 = CARTESIAN_POINT('',(141.3375,-122.8875,1.59));
#5184 = LINE('',#5185,#5186);
#5185 = CARTESIAN_POINT('',(140.3375,-121.8875,1.59));
#5186 = VECTOR('',#5187,1.);
#5187 = DIRECTION('',(0.707106781187,-0.707106781187,0.));
#5188 = ORIENTED_EDGE('',*,*,#5189,.F.);
#5189 = EDGE_CURVE('',#5190,#5182,#5192,.T.);
#5190 = VERTEX_POINT('',#5191);
#5191 = CARTESIAN_POINT('',(141.3375,-122.8875,0.));
#5192 = LINE('',#5193,#5194);
#5193 = CARTESIAN_POINT('',(141.3375,-122.8875,0.));
#5194 = VECTOR('',#5195,1.);
#5195 = DIRECTION('',(0.,0.,1.));
#5196 = ORIENTED_EDGE('',*,*,#5197,.F.);
#5197 = EDGE_CURVE('',#5159,#5190,#5198,.T.);
#5198 = LINE('',#5199,#5200);
#5199 = CARTESIAN_POINT('',(140.3375,-121.8875,0.));
#5200 = VECTOR('',#5201,1.);
#5201 = DIRECTION('',(0.707106781187,-0.707106781187,0.));
#5202 = PLANE('',#5203);
#5203 = AXIS2_PLACEMENT_3D('',#5204,#5205,#5206);
#5204 = CARTESIAN_POINT('',(140.3375,-121.8875,0.));
#5205 = DIRECTION('',(0.707106781187,0.707106781187,-0.));
#5206 = DIRECTION('',(0.707106781187,-0.707106781187,0.));
#5207 = ADVANCED_FACE('',(#5208),#5233,.T.);
#5208 = FACE_BOUND('',#5209,.T.);
#5209 = EDGE_LOOP('',(#5210,#5211,#5219,#5227));
#5210 = ORIENTED_EDGE('',*,*,#5189,.T.);
#5211 = ORIENTED_EDGE('',*,*,#5212,.T.);
#5212 = EDGE_CURVE('',#5182,#5213,#5215,.T.);
#5213 = VERTEX_POINT('',#5214);
#5214 = CARTESIAN_POINT('',(153.9375,-122.8875,1.59));
#5215 = LINE('',#5216,#5217);
#5216 = CARTESIAN_POINT('',(141.3375,-122.8875,1.59));
#5217 = VECTOR('',#5218,1.);
#5218 = DIRECTION('',(1.,0.,0.));
#5219 = ORIENTED_EDGE('',*,*,#5220,.F.);
#5220 = EDGE_CURVE('',#5221,#5213,#5223,.T.);
#5221 = VERTEX_POINT('',#5222);
#5222 = CARTESIAN_POINT('',(153.9375,-122.8875,0.));
#5223 = LINE('',#5224,#5225);
#5224 = CARTESIAN_POINT('',(153.9375,-122.8875,0.));
#5225 = VECTOR('',#5226,1.);
#5226 = DIRECTION('',(0.,0.,1.));
#5227 = ORIENTED_EDGE('',*,*,#5228,.F.);
#5228 = EDGE_CURVE('',#5190,#5221,#5229,.T.);
#5229 = LINE('',#5230,#5231);
#5230 = CARTESIAN_POINT('',(141.3375,-122.8875,0.));
#5231 = VECTOR('',#5232,1.);
#5232 = DIRECTION('',(1.,0.,0.));
#5233 = PLANE('',#5234);
#5234 = AXIS2_PLACEMENT_3D('',#5235,#5236,#5237);
#5235 = CARTESIAN_POINT('',(141.3375,-122.8875,0.));
#5236 = DIRECTION('',(0.,1.,0.));
#5237 = DIRECTION('',(1.,0.,0.));
#5238 = ADVANCED_FACE('',(#5239),#5264,.T.);
#5239 = FACE_BOUND('',#5240,.T.);
#5240 = EDGE_LOOP('',(#5241,#5242,#5250,#5258));
#5241 = ORIENTED_EDGE('',*,*,#5220,.T.);
#5242 = ORIENTED_EDGE('',*,*,#5243,.T.);
#5243 = EDGE_CURVE('',#5213,#5244,#5246,.T.);
#5244 = VERTEX_POINT('',#5245);
#5245 = CARTESIAN_POINT('',(154.9375,-121.8875,1.59));
#5246 = LINE('',#5247,#5248);
#5247 = CARTESIAN_POINT('',(153.9375,-122.8875,1.59));
#5248 = VECTOR('',#5249,1.);
#5249 = DIRECTION('',(0.707106781187,0.707106781187,0.));
#5250 = ORIENTED_EDGE('',*,*,#5251,.F.);
#5251 = EDGE_CURVE('',#5252,#5244,#5254,.T.);
#5252 = VERTEX_POINT('',#5253);
#5253 = CARTESIAN_POINT('',(154.9375,-121.8875,0.));
#5254 = LINE('',#5255,#5256);
#5255 = CARTESIAN_POINT('',(154.9375,-121.8875,0.));
#5256 = VECTOR('',#5257,1.);
#5257 = DIRECTION('',(0.,0.,1.));
#5258 = ORIENTED_EDGE('',*,*,#5259,.F.);
#5259 = EDGE_CURVE('',#5221,#5252,#5260,.T.);
#5260 = LINE('',#5261,#5262);
#5261 = CARTESIAN_POINT('',(153.9375,-122.8875,0.));
#5262 = VECTOR('',#5263,1.);
#5263 = DIRECTION('',(0.707106781187,0.707106781187,0.));
#5264 = PLANE('',#5265);
#5265 = AXIS2_PLACEMENT_3D('',#5266,#5267,#5268);
#5266 = CARTESIAN_POINT('',(153.9375,-122.8875,0.));
#5267 = DIRECTION('',(-0.707106781187,0.707106781187,0.));
#5268 = DIRECTION('',(0.707106781187,0.707106781187,0.));
#5269 = ADVANCED_FACE('',(#5270),#5295,.T.);
#5270 = FACE_BOUND('',#5271,.T.);
#5271 = EDGE_LOOP('',(#5272,#5273,#5281,#5289));
#5272 = ORIENTED_EDGE('',*,*,#5251,.T.);
#5273 = ORIENTED_EDGE('',*,*,#5274,.T.);
#5274 = EDGE_CURVE('',#5244,#5275,#5277,.T.);
#5275 = VERTEX_POINT('',#5276);
#5276 = CARTESIAN_POINT('',(154.9375,-109.8875,1.59));
#5277 = LINE('',#5278,#5279);
#5278 = CARTESIAN_POINT('',(154.9375,-121.8875,1.59));
#5279 = VECTOR('',#5280,1.);
#5280 = DIRECTION('',(0.,1.,0.));
#5281 = ORIENTED_EDGE('',*,*,#5282,.F.);
#5282 = EDGE_CURVE('',#5283,#5275,#5285,.T.);
#5283 = VERTEX_POINT('',#5284);
#5284 = CARTESIAN_POINT('',(154.9375,-109.8875,0.));
#5285 = LINE('',#5286,#5287);
#5286 = CARTESIAN_POINT('',(154.9375,-109.8875,0.));
#5287 = VECTOR('',#5288,1.);
#5288 = DIRECTION('',(0.,0.,1.));
#5289 = ORIENTED_EDGE('',*,*,#5290,.F.);
#5290 = EDGE_CURVE('',#5252,#5283,#5291,.T.);
#5291 = LINE('',#5292,#5293);
#5292 = CARTESIAN_POINT('',(154.9375,-121.8875,0.));
#5293 = VECTOR('',#5294,1.);
#5294 = DIRECTION('',(0.,1.,0.));
#5295 = PLANE('',#5296);
#5296 = AXIS2_PLACEMENT_3D('',#5297,#5298,#5299);
#5297 = CARTESIAN_POINT('',(154.9375,-121.8875,0.));
#5298 = DIRECTION('',(-1.,0.,0.));
#5299 = DIRECTION('',(0.,1.,0.));
#5300 = ADVANCED_FACE('',(#5301),#5326,.T.);
#5301 = FACE_BOUND('',#5302,.T.);
#5302 = EDGE_LOOP('',(#5303,#5304,#5312,#5320));
#5303 = ORIENTED_EDGE('',*,*,#5282,.T.);
#5304 = ORIENTED_EDGE('',*,*,#5305,.T.);
#5305 = EDGE_CURVE('',#5275,#5306,#5308,.T.);
#5306 = VERTEX_POINT('',#5307);
#5307 = CARTESIAN_POINT('',(153.9375,-108.8875,1.59));
#5308 = LINE('',#5309,#5310);
#5309 = CARTESIAN_POINT('',(154.9375,-109.8875,1.59));
#5310 = VECTOR('',#5311,1.);
#5311 = DIRECTION('',(-0.707106781187,0.707106781187,0.));
#5312 = ORIENTED_EDGE('',*,*,#5313,.F.);
#5313 = EDGE_CURVE('',#5314,#5306,#5316,.T.);
#5314 = VERTEX_POINT('',#5315);
#5315 = CARTESIAN_POINT('',(153.9375,-108.8875,0.));
#5316 = LINE('',#5317,#5318);
#5317 = CARTESIAN_POINT('',(153.9375,-108.8875,0.));
#5318 = VECTOR('',#5319,1.);
#5319 = DIRECTION('',(0.,0.,1.));
#5320 = ORIENTED_EDGE('',*,*,#5321,.F.);
#5321 = EDGE_CURVE('',#5283,#5314,#5322,.T.);
#5322 = LINE('',#5323,#5324);
#5323 = CARTESIAN_POINT('',(154.9375,-109.8875,0.));
#5324 = VECTOR('',#5325,1.);
#5325 = DIRECTION('',(-0.707106781187,0.707106781187,0.));
#5326 = PLANE('',#5327);
#5327 = AXIS2_PLACEMENT_3D('',#5328,#5329,#5330);
#5328 = CARTESIAN_POINT('',(154.9375,-109.8875,0.));
#5329 = DIRECTION('',(-0.707106781187,-0.707106781187,0.));
#5330 = DIRECTION('',(-0.707106781187,0.707106781187,0.));
#5331 = ADVANCED_FACE('',(#5332),#5357,.T.);
#5332 = FACE_BOUND('',#5333,.T.);
#5333 = EDGE_LOOP('',(#5334,#5335,#5343,#5351));
#5334 = ORIENTED_EDGE('',*,*,#5313,.T.);
#5335 = ORIENTED_EDGE('',*,*,#5336,.T.);
#5336 = EDGE_CURVE('',#5306,#5337,#5339,.T.);
#5337 = VERTEX_POINT('',#5338);
#5338 = CARTESIAN_POINT('',(141.3375,-108.8875,1.59));
#5339 = LINE('',#5340,#5341);
#5340 = CARTESIAN_POINT('',(153.9375,-108.8875,1.59));
#5341 = VECTOR('',#5342,1.);
#5342 = DIRECTION('',(-1.,0.,0.));
#5343 = ORIENTED_EDGE('',*,*,#5344,.F.);
#5344 = EDGE_CURVE('',#5345,#5337,#5347,.T.);
#5345 = VERTEX_POINT('',#5346);
#5346 = CARTESIAN_POINT('',(141.3375,-108.8875,0.));
#5347 = LINE('',#5348,#5349);
#5348 = CARTESIAN_POINT('',(141.3375,-108.8875,0.));
#5349 = VECTOR('',#5350,1.);
#5350 = DIRECTION('',(0.,0.,1.));
#5351 = ORIENTED_EDGE('',*,*,#5352,.F.);
#5352 = EDGE_CURVE('',#5314,#5345,#5353,.T.);
#5353 = LINE('',#5354,#5355);
#5354 = CARTESIAN_POINT('',(153.9375,-108.8875,0.));
#5355 = VECTOR('',#5356,1.);
#5356 = DIRECTION('',(-1.,0.,0.));
#5357 = PLANE('',#5358);
#5358 = AXIS2_PLACEMENT_3D('',#5359,#5360,#5361);
#5359 = CARTESIAN_POINT('',(153.9375,-108.8875,0.));
#5360 = DIRECTION('',(0.,-1.,0.));
#5361 = DIRECTION('',(-1.,0.,0.));
#5362 = ADVANCED_FACE('',(#5363),#5379,.T.);
#5363 = FACE_BOUND('',#5364,.T.);
#5364 = EDGE_LOOP('',(#5365,#5366,#5372,#5373));
#5365 = ORIENTED_EDGE('',*,*,#5344,.T.);
#5366 = ORIENTED_EDGE('',*,*,#5367,.T.);
#5367 = EDGE_CURVE('',#5337,#5143,#5368,.T.);
#5368 = LINE('',#5369,#5370);
#5369 = CARTESIAN_POINT('',(141.3375,-108.8875,1.59));
#5370 = VECTOR('',#5371,1.);
#5371 = DIRECTION('',(-0.707106781187,-0.707106781187,0.));
#5372 = ORIENTED_EDGE('',*,*,#5140,.F.);
#5373 = ORIENTED_EDGE('',*,*,#5374,.F.);
#5374 = EDGE_CURVE('',#5345,#5141,#5375,.T.);
#5375 = LINE('',#5376,#5377);
#5376 = CARTESIAN_POINT('',(141.3375,-108.8875,0.));
#5377 = VECTOR('',#5378,1.);
#5378 = DIRECTION('',(-0.707106781187,-0.707106781187,0.));
#5379 = PLANE('',#5380);
#5380 = AXIS2_PLACEMENT_3D('',#5381,#5382,#5383);
#5381 = CARTESIAN_POINT('',(141.3375,-108.8875,0.));
#5382 = DIRECTION('',(0.707106781187,-0.707106781187,0.));
#5383 = DIRECTION('',(-0.707106781187,-0.707106781187,0.));
#5384 = ADVANCED_FACE('',(#5385),#5419,.T.);
#5385 = FACE_BOUND('',#5386,.T.);
#5386 = EDGE_LOOP('',(#5387,#5397,#5405,#5413));
#5387 = ORIENTED_EDGE('',*,*,#5388,.T.);
#5388 = EDGE_CURVE('',#5389,#5391,#5393,.T.);
#5389 = VERTEX_POINT('',#5390);
#5390 = CARTESIAN_POINT('',(159.3875,-109.8875,0.));
#5391 = VERTEX_POINT('',#5392);
#5392 = CARTESIAN_POINT('',(159.3875,-109.8875,1.59));
#5393 = LINE('',#5394,#5395);
#5394 = CARTESIAN_POINT('',(159.3875,-109.8875,0.));
#5395 = VECTOR('',#5396,1.);
#5396 = DIRECTION('',(0.,0.,1.));
#5397 = ORIENTED_EDGE('',*,*,#5398,.T.);
#5398 = EDGE_CURVE('',#5391,#5399,#5401,.T.);
#5399 = VERTEX_POINT('',#5400);
#5400 = CARTESIAN_POINT('',(159.3875,-121.8875,1.59));
#5401 = LINE('',#5402,#5403);
#5402 = CARTESIAN_POINT('',(159.3875,-109.8875,1.59));
#5403 = VECTOR('',#5404,1.);
#5404 = DIRECTION('',(0.,-1.,0.));
#5405 = ORIENTED_EDGE('',*,*,#5406,.F.);
#5406 = EDGE_CURVE('',#5407,#5399,#5409,.T.);
#5407 = VERTEX_POINT('',#5408);
#5408 = CARTESIAN_POINT('',(159.3875,-121.8875,0.));
#5409 = LINE('',#5410,#5411);
#5410 = CARTESIAN_POINT('',(159.3875,-121.8875,0.));
#5411 = VECTOR('',#5412,1.);
#5412 = DIRECTION('',(0.,0.,1.));
#5413 = ORIENTED_EDGE('',*,*,#5414,.F.);
#5414 = EDGE_CURVE('',#5389,#5407,#5415,.T.);
#5415 = LINE('',#5416,#5417);
#5416 = CARTESIAN_POINT('',(159.3875,-109.8875,0.));
#5417 = VECTOR('',#5418,1.);
#5418 = DIRECTION('',(0.,-1.,0.));
#5419 = PLANE('',#5420);
#5420 = AXIS2_PLACEMENT_3D('',#5421,#5422,#5423);
#5421 = CARTESIAN_POINT('',(159.3875,-109.8875,0.));
#5422 = DIRECTION('',(1.,0.,-0.));
#5423 = DIRECTION('',(0.,-1.,0.));
#5424 = ADVANCED_FACE('',(#5425),#5450,.T.);
#5425 = FACE_BOUND('',#5426,.T.);
#5426 = EDGE_LOOP('',(#5427,#5428,#5436,#5444));
#5427 = ORIENTED_EDGE('',*,*,#5406,.T.);
#5428 = ORIENTED_EDGE('',*,*,#5429,.T.);
#5429 = EDGE_CURVE('',#5399,#5430,#5432,.T.);
#5430 = VERTEX_POINT('',#5431);
#5431 = CARTESIAN_POINT('',(160.3875,-122.8875,1.59));
#5432 = LINE('',#5433,#5434);
#5433 = CARTESIAN_POINT('',(159.3875,-121.8875,1.59));
#5434 = VECTOR('',#5435,1.);
#5435 = DIRECTION('',(0.707106781187,-0.707106781187,0.));
#5436 = ORIENTED_EDGE('',*,*,#5437,.F.);
#5437 = EDGE_CURVE('',#5438,#5430,#5440,.T.);
#5438 = VERTEX_POINT('',#5439);
#5439 = CARTESIAN_POINT('',(160.3875,-122.8875,0.));
#5440 = LINE('',#5441,#5442);
#5441 = CARTESIAN_POINT('',(160.3875,-122.8875,0.));
#5442 = VECTOR('',#5443,1.);
#5443 = DIRECTION('',(0.,0.,1.));
#5444 = ORIENTED_EDGE('',*,*,#5445,.F.);
#5445 = EDGE_CURVE('',#5407,#5438,#5446,.T.);
#5446 = LINE('',#5447,#5448);
#5447 = CARTESIAN_POINT('',(159.3875,-121.8875,0.));
#5448 = VECTOR('',#5449,1.);
#5449 = DIRECTION('',(0.707106781187,-0.707106781187,0.));
#5450 = PLANE('',#5451);
#5451 = AXIS2_PLACEMENT_3D('',#5452,#5453,#5454);
#5452 = CARTESIAN_POINT('',(159.3875,-121.8875,0.));
#5453 = DIRECTION('',(0.707106781187,0.707106781187,-0.));
#5454 = DIRECTION('',(0.707106781187,-0.707106781187,0.));
#5455 = ADVANCED_FACE('',(#5456),#5481,.T.);
#5456 = FACE_BOUND('',#5457,.T.);
#5457 = EDGE_LOOP('',(#5458,#5459,#5467,#5475));
#5458 = ORIENTED_EDGE('',*,*,#5437,.T.);
#5459 = ORIENTED_EDGE('',*,*,#5460,.T.);
#5460 = EDGE_CURVE('',#5430,#5461,#5463,.T.);
#5461 = VERTEX_POINT('',#5462);
#5462 = CARTESIAN_POINT('',(172.9875,-122.8875,1.59));
#5463 = LINE('',#5464,#5465);
#5464 = CARTESIAN_POINT('',(160.3875,-122.8875,1.59));
#5465 = VECTOR('',#5466,1.);
#5466 = DIRECTION('',(1.,0.,0.));
#5467 = ORIENTED_EDGE('',*,*,#5468,.F.);
#5468 = EDGE_CURVE('',#5469,#5461,#5471,.T.);
#5469 = VERTEX_POINT('',#5470);
#5470 = CARTESIAN_POINT('',(172.9875,-122.8875,0.));
#5471 = LINE('',#5472,#5473);
#5472 = CARTESIAN_POINT('',(172.9875,-122.8875,0.));
#5473 = VECTOR('',#5474,1.);
#5474 = DIRECTION('',(0.,0.,1.));
#5475 = ORIENTED_EDGE('',*,*,#5476,.F.);
#5476 = EDGE_CURVE('',#5438,#5469,#5477,.T.);
#5477 = LINE('',#5478,#5479);
#5478 = CARTESIAN_POINT('',(160.3875,-122.8875,0.));
#5479 = VECTOR('',#5480,1.);
#5480 = DIRECTION('',(1.,0.,0.));
#5481 = PLANE('',#5482);
#5482 = AXIS2_PLACEMENT_3D('',#5483,#5484,#5485);
#5483 = CARTESIAN_POINT('',(160.3875,-122.8875,0.));
#5484 = DIRECTION('',(0.,1.,0.));
#5485 = DIRECTION('',(1.,0.,0.));
#5486 = ADVANCED_FACE('',(#5487),#5512,.T.);
#5487 = FACE_BOUND('',#5488,.T.);
#5488 = EDGE_LOOP('',(#5489,#5490,#5498,#5506));
#5489 = ORIENTED_EDGE('',*,*,#5468,.T.);
#5490 = ORIENTED_EDGE('',*,*,#5491,.T.);
#5491 = EDGE_CURVE('',#5461,#5492,#5494,.T.);
#5492 = VERTEX_POINT('',#5493);
#5493 = CARTESIAN_POINT('',(173.9875,-121.8875,1.59));
#5494 = LINE('',#5495,#5496);
#5495 = CARTESIAN_POINT('',(172.9875,-122.8875,1.59));
#5496 = VECTOR('',#5497,1.);
#5497 = DIRECTION('',(0.707106781187,0.707106781187,0.));
#5498 = ORIENTED_EDGE('',*,*,#5499,.F.);
#5499 = EDGE_CURVE('',#5500,#5492,#5502,.T.);
#5500 = VERTEX_POINT('',#5501);
#5501 = CARTESIAN_POINT('',(173.9875,-121.8875,0.));
#5502 = LINE('',#5503,#5504);
#5503 = CARTESIAN_POINT('',(173.9875,-121.8875,0.));
#5504 = VECTOR('',#5505,1.);
#5505 = DIRECTION('',(0.,0.,1.));
#5506 = ORIENTED_EDGE('',*,*,#5507,.F.);
#5507 = EDGE_CURVE('',#5469,#5500,#5508,.T.);
#5508 = LINE('',#5509,#5510);
#5509 = CARTESIAN_POINT('',(172.9875,-122.8875,0.));
#5510 = VECTOR('',#5511,1.);
#5511 = DIRECTION('',(0.707106781187,0.707106781187,0.));
#5512 = PLANE('',#5513);
#5513 = AXIS2_PLACEMENT_3D('',#5514,#5515,#5516);
#5514 = CARTESIAN_POINT('',(172.9875,-122.8875,0.));
#5515 = DIRECTION('',(-0.707106781187,0.707106781187,0.));
#5516 = DIRECTION('',(0.707106781187,0.707106781187,0.));
#5517 = ADVANCED_FACE('',(#5518),#5543,.T.);
#5518 = FACE_BOUND('',#5519,.T.);
#5519 = EDGE_LOOP('',(#5520,#5521,#5529,#5537));
#5520 = ORIENTED_EDGE('',*,*,#5499,.T.);
#5521 = ORIENTED_EDGE('',*,*,#5522,.T.);
#5522 = EDGE_CURVE('',#5492,#5523,#5525,.T.);
#5523 = VERTEX_POINT('',#5524);
#5524 = CARTESIAN_POINT('',(173.9875,-109.8875,1.59));
#5525 = LINE('',#5526,#5527);
#5526 = CARTESIAN_POINT('',(173.9875,-121.8875,1.59));
#5527 = VECTOR('',#5528,1.);
#5528 = DIRECTION('',(0.,1.,0.));
#5529 = ORIENTED_EDGE('',*,*,#5530,.F.);
#5530 = EDGE_CURVE('',#5531,#5523,#5533,.T.);
#5531 = VERTEX_POINT('',#5532);
#5532 = CARTESIAN_POINT('',(173.9875,-109.8875,0.));
#5533 = LINE('',#5534,#5535);
#5534 = CARTESIAN_POINT('',(173.9875,-109.8875,0.));
#5535 = VECTOR('',#5536,1.);
#5536 = DIRECTION('',(0.,0.,1.));
#5537 = ORIENTED_EDGE('',*,*,#5538,.F.);
#5538 = EDGE_CURVE('',#5500,#5531,#5539,.T.);
#5539 = LINE('',#5540,#5541);
#5540 = CARTESIAN_POINT('',(173.9875,-121.8875,0.));
#5541 = VECTOR('',#5542,1.);
#5542 = DIRECTION('',(0.,1.,0.));
#5543 = PLANE('',#5544);
#5544 = AXIS2_PLACEMENT_3D('',#5545,#5546,#5547);
#5545 = CARTESIAN_POINT('',(173.9875,-121.8875,0.));
#5546 = DIRECTION('',(-1.,0.,0.));
#5547 = DIRECTION('',(0.,1.,0.));
#5548 = ADVANCED_FACE('',(#5549),#5574,.T.);
#5549 = FACE_BOUND('',#5550,.T.);
#5550 = EDGE_LOOP('',(#5551,#5552,#5560,#5568));
#5551 = ORIENTED_EDGE('',*,*,#5530,.T.);
#5552 = ORIENTED_EDGE('',*,*,#5553,.T.);
#5553 = EDGE_CURVE('',#5523,#5554,#5556,.T.);
#5554 = VERTEX_POINT('',#5555);
#5555 = CARTESIAN_POINT('',(172.9875,-108.8875,1.59));
#5556 = LINE('',#5557,#5558);
#5557 = CARTESIAN_POINT('',(173.9875,-109.8875,1.59));
#5558 = VECTOR('',#5559,1.);
#5559 = DIRECTION('',(-0.707106781187,0.707106781187,0.));
#5560 = ORIENTED_EDGE('',*,*,#5561,.F.);
#5561 = EDGE_CURVE('',#5562,#5554,#5564,.T.);
#5562 = VERTEX_POINT('',#5563);
#5563 = CARTESIAN_POINT('',(172.9875,-108.8875,0.));
#5564 = LINE('',#5565,#5566);
#5565 = CARTESIAN_POINT('',(172.9875,-108.8875,0.));
#5566 = VECTOR('',#5567,1.);
#5567 = DIRECTION('',(0.,0.,1.));
#5568 = ORIENTED_EDGE('',*,*,#5569,.F.);
#5569 = EDGE_CURVE('',#5531,#5562,#5570,.T.);
#5570 = LINE('',#5571,#5572);
#5571 = CARTESIAN_POINT('',(173.9875,-109.8875,0.));
#5572 = VECTOR('',#5573,1.);
#5573 = DIRECTION('',(-0.707106781187,0.707106781187,0.));
#5574 = PLANE('',#5575);
#5575 = AXIS2_PLACEMENT_3D('',#5576,#5577,#5578);
#5576 = CARTESIAN_POINT('',(173.9875,-109.8875,0.));
#5577 = DIRECTION('',(-0.707106781187,-0.707106781187,0.));
#5578 = DIRECTION('',(-0.707106781187,0.707106781187,0.));
#5579 = ADVANCED_FACE('',(#5580),#5605,.T.);
#5580 = FACE_BOUND('',#5581,.T.);
#5581 = EDGE_LOOP('',(#5582,#5583,#5591,#5599));
#5582 = ORIENTED_EDGE('',*,*,#5561,.T.);
#5583 = ORIENTED_EDGE('',*,*,#5584,.T.);
#5584 = EDGE_CURVE('',#5554,#5585,#5587,.T.);
#5585 = VERTEX_POINT('',#5586);
#5586 = CARTESIAN_POINT('',(160.3875,-108.8875,1.59));
#5587 = LINE('',#5588,#5589);
#5588 = CARTESIAN_POINT('',(172.9875,-108.8875,1.59));
#5589 = VECTOR('',#5590,1.);
#5590 = DIRECTION('',(-1.,0.,0.));
#5591 = ORIENTED_EDGE('',*,*,#5592,.F.);
#5592 = EDGE_CURVE('',#5593,#5585,#5595,.T.);
#5593 = VERTEX_POINT('',#5594);
#5594 = CARTESIAN_POINT('',(160.3875,-108.8875,0.));
#5595 = LINE('',#5596,#5597);
#5596 = CARTESIAN_POINT('',(160.3875,-108.8875,0.));
#5597 = VECTOR('',#5598,1.);
#5598 = DIRECTION('',(0.,0.,1.));
#5599 = ORIENTED_EDGE('',*,*,#5600,.F.);
#5600 = EDGE_CURVE('',#5562,#5593,#5601,.T.);
#5601 = LINE('',#5602,#5603);
#5602 = CARTESIAN_POINT('',(172.9875,-108.8875,0.));
#5603 = VECTOR('',#5604,1.);
#5604 = DIRECTION('',(-1.,0.,0.));
#5605 = PLANE('',#5606);
#5606 = AXIS2_PLACEMENT_3D('',#5607,#5608,#5609);
#5607 = CARTESIAN_POINT('',(172.9875,-108.8875,0.));
#5608 = DIRECTION('',(0.,-1.,0.));
#5609 = DIRECTION('',(-1.,0.,0.));
#5610 = ADVANCED_FACE('',(#5611),#5627,.T.);
#5611 = FACE_BOUND('',#5612,.T.);
#5612 = EDGE_LOOP('',(#5613,#5614,#5620,#5621));
#5613 = ORIENTED_EDGE('',*,*,#5592,.T.);
#5614 = ORIENTED_EDGE('',*,*,#5615,.T.);
#5615 = EDGE_CURVE('',#5585,#5391,#5616,.T.);
#5616 = LINE('',#5617,#5618);
#5617 = CARTESIAN_POINT('',(160.3875,-108.8875,1.59));
#5618 = VECTOR('',#5619,1.);
#5619 = DIRECTION('',(-0.707106781187,-0.707106781187,0.));
#5620 = ORIENTED_EDGE('',*,*,#5388,.F.);
#5621 = ORIENTED_EDGE('',*,*,#5622,.F.);
#5622 = EDGE_CURVE('',#5593,#5389,#5623,.T.);
#5623 = LINE('',#5624,#5625);
#5624 = CARTESIAN_POINT('',(160.3875,-108.8875,0.));
#5625 = VECTOR('',#5626,1.);
#5626 = DIRECTION('',(-0.707106781187,-0.707106781187,0.));
#5627 = PLANE('',#5628);
#5628 = AXIS2_PLACEMENT_3D('',#5629,#5630,#5631);
#5629 = CARTESIAN_POINT('',(160.3875,-108.8875,0.));
#5630 = DIRECTION('',(0.707106781187,-0.707106781187,0.));
#5631 = DIRECTION('',(-0.707106781187,-0.707106781187,0.));
#5632 = ADVANCED_FACE('',(#5633),#5667,.T.);
#5633 = FACE_BOUND('',#5634,.T.);
#5634 = EDGE_LOOP('',(#5635,#5645,#5653,#5661));
#5635 = ORIENTED_EDGE('',*,*,#5636,.T.);
#5636 = EDGE_CURVE('',#5637,#5639,#5641,.T.);
#5637 = VERTEX_POINT('',#5638);
#5638 = CARTESIAN_POINT('',(178.4375,-109.8875,0.));
#5639 = VERTEX_POINT('',#5640);
#5640 = CARTESIAN_POINT('',(178.4375,-109.8875,1.59));
#5641 = LINE('',#5642,#5643);
#5642 = CARTESIAN_POINT('',(178.4375,-109.8875,0.));
#5643 = VECTOR('',#5644,1.);
#5644 = DIRECTION('',(0.,0.,1.));
#5645 = ORIENTED_EDGE('',*,*,#5646,.T.);
#5646 = EDGE_CURVE('',#5639,#5647,#5649,.T.);
#5647 = VERTEX_POINT('',#5648);
#5648 = CARTESIAN_POINT('',(178.4375,-121.8875,1.59));
#5649 = LINE('',#5650,#5651);
#5650 = CARTESIAN_POINT('',(178.4375,-109.8875,1.59));
#5651 = VECTOR('',#5652,1.);
#5652 = DIRECTION('',(0.,-1.,0.));
#5653 = ORIENTED_EDGE('',*,*,#5654,.F.);
#5654 = EDGE_CURVE('',#5655,#5647,#5657,.T.);
#5655 = VERTEX_POINT('',#5656);
#5656 = CARTESIAN_POINT('',(178.4375,-121.8875,0.));
#5657 = LINE('',#5658,#5659);
#5658 = CARTESIAN_POINT('',(178.4375,-121.8875,0.));
#5659 = VECTOR('',#5660,1.);
#5660 = DIRECTION('',(0.,0.,1.));
#5661 = ORIENTED_EDGE('',*,*,#5662,.F.);
#5662 = EDGE_CURVE('',#5637,#5655,#5663,.T.);
#5663 = LINE('',#5664,#5665);
#5664 = CARTESIAN_POINT('',(178.4375,-109.8875,0.));
#5665 = VECTOR('',#5666,1.);
#5666 = DIRECTION('',(0.,-1.,0.));
#5667 = PLANE('',#5668);
#5668 = AXIS2_PLACEMENT_3D('',#5669,#5670,#5671);
#5669 = CARTESIAN_POINT('',(178.4375,-109.8875,0.));
#5670 = DIRECTION('',(1.,0.,-0.));
#5671 = DIRECTION('',(0.,-1.,0.));
#5672 = ADVANCED_FACE('',(#5673),#5698,.T.);
#5673 = FACE_BOUND('',#5674,.T.);
#5674 = EDGE_LOOP('',(#5675,#5676,#5684,#5692));
#5675 = ORIENTED_EDGE('',*,*,#5654,.T.);
#5676 = ORIENTED_EDGE('',*,*,#5677,.T.);
#5677 = EDGE_CURVE('',#5647,#5678,#5680,.T.);
#5678 = VERTEX_POINT('',#5679);
#5679 = CARTESIAN_POINT('',(179.4375,-122.8875,1.59));
#5680 = LINE('',#5681,#5682);
#5681 = CARTESIAN_POINT('',(178.4375,-121.8875,1.59));
#5682 = VECTOR('',#5683,1.);
#5683 = DIRECTION('',(0.707106781187,-0.707106781187,0.));
#5684 = ORIENTED_EDGE('',*,*,#5685,.F.);
#5685 = EDGE_CURVE('',#5686,#5678,#5688,.T.);
#5686 = VERTEX_POINT('',#5687);
#5687 = CARTESIAN_POINT('',(179.4375,-122.8875,0.));
#5688 = LINE('',#5689,#5690);
#5689 = CARTESIAN_POINT('',(179.4375,-122.8875,0.));
#5690 = VECTOR('',#5691,1.);
#5691 = DIRECTION('',(0.,0.,1.));
#5692 = ORIENTED_EDGE('',*,*,#5693,.F.);
#5693 = EDGE_CURVE('',#5655,#5686,#5694,.T.);
#5694 = LINE('',#5695,#5696);
#5695 = CARTESIAN_POINT('',(178.4375,-121.8875,0.));
#5696 = VECTOR('',#5697,1.);
#5697 = DIRECTION('',(0.707106781187,-0.707106781187,0.));
#5698 = PLANE('',#5699);
#5699 = AXIS2_PLACEMENT_3D('',#5700,#5701,#5702);
#5700 = CARTESIAN_POINT('',(178.4375,-121.8875,0.));
#5701 = DIRECTION('',(0.707106781187,0.707106781187,-0.));
#5702 = DIRECTION('',(0.707106781187,-0.707106781187,0.));
#5703 = ADVANCED_FACE('',(#5704),#5729,.T.);
#5704 = FACE_BOUND('',#5705,.T.);
#5705 = EDGE_LOOP('',(#5706,#5707,#5715,#5723));
#5706 = ORIENTED_EDGE('',*,*,#5685,.T.);
#5707 = ORIENTED_EDGE('',*,*,#5708,.T.);
#5708 = EDGE_CURVE('',#5678,#5709,#5711,.T.);
#5709 = VERTEX_POINT('',#5710);
#5710 = CARTESIAN_POINT('',(192.0375,-122.8875,1.59));
#5711 = LINE('',#5712,#5713);
#5712 = CARTESIAN_POINT('',(179.4375,-122.8875,1.59));
#5713 = VECTOR('',#5714,1.);
#5714 = DIRECTION('',(1.,0.,0.));
#5715 = ORIENTED_EDGE('',*,*,#5716,.F.);
#5716 = EDGE_CURVE('',#5717,#5709,#5719,.T.);
#5717 = VERTEX_POINT('',#5718);
#5718 = CARTESIAN_POINT('',(192.0375,-122.8875,0.));
#5719 = LINE('',#5720,#5721);
#5720 = CARTESIAN_POINT('',(192.0375,-122.8875,0.));
#5721 = VECTOR('',#5722,1.);
#5722 = DIRECTION('',(0.,0.,1.));
#5723 = ORIENTED_EDGE('',*,*,#5724,.F.);
#5724 = EDGE_CURVE('',#5686,#5717,#5725,.T.);
#5725 = LINE('',#5726,#5727);
#5726 = CARTESIAN_POINT('',(179.4375,-122.8875,0.));
#5727 = VECTOR('',#5728,1.);
#5728 = DIRECTION('',(1.,0.,0.));
#5729 = PLANE('',#5730);
#5730 = AXIS2_PLACEMENT_3D('',#5731,#5732,#5733);
#5731 = CARTESIAN_POINT('',(179.4375,-122.8875,0.));
#5732 = DIRECTION('',(0.,1.,0.));
#5733 = DIRECTION('',(1.,0.,0.));
#5734 = ADVANCED_FACE('',(#5735),#5760,.T.);
#5735 = FACE_BOUND('',#5736,.T.);
#5736 = EDGE_LOOP('',(#5737,#5738,#5746,#5754));
#5737 = ORIENTED_EDGE('',*,*,#5716,.T.);
#5738 = ORIENTED_EDGE('',*,*,#5739,.T.);
#5739 = EDGE_CURVE('',#5709,#5740,#5742,.T.);
#5740 = VERTEX_POINT('',#5741);
#5741 = CARTESIAN_POINT('',(193.0375,-121.8875,1.59));
#5742 = LINE('',#5743,#5744);
#5743 = CARTESIAN_POINT('',(192.0375,-122.8875,1.59));
#5744 = VECTOR('',#5745,1.);
#5745 = DIRECTION('',(0.707106781187,0.707106781187,0.));
#5746 = ORIENTED_EDGE('',*,*,#5747,.F.);
#5747 = EDGE_CURVE('',#5748,#5740,#5750,.T.);
#5748 = VERTEX_POINT('',#5749);
#5749 = CARTESIAN_POINT('',(193.0375,-121.8875,0.));
#5750 = LINE('',#5751,#5752);
#5751 = CARTESIAN_POINT('',(193.0375,-121.8875,0.));
#5752 = VECTOR('',#5753,1.);
#5753 = DIRECTION('',(0.,0.,1.));
#5754 = ORIENTED_EDGE('',*,*,#5755,.F.);
#5755 = EDGE_CURVE('',#5717,#5748,#5756,.T.);
#5756 = LINE('',#5757,#5758);
#5757 = CARTESIAN_POINT('',(192.0375,-122.8875,0.));
#5758 = VECTOR('',#5759,1.);
#5759 = DIRECTION('',(0.707106781187,0.707106781187,0.));
#5760 = PLANE('',#5761);
#5761 = AXIS2_PLACEMENT_3D('',#5762,#5763,#5764);
#5762 = CARTESIAN_POINT('',(192.0375,-122.8875,0.));
#5763 = DIRECTION('',(-0.707106781187,0.707106781187,0.));
#5764 = DIRECTION('',(0.707106781187,0.707106781187,0.));
#5765 = ADVANCED_FACE('',(#5766),#5791,.T.);
#5766 = FACE_BOUND('',#5767,.T.);
#5767 = EDGE_LOOP('',(#5768,#5769,#5777,#5785));
#5768 = ORIENTED_EDGE('',*,*,#5747,.T.);
#5769 = ORIENTED_EDGE('',*,*,#5770,.T.);
#5770 = EDGE_CURVE('',#5740,#5771,#5773,.T.);
#5771 = VERTEX_POINT('',#5772);
#5772 = CARTESIAN_POINT('',(193.0375,-109.8875,1.59));
#5773 = LINE('',#5774,#5775);
#5774 = CARTESIAN_POINT('',(193.0375,-121.8875,1.59));
#5775 = VECTOR('',#5776,1.);
#5776 = DIRECTION('',(0.,1.,0.));
#5777 = ORIENTED_EDGE('',*,*,#5778,.F.);
#5778 = EDGE_CURVE('',#5779,#5771,#5781,.T.);
#5779 = VERTEX_POINT('',#5780);
#5780 = CARTESIAN_POINT('',(193.0375,-109.8875,0.));
#5781 = LINE('',#5782,#5783);
#5782 = CARTESIAN_POINT('',(193.0375,-109.8875,0.));
#5783 = VECTOR('',#5784,1.);
#5784 = DIRECTION('',(0.,0.,1.));
#5785 = ORIENTED_EDGE('',*,*,#5786,.F.);
#5786 = EDGE_CURVE('',#5748,#5779,#5787,.T.);
#5787 = LINE('',#5788,#5789);
#5788 = CARTESIAN_POINT('',(193.0375,-121.8875,0.));
#5789 = VECTOR('',#5790,1.);
#5790 = DIRECTION('',(0.,1.,0.));
#5791 = PLANE('',#5792);
#5792 = AXIS2_PLACEMENT_3D('',#5793,#5794,#5795);
#5793 = CARTESIAN_POINT('',(193.0375,-121.8875,0.));
#5794 = DIRECTION('',(-1.,0.,0.));
#5795 = DIRECTION('',(0.,1.,0.));
#5796 = ADVANCED_FACE('',(#5797),#5822,.T.);
#5797 = FACE_BOUND('',#5798,.T.);
#5798 = EDGE_LOOP('',(#5799,#5800,#5808,#5816));
#5799 = ORIENTED_EDGE('',*,*,#5778,.T.);
#5800 = ORIENTED_EDGE('',*,*,#5801,.T.);
#5801 = EDGE_CURVE('',#5771,#5802,#5804,.T.);
#5802 = VERTEX_POINT('',#5803);
#5803 = CARTESIAN_POINT('',(192.0375,-108.8875,1.59));
#5804 = LINE('',#5805,#5806);
#5805 = CARTESIAN_POINT('',(193.0375,-109.8875,1.59));
#5806 = VECTOR('',#5807,1.);
#5807 = DIRECTION('',(-0.707106781187,0.707106781187,0.));
#5808 = ORIENTED_EDGE('',*,*,#5809,.F.);
#5809 = EDGE_CURVE('',#5810,#5802,#5812,.T.);
#5810 = VERTEX_POINT('',#5811);
#5811 = CARTESIAN_POINT('',(192.0375,-108.8875,0.));
#5812 = LINE('',#5813,#5814);
#5813 = CARTESIAN_POINT('',(192.0375,-108.8875,0.));
#5814 = VECTOR('',#5815,1.);
#5815 = DIRECTION('',(0.,0.,1.));
#5816 = ORIENTED_EDGE('',*,*,#5817,.F.);
#5817 = EDGE_CURVE('',#5779,#5810,#5818,.T.);
#5818 = LINE('',#5819,#5820);
#5819 = CARTESIAN_POINT('',(193.0375,-109.8875,0.));
#5820 = VECTOR('',#5821,1.);
#5821 = DIRECTION('',(-0.707106781187,0.707106781187,0.));
#5822 = PLANE('',#5823);
#5823 = AXIS2_PLACEMENT_3D('',#5824,#5825,#5826);
#5824 = CARTESIAN_POINT('',(193.0375,-109.8875,0.));
#5825 = DIRECTION('',(-0.707106781187,-0.707106781187,0.));
#5826 = DIRECTION('',(-0.707106781187,0.707106781187,0.));
#5827 = ADVANCED_FACE('',(#5828),#5853,.T.);
#5828 = FACE_BOUND('',#5829,.T.);
#5829 = EDGE_LOOP('',(#5830,#5831,#5839,#5847));
#5830 = ORIENTED_EDGE('',*,*,#5809,.T.);
#5831 = ORIENTED_EDGE('',*,*,#5832,.T.);
#5832 = EDGE_CURVE('',#5802,#5833,#5835,.T.);
#5833 = VERTEX_POINT('',#5834);
#5834 = CARTESIAN_POINT('',(179.4375,-108.8875,1.59));
#5835 = LINE('',#5836,#5837);
#5836 = CARTESIAN_POINT('',(192.0375,-108.8875,1.59));
#5837 = VECTOR('',#5838,1.);
#5838 = DIRECTION('',(-1.,0.,0.));
#5839 = ORIENTED_EDGE('',*,*,#5840,.F.);
#5840 = EDGE_CURVE('',#5841,#5833,#5843,.T.);
#5841 = VERTEX_POINT('',#5842);
#5842 = CARTESIAN_POINT('',(179.4375,-108.8875,0.));
#5843 = LINE('',#5844,#5845);
#5844 = CARTESIAN_POINT('',(179.4375,-108.8875,0.));
#5845 = VECTOR('',#5846,1.);
#5846 = DIRECTION('',(0.,0.,1.));
#5847 = ORIENTED_EDGE('',*,*,#5848,.F.);
#5848 = EDGE_CURVE('',#5810,#5841,#5849,.T.);
#5849 = LINE('',#5850,#5851);
#5850 = CARTESIAN_POINT('',(192.0375,-108.8875,0.));
#5851 = VECTOR('',#5852,1.);
#5852 = DIRECTION('',(-1.,0.,0.));
#5853 = PLANE('',#5854);
#5854 = AXIS2_PLACEMENT_3D('',#5855,#5856,#5857);
#5855 = CARTESIAN_POINT('',(192.0375,-108.8875,0.));
#5856 = DIRECTION('',(0.,-1.,0.));
#5857 = DIRECTION('',(-1.,0.,0.));
#5858 = ADVANCED_FACE('',(#5859),#5875,.T.);
#5859 = FACE_BOUND('',#5860,.T.);
#5860 = EDGE_LOOP('',(#5861,#5862,#5868,#5869));
#5861 = ORIENTED_EDGE('',*,*,#5840,.T.);
#5862 = ORIENTED_EDGE('',*,*,#5863,.T.);
#5863 = EDGE_CURVE('',#5833,#5639,#5864,.T.);
#5864 = LINE('',#5865,#5866);
#5865 = CARTESIAN_POINT('',(179.4375,-108.8875,1.59));
#5866 = VECTOR('',#5867,1.);
#5867 = DIRECTION('',(-0.707106781187,-0.707106781187,0.));
#5868 = ORIENTED_EDGE('',*,*,#5636,.F.);
#5869 = ORIENTED_EDGE('',*,*,#5870,.F.);
#5870 = EDGE_CURVE('',#5841,#5637,#5871,.T.);
#5871 = LINE('',#5872,#5873);
#5872 = CARTESIAN_POINT('',(179.4375,-108.8875,0.));
#5873 = VECTOR('',#5874,1.);
#5874 = DIRECTION('',(-0.707106781187,-0.707106781187,0.));
#5875 = PLANE('',#5876);
#5876 = AXIS2_PLACEMENT_3D('',#5877,#5878,#5879);
#5877 = CARTESIAN_POINT('',(179.4375,-108.8875,0.));
#5878 = DIRECTION('',(0.707106781187,-0.707106781187,0.));
#5879 = DIRECTION('',(-0.707106781187,-0.707106781187,0.));
#5880 = ADVANCED_FACE('',(#5881),#5915,.T.);
#5881 = FACE_BOUND('',#5882,.T.);
#5882 = EDGE_LOOP('',(#5883,#5893,#5901,#5909));
#5883 = ORIENTED_EDGE('',*,*,#5884,.T.);
#5884 = EDGE_CURVE('',#5885,#5887,#5889,.T.);
#5885 = VERTEX_POINT('',#5886);
#5886 = CARTESIAN_POINT('',(197.4875,-109.8875,0.));
#5887 = VERTEX_POINT('',#5888);
#5888 = CARTESIAN_POINT('',(197.4875,-109.8875,1.59));
#5889 = LINE('',#5890,#5891);
#5890 = CARTESIAN_POINT('',(197.4875,-109.8875,0.));
#5891 = VECTOR('',#5892,1.);
#5892 = DIRECTION('',(0.,0.,1.));
#5893 = ORIENTED_EDGE('',*,*,#5894,.T.);
#5894 = EDGE_CURVE('',#5887,#5895,#5897,.T.);
#5895 = VERTEX_POINT('',#5896);
#5896 = CARTESIAN_POINT('',(197.4875,-121.8875,1.59));
#5897 = LINE('',#5898,#5899);
#5898 = CARTESIAN_POINT('',(197.4875,-109.8875,1.59));
#5899 = VECTOR('',#5900,1.);
#5900 = DIRECTION('',(0.,-1.,0.));
#5901 = ORIENTED_EDGE('',*,*,#5902,.F.);
#5902 = EDGE_CURVE('',#5903,#5895,#5905,.T.);
#5903 = VERTEX_POINT('',#5904);
#5904 = CARTESIAN_POINT('',(197.4875,-121.8875,0.));
#5905 = LINE('',#5906,#5907);
#5906 = CARTESIAN_POINT('',(197.4875,-121.8875,0.));
#5907 = VECTOR('',#5908,1.);
#5908 = DIRECTION('',(0.,0.,1.));
#5909 = ORIENTED_EDGE('',*,*,#5910,.F.);
#5910 = EDGE_CURVE('',#5885,#5903,#5911,.T.);
#5911 = LINE('',#5912,#5913);
#5912 = CARTESIAN_POINT('',(197.4875,-109.8875,0.));
#5913 = VECTOR('',#5914,1.);
#5914 = DIRECTION('',(0.,-1.,0.));
#5915 = PLANE('',#5916);
#5916 = AXIS2_PLACEMENT_3D('',#5917,#5918,#5919);
#5917 = CARTESIAN_POINT('',(197.4875,-109.8875,0.));
#5918 = DIRECTION('',(1.,0.,-0.));
#5919 = DIRECTION('',(0.,-1.,0.));
#5920 = ADVANCED_FACE('',(#5921),#5946,.T.);
#5921 = FACE_BOUND('',#5922,.T.);
#5922 = EDGE_LOOP('',(#5923,#5924,#5932,#5940));
#5923 = ORIENTED_EDGE('',*,*,#5902,.T.);
#5924 = ORIENTED_EDGE('',*,*,#5925,.T.);
#5925 = EDGE_CURVE('',#5895,#5926,#5928,.T.);
#5926 = VERTEX_POINT('',#5927);
#5927 = CARTESIAN_POINT('',(198.4875,-122.8875,1.59));
#5928 = LINE('',#5929,#5930);
#5929 = CARTESIAN_POINT('',(197.4875,-121.8875,1.59));
#5930 = VECTOR('',#5931,1.);
#5931 = DIRECTION('',(0.707106781187,-0.707106781187,0.));
#5932 = ORIENTED_EDGE('',*,*,#5933,.F.);
#5933 = EDGE_CURVE('',#5934,#5926,#5936,.T.);
#5934 = VERTEX_POINT('',#5935);
#5935 = CARTESIAN_POINT('',(198.4875,-122.8875,0.));
#5936 = LINE('',#5937,#5938);
#5937 = CARTESIAN_POINT('',(198.4875,-122.8875,0.));
#5938 = VECTOR('',#5939,1.);
#5939 = DIRECTION('',(0.,0.,1.));
#5940 = ORIENTED_EDGE('',*,*,#5941,.F.);
#5941 = EDGE_CURVE('',#5903,#5934,#5942,.T.);
#5942 = LINE('',#5943,#5944);
#5943 = CARTESIAN_POINT('',(197.4875,-121.8875,0.));
#5944 = VECTOR('',#5945,1.);
#5945 = DIRECTION('',(0.707106781187,-0.707106781187,0.));
#5946 = PLANE('',#5947);
#5947 = AXIS2_PLACEMENT_3D('',#5948,#5949,#5950);
#5948 = CARTESIAN_POINT('',(197.4875,-121.8875,0.));
#5949 = DIRECTION('',(0.707106781187,0.707106781187,-0.));
#5950 = DIRECTION('',(0.707106781187,-0.707106781187,0.));
#5951 = ADVANCED_FACE('',(#5952),#5977,.T.);
#5952 = FACE_BOUND('',#5953,.T.);
#5953 = EDGE_LOOP('',(#5954,#5955,#5963,#5971));
#5954 = ORIENTED_EDGE('',*,*,#5933,.T.);
#5955 = ORIENTED_EDGE('',*,*,#5956,.T.);
#5956 = EDGE_CURVE('',#5926,#5957,#5959,.T.);
#5957 = VERTEX_POINT('',#5958);
#5958 = CARTESIAN_POINT('',(211.0875,-122.8875,1.59));
#5959 = LINE('',#5960,#5961);
#5960 = CARTESIAN_POINT('',(198.4875,-122.8875,1.59));
#5961 = VECTOR('',#5962,1.);
#5962 = DIRECTION('',(1.,0.,0.));
#5963 = ORIENTED_EDGE('',*,*,#5964,.F.);
#5964 = EDGE_CURVE('',#5965,#5957,#5967,.T.);
#5965 = VERTEX_POINT('',#5966);
#5966 = CARTESIAN_POINT('',(211.0875,-122.8875,0.));
#5967 = LINE('',#5968,#5969);
#5968 = CARTESIAN_POINT('',(211.0875,-122.8875,0.));
#5969 = VECTOR('',#5970,1.);
#5970 = DIRECTION('',(0.,0.,1.));
#5971 = ORIENTED_EDGE('',*,*,#5972,.F.);
#5972 = EDGE_CURVE('',#5934,#5965,#5973,.T.);
#5973 = LINE('',#5974,#5975);
#5974 = CARTESIAN_POINT('',(198.4875,-122.8875,0.));
#5975 = VECTOR('',#5976,1.);
#5976 = DIRECTION('',(1.,0.,0.));
#5977 = PLANE('',#5978);
#5978 = AXIS2_PLACEMENT_3D('',#5979,#5980,#5981);
#5979 = CARTESIAN_POINT('',(198.4875,-122.8875,0.));
#5980 = DIRECTION('',(0.,1.,0.));
#5981 = DIRECTION('',(1.,0.,0.));
#5982 = ADVANCED_FACE('',(#5983),#6008,.T.);
#5983 = FACE_BOUND('',#5984,.T.);
#5984 = EDGE_LOOP('',(#5985,#5986,#5994,#6002));
#5985 = ORIENTED_EDGE('',*,*,#5964,.T.);
#5986 = ORIENTED_EDGE('',*,*,#5987,.T.);
#5987 = EDGE_CURVE('',#5957,#5988,#5990,.T.);
#5988 = VERTEX_POINT('',#5989);
#5989 = CARTESIAN_POINT('',(212.0875,-121.8875,1.59));
#5990 = LINE('',#5991,#5992);
#5991 = CARTESIAN_POINT('',(211.0875,-122.8875,1.59));
#5992 = VECTOR('',#5993,1.);
#5993 = DIRECTION('',(0.707106781187,0.707106781187,0.));
#5994 = ORIENTED_EDGE('',*,*,#5995,.F.);
#5995 = EDGE_CURVE('',#5996,#5988,#5998,.T.);
#5996 = VERTEX_POINT('',#5997);
#5997 = CARTESIAN_POINT('',(212.0875,-121.8875,0.));
#5998 = LINE('',#5999,#6000);
#5999 = CARTESIAN_POINT('',(212.0875,-121.8875,0.));
#6000 = VECTOR('',#6001,1.);
#6001 = DIRECTION('',(0.,0.,1.));
#6002 = ORIENTED_EDGE('',*,*,#6003,.F.);
#6003 = EDGE_CURVE('',#5965,#5996,#6004,.T.);
#6004 = LINE('',#6005,#6006);
#6005 = CARTESIAN_POINT('',(211.0875,-122.8875,0.));
#6006 = VECTOR('',#6007,1.);
#6007 = DIRECTION('',(0.707106781187,0.707106781187,0.));
#6008 = PLANE('',#6009);
#6009 = AXIS2_PLACEMENT_3D('',#6010,#6011,#6012);
#6010 = CARTESIAN_POINT('',(211.0875,-122.8875,0.));
#6011 = DIRECTION('',(-0.707106781187,0.707106781187,0.));
#6012 = DIRECTION('',(0.707106781187,0.707106781187,0.));
#6013 = ADVANCED_FACE('',(#6014),#6039,.T.);
#6014 = FACE_BOUND('',#6015,.T.);
#6015 = EDGE_LOOP('',(#6016,#6017,#6025,#6033));
#6016 = ORIENTED_EDGE('',*,*,#5995,.T.);
#6017 = ORIENTED_EDGE('',*,*,#6018,.T.);
#6018 = EDGE_CURVE('',#5988,#6019,#6021,.T.);
#6019 = VERTEX_POINT('',#6020);
#6020 = CARTESIAN_POINT('',(212.0875,-109.8875,1.59));
#6021 = LINE('',#6022,#6023);
#6022 = CARTESIAN_POINT('',(212.0875,-121.8875,1.59));
#6023 = VECTOR('',#6024,1.);
#6024 = DIRECTION('',(0.,1.,0.));
#6025 = ORIENTED_EDGE('',*,*,#6026,.F.);
#6026 = EDGE_CURVE('',#6027,#6019,#6029,.T.);
#6027 = VERTEX_POINT('',#6028);
#6028 = CARTESIAN_POINT('',(212.0875,-109.8875,0.));
#6029 = LINE('',#6030,#6031);
#6030 = CARTESIAN_POINT('',(212.0875,-109.8875,0.));
#6031 = VECTOR('',#6032,1.);
#6032 = DIRECTION('',(0.,0.,1.));
#6033 = ORIENTED_EDGE('',*,*,#6034,.F.);
#6034 = EDGE_CURVE('',#5996,#6027,#6035,.T.);
#6035 = LINE('',#6036,#6037);
#6036 = CARTESIAN_POINT('',(212.0875,-121.8875,0.));
#6037 = VECTOR('',#6038,1.);
#6038 = DIRECTION('',(0.,1.,0.));
#6039 = PLANE('',#6040);
#6040 = AXIS2_PLACEMENT_3D('',#6041,#6042,#6043);
#6041 = CARTESIAN_POINT('',(212.0875,-121.8875,0.));
#6042 = DIRECTION('',(-1.,0.,0.));
#6043 = DIRECTION('',(0.,1.,0.));
#6044 = ADVANCED_FACE('',(#6045),#6070,.T.);
#6045 = FACE_BOUND('',#6046,.T.);
#6046 = EDGE_LOOP('',(#6047,#6048,#6056,#6064));
#6047 = ORIENTED_EDGE('',*,*,#6026,.T.);
#6048 = ORIENTED_EDGE('',*,*,#6049,.T.);
#6049 = EDGE_CURVE('',#6019,#6050,#6052,.T.);
#6050 = VERTEX_POINT('',#6051);
#6051 = CARTESIAN_POINT('',(211.0875,-108.8875,1.59));
#6052 = LINE('',#6053,#6054);
#6053 = CARTESIAN_POINT('',(212.0875,-109.8875,1.59));
#6054 = VECTOR('',#6055,1.);
#6055 = DIRECTION('',(-0.707106781187,0.707106781187,0.));
#6056 = ORIENTED_EDGE('',*,*,#6057,.F.);
#6057 = EDGE_CURVE('',#6058,#6050,#6060,.T.);
#6058 = VERTEX_POINT('',#6059);
#6059 = CARTESIAN_POINT('',(211.0875,-108.8875,0.));
#6060 = LINE('',#6061,#6062);
#6061 = CARTESIAN_POINT('',(211.0875,-108.8875,0.));
#6062 = VECTOR('',#6063,1.);
#6063 = DIRECTION('',(0.,0.,1.));
#6064 = ORIENTED_EDGE('',*,*,#6065,.F.);
#6065 = EDGE_CURVE('',#6027,#6058,#6066,.T.);
#6066 = LINE('',#6067,#6068);
#6067 = CARTESIAN_POINT('',(212.0875,-109.8875,0.));
#6068 = VECTOR('',#6069,1.);
#6069 = DIRECTION('',(-0.707106781187,0.707106781187,0.));
#6070 = PLANE('',#6071);
#6071 = AXIS2_PLACEMENT_3D('',#6072,#6073,#6074);
#6072 = CARTESIAN_POINT('',(212.0875,-109.8875,0.));
#6073 = DIRECTION('',(-0.707106781187,-0.707106781187,0.));
#6074 = DIRECTION('',(-0.707106781187,0.707106781187,0.));
#6075 = ADVANCED_FACE('',(#6076),#6101,.T.);
#6076 = FACE_BOUND('',#6077,.T.);
#6077 = EDGE_LOOP('',(#6078,#6079,#6087,#6095));
#6078 = ORIENTED_EDGE('',*,*,#6057,.T.);
#6079 = ORIENTED_EDGE('',*,*,#6080,.T.);
#6080 = EDGE_CURVE('',#6050,#6081,#6083,.T.);
#6081 = VERTEX_POINT('',#6082);
#6082 = CARTESIAN_POINT('',(198.4875,-108.8875,1.59));
#6083 = LINE('',#6084,#6085);
#6084 = CARTESIAN_POINT('',(211.0875,-108.8875,1.59));
#6085 = VECTOR('',#6086,1.);
#6086 = DIRECTION('',(-1.,0.,0.));
#6087 = ORIENTED_EDGE('',*,*,#6088,.F.);
#6088 = EDGE_CURVE('',#6089,#6081,#6091,.T.);
#6089 = VERTEX_POINT('',#6090);
#6090 = CARTESIAN_POINT('',(198.4875,-108.8875,0.));
#6091 = LINE('',#6092,#6093);
#6092 = CARTESIAN_POINT('',(198.4875,-108.8875,0.));
#6093 = VECTOR('',#6094,1.);
#6094 = DIRECTION('',(0.,0.,1.));
#6095 = ORIENTED_EDGE('',*,*,#6096,.F.);
#6096 = EDGE_CURVE('',#6058,#6089,#6097,.T.);
#6097 = LINE('',#6098,#6099);
#6098 = CARTESIAN_POINT('',(211.0875,-108.8875,0.));
#6099 = VECTOR('',#6100,1.);
#6100 = DIRECTION('',(-1.,0.,0.));
#6101 = PLANE('',#6102);
#6102 = AXIS2_PLACEMENT_3D('',#6103,#6104,#6105);
#6103 = CARTESIAN_POINT('',(211.0875,-108.8875,0.));
#6104 = DIRECTION('',(0.,-1.,0.));
#6105 = DIRECTION('',(-1.,0.,0.));
#6106 = ADVANCED_FACE('',(#6107),#6123,.T.);
#6107 = FACE_BOUND('',#6108,.T.);
#6108 = EDGE_LOOP('',(#6109,#6110,#6116,#6117));
#6109 = ORIENTED_EDGE('',*,*,#6088,.T.);
#6110 = ORIENTED_EDGE('',*,*,#6111,.T.);
#6111 = EDGE_CURVE('',#6081,#5887,#6112,.T.);
#6112 = LINE('',#6113,#6114);
#6113 = CARTESIAN_POINT('',(198.4875,-108.8875,1.59));
#6114 = VECTOR('',#6115,1.);
#6115 = DIRECTION('',(-0.707106781187,-0.707106781187,0.));
#6116 = ORIENTED_EDGE('',*,*,#5884,.F.);
#6117 = ORIENTED_EDGE('',*,*,#6118,.F.);
#6118 = EDGE_CURVE('',#6089,#5885,#6119,.T.);
#6119 = LINE('',#6120,#6121);
#6120 = CARTESIAN_POINT('',(198.4875,-108.8875,0.));
#6121 = VECTOR('',#6122,1.);
#6122 = DIRECTION('',(-0.707106781187,-0.707106781187,0.));
#6123 = PLANE('',#6124);
#6124 = AXIS2_PLACEMENT_3D('',#6125,#6126,#6127);
#6125 = CARTESIAN_POINT('',(198.4875,-108.8875,0.));
#6126 = DIRECTION('',(0.707106781187,-0.707106781187,0.));
#6127 = DIRECTION('',(-0.707106781187,-0.707106781187,0.));
#6128 = ADVANCED_FACE('',(#6129),#6163,.T.);
#6129 = FACE_BOUND('',#6130,.T.);
#6130 = EDGE_LOOP('',(#6131,#6141,#6149,#6157));
#6131 = ORIENTED_EDGE('',*,*,#6132,.T.);
#6132 = EDGE_CURVE('',#6133,#6135,#6137,.T.);
#6133 = VERTEX_POINT('',#6134);
#6134 = CARTESIAN_POINT('',(216.5375,-109.8875,0.));
#6135 = VERTEX_POINT('',#6136);
#6136 = CARTESIAN_POINT('',(216.5375,-109.8875,1.59));
#6137 = LINE('',#6138,#6139);
#6138 = CARTESIAN_POINT('',(216.5375,-109.8875,0.));
#6139 = VECTOR('',#6140,1.);
#6140 = DIRECTION('',(0.,0.,1.));
#6141 = ORIENTED_EDGE('',*,*,#6142,.T.);
#6142 = EDGE_CURVE('',#6135,#6143,#6145,.T.);
#6143 = VERTEX_POINT('',#6144);
#6144 = CARTESIAN_POINT('',(216.5375,-121.8875,1.59));
#6145 = LINE('',#6146,#6147);
#6146 = CARTESIAN_POINT('',(216.5375,-109.8875,1.59));
#6147 = VECTOR('',#6148,1.);
#6148 = DIRECTION('',(0.,-1.,0.));
#6149 = ORIENTED_EDGE('',*,*,#6150,.F.);
#6150 = EDGE_CURVE('',#6151,#6143,#6153,.T.);
#6151 = VERTEX_POINT('',#6152);
#6152 = CARTESIAN_POINT('',(216.5375,-121.8875,0.));
#6153 = LINE('',#6154,#6155);
#6154 = CARTESIAN_POINT('',(216.5375,-121.8875,0.));
#6155 = VECTOR('',#6156,1.);
#6156 = DIRECTION('',(0.,0.,1.));
#6157 = ORIENTED_EDGE('',*,*,#6158,.F.);
#6158 = EDGE_CURVE('',#6133,#6151,#6159,.T.);
#6159 = LINE('',#6160,#6161);
#6160 = CARTESIAN_POINT('',(216.5375,-109.8875,0.));
#6161 = VECTOR('',#6162,1.);
#6162 = DIRECTION('',(0.,-1.,0.));
#6163 = PLANE('',#6164);
#6164 = AXIS2_PLACEMENT_3D('',#6165,#6166,#6167);
#6165 = CARTESIAN_POINT('',(216.5375,-109.8875,0.));
#6166 = DIRECTION('',(1.,0.,-0.));
#6167 = DIRECTION('',(0.,-1.,0.));
#6168 = ADVANCED_FACE('',(#6169),#6194,.T.);
#6169 = FACE_BOUND('',#6170,.T.);
#6170 = EDGE_LOOP('',(#6171,#6172,#6180,#6188));
#6171 = ORIENTED_EDGE('',*,*,#6150,.T.);
#6172 = ORIENTED_EDGE('',*,*,#6173,.T.);
#6173 = EDGE_CURVE('',#6143,#6174,#6176,.T.);
#6174 = VERTEX_POINT('',#6175);
#6175 = CARTESIAN_POINT('',(217.5375,-122.8875,1.59));
#6176 = LINE('',#6177,#6178);
#6177 = CARTESIAN_POINT('',(216.5375,-121.8875,1.59));
#6178 = VECTOR('',#6179,1.);
#6179 = DIRECTION('',(0.707106781187,-0.707106781187,0.));
#6180 = ORIENTED_EDGE('',*,*,#6181,.F.);
#6181 = EDGE_CURVE('',#6182,#6174,#6184,.T.);
#6182 = VERTEX_POINT('',#6183);
#6183 = CARTESIAN_POINT('',(217.5375,-122.8875,0.));
#6184 = LINE('',#6185,#6186);
#6185 = CARTESIAN_POINT('',(217.5375,-122.8875,0.));
#6186 = VECTOR('',#6187,1.);
#6187 = DIRECTION('',(0.,0.,1.));
#6188 = ORIENTED_EDGE('',*,*,#6189,.F.);
#6189 = EDGE_CURVE('',#6151,#6182,#6190,.T.);
#6190 = LINE('',#6191,#6192);
#6191 = CARTESIAN_POINT('',(216.5375,-121.8875,0.));
#6192 = VECTOR('',#6193,1.);
#6193 = DIRECTION('',(0.707106781187,-0.707106781187,0.));
#6194 = PLANE('',#6195);
#6195 = AXIS2_PLACEMENT_3D('',#6196,#6197,#6198);
#6196 = CARTESIAN_POINT('',(216.5375,-121.8875,0.));
#6197 = DIRECTION('',(0.707106781187,0.707106781187,-0.));
#6198 = DIRECTION('',(0.707106781187,-0.707106781187,0.));
#6199 = ADVANCED_FACE('',(#6200),#6225,.T.);
#6200 = FACE_BOUND('',#6201,.T.);
#6201 = EDGE_LOOP('',(#6202,#6203,#6211,#6219));
#6202 = ORIENTED_EDGE('',*,*,#6181,.T.);
#6203 = ORIENTED_EDGE('',*,*,#6204,.T.);
#6204 = EDGE_CURVE('',#6174,#6205,#6207,.T.);
#6205 = VERTEX_POINT('',#6206);
#6206 = CARTESIAN_POINT('',(230.1375,-122.8875,1.59));
#6207 = LINE('',#6208,#6209);
#6208 = CARTESIAN_POINT('',(217.5375,-122.8875,1.59));
#6209 = VECTOR('',#6210,1.);
#6210 = DIRECTION('',(1.,0.,0.));
#6211 = ORIENTED_EDGE('',*,*,#6212,.F.);
#6212 = EDGE_CURVE('',#6213,#6205,#6215,.T.);
#6213 = VERTEX_POINT('',#6214);
#6214 = CARTESIAN_POINT('',(230.1375,-122.8875,0.));
#6215 = LINE('',#6216,#6217);
#6216 = CARTESIAN_POINT('',(230.1375,-122.8875,0.));
#6217 = VECTOR('',#6218,1.);
#6218 = DIRECTION('',(0.,0.,1.));
#6219 = ORIENTED_EDGE('',*,*,#6220,.F.);
#6220 = EDGE_CURVE('',#6182,#6213,#6221,.T.);
#6221 = LINE('',#6222,#6223);
#6222 = CARTESIAN_POINT('',(217.5375,-122.8875,0.));
#6223 = VECTOR('',#6224,1.);
#6224 = DIRECTION('',(1.,0.,0.));
#6225 = PLANE('',#6226);
#6226 = AXIS2_PLACEMENT_3D('',#6227,#6228,#6229);
#6227 = CARTESIAN_POINT('',(217.5375,-122.8875,0.));
#6228 = DIRECTION('',(0.,1.,0.));
#6229 = DIRECTION('',(1.,0.,0.));
#6230 = ADVANCED_FACE('',(#6231),#6256,.T.);
#6231 = FACE_BOUND('',#6232,.T.);
#6232 = EDGE_LOOP('',(#6233,#6234,#6242,#6250));
#6233 = ORIENTED_EDGE('',*,*,#6212,.T.);
#6234 = ORIENTED_EDGE('',*,*,#6235,.T.);
#6235 = EDGE_CURVE('',#6205,#6236,#6238,.T.);
#6236 = VERTEX_POINT('',#6237);
#6237 = CARTESIAN_POINT('',(231.1375,-121.8875,1.59));
#6238 = LINE('',#6239,#6240);
#6239 = CARTESIAN_POINT('',(230.1375,-122.8875,1.59));
#6240 = VECTOR('',#6241,1.);
#6241 = DIRECTION('',(0.707106781187,0.707106781187,0.));
#6242 = ORIENTED_EDGE('',*,*,#6243,.F.);
#6243 = EDGE_CURVE('',#6244,#6236,#6246,.T.);
#6244 = VERTEX_POINT('',#6245);
#6245 = CARTESIAN_POINT('',(231.1375,-121.8875,0.));
#6246 = LINE('',#6247,#6248);
#6247 = CARTESIAN_POINT('',(231.1375,-121.8875,0.));
#6248 = VECTOR('',#6249,1.);
#6249 = DIRECTION('',(0.,0.,1.));
#6250 = ORIENTED_EDGE('',*,*,#6251,.F.);
#6251 = EDGE_CURVE('',#6213,#6244,#6252,.T.);
#6252 = LINE('',#6253,#6254);
#6253 = CARTESIAN_POINT('',(230.1375,-122.8875,0.));
#6254 = VECTOR('',#6255,1.);
#6255 = DIRECTION('',(0.707106781187,0.707106781187,0.));
#6256 = PLANE('',#6257);
#6257 = AXIS2_PLACEMENT_3D('',#6258,#6259,#6260);
#6258 = CARTESIAN_POINT('',(230.1375,-122.8875,0.));
#6259 = DIRECTION('',(-0.707106781187,0.707106781187,0.));
#6260 = DIRECTION('',(0.707106781187,0.707106781187,0.));
#6261 = ADVANCED_FACE('',(#6262),#6287,.T.);
#6262 = FACE_BOUND('',#6263,.T.);
#6263 = EDGE_LOOP('',(#6264,#6265,#6273,#6281));
#6264 = ORIENTED_EDGE('',*,*,#6243,.T.);
#6265 = ORIENTED_EDGE('',*,*,#6266,.T.);
#6266 = EDGE_CURVE('',#6236,#6267,#6269,.T.);
#6267 = VERTEX_POINT('',#6268);
#6268 = CARTESIAN_POINT('',(231.1375,-109.8875,1.59));
#6269 = LINE('',#6270,#6271);
#6270 = CARTESIAN_POINT('',(231.1375,-121.8875,1.59));
#6271 = VECTOR('',#6272,1.);
#6272 = DIRECTION('',(0.,1.,0.));
#6273 = ORIENTED_EDGE('',*,*,#6274,.F.);
#6274 = EDGE_CURVE('',#6275,#6267,#6277,.T.);
#6275 = VERTEX_POINT('',#6276);
#6276 = CARTESIAN_POINT('',(231.1375,-109.8875,0.));
#6277 = LINE('',#6278,#6279);
#6278 = CARTESIAN_POINT('',(231.1375,-109.8875,0.));
#6279 = VECTOR('',#6280,1.);
#6280 = DIRECTION('',(0.,0.,1.));
#6281 = ORIENTED_EDGE('',*,*,#6282,.F.);
#6282 = EDGE_CURVE('',#6244,#6275,#6283,.T.);
#6283 = LINE('',#6284,#6285);
#6284 = CARTESIAN_POINT('',(231.1375,-121.8875,0.));
#6285 = VECTOR('',#6286,1.);
#6286 = DIRECTION('',(0.,1.,0.));
#6287 = PLANE('',#6288);
#6288 = AXIS2_PLACEMENT_3D('',#6289,#6290,#6291);
#6289 = CARTESIAN_POINT('',(231.1375,-121.8875,0.));
#6290 = DIRECTION('',(-1.,0.,0.));
#6291 = DIRECTION('',(0.,1.,0.));
#6292 = ADVANCED_FACE('',(#6293),#6318,.T.);
#6293 = FACE_BOUND('',#6294,.T.);
#6294 = EDGE_LOOP('',(#6295,#6296,#6304,#6312));
#6295 = ORIENTED_EDGE('',*,*,#6274,.T.);
#6296 = ORIENTED_EDGE('',*,*,#6297,.T.);
#6297 = EDGE_CURVE('',#6267,#6298,#6300,.T.);
#6298 = VERTEX_POINT('',#6299);
#6299 = CARTESIAN_POINT('',(230.1375,-108.8875,1.59));
#6300 = LINE('',#6301,#6302);
#6301 = CARTESIAN_POINT('',(231.1375,-109.8875,1.59));
#6302 = VECTOR('',#6303,1.);
#6303 = DIRECTION('',(-0.707106781187,0.707106781187,0.));
#6304 = ORIENTED_EDGE('',*,*,#6305,.F.);
#6305 = EDGE_CURVE('',#6306,#6298,#6308,.T.);
#6306 = VERTEX_POINT('',#6307);
#6307 = CARTESIAN_POINT('',(230.1375,-108.8875,0.));
#6308 = LINE('',#6309,#6310);
#6309 = CARTESIAN_POINT('',(230.1375,-108.8875,0.));
#6310 = VECTOR('',#6311,1.);
#6311 = DIRECTION('',(0.,0.,1.));
#6312 = ORIENTED_EDGE('',*,*,#6313,.F.);
#6313 = EDGE_CURVE('',#6275,#6306,#6314,.T.);
#6314 = LINE('',#6315,#6316);
#6315 = CARTESIAN_POINT('',(231.1375,-109.8875,0.));
#6316 = VECTOR('',#6317,1.);
#6317 = DIRECTION('',(-0.707106781187,0.707106781187,0.));
#6318 = PLANE('',#6319);
#6319 = AXIS2_PLACEMENT_3D('',#6320,#6321,#6322);
#6320 = CARTESIAN_POINT('',(231.1375,-109.8875,0.));
#6321 = DIRECTION('',(-0.707106781187,-0.707106781187,0.));
#6322 = DIRECTION('',(-0.707106781187,0.707106781187,0.));
#6323 = ADVANCED_FACE('',(#6324),#6349,.T.);
#6324 = FACE_BOUND('',#6325,.T.);
#6325 = EDGE_LOOP('',(#6326,#6327,#6335,#6343));
#6326 = ORIENTED_EDGE('',*,*,#6305,.T.);
#6327 = ORIENTED_EDGE('',*,*,#6328,.T.);
#6328 = EDGE_CURVE('',#6298,#6329,#6331,.T.);
#6329 = VERTEX_POINT('',#6330);
#6330 = CARTESIAN_POINT('',(217.5375,-108.8875,1.59));
#6331 = LINE('',#6332,#6333);
#6332 = CARTESIAN_POINT('',(230.1375,-108.8875,1.59));
#6333 = VECTOR('',#6334,1.);
#6334 = DIRECTION('',(-1.,0.,0.));
#6335 = ORIENTED_EDGE('',*,*,#6336,.F.);
#6336 = EDGE_CURVE('',#6337,#6329,#6339,.T.);
#6337 = VERTEX_POINT('',#6338);
#6338 = CARTESIAN_POINT('',(217.5375,-108.8875,0.));
#6339 = LINE('',#6340,#6341);
#6340 = CARTESIAN_POINT('',(217.5375,-108.8875,0.));
#6341 = VECTOR('',#6342,1.);
#6342 = DIRECTION('',(0.,0.,1.));
#6343 = ORIENTED_EDGE('',*,*,#6344,.F.);
#6344 = EDGE_CURVE('',#6306,#6337,#6345,.T.);
#6345 = LINE('',#6346,#6347);
#6346 = CARTESIAN_POINT('',(230.1375,-108.8875,0.));
#6347 = VECTOR('',#6348,1.);
#6348 = DIRECTION('',(-1.,0.,0.));
#6349 = PLANE('',#6350);
#6350 = AXIS2_PLACEMENT_3D('',#6351,#6352,#6353);
#6351 = CARTESIAN_POINT('',(230.1375,-108.8875,0.));
#6352 = DIRECTION('',(0.,-1.,0.));
#6353 = DIRECTION('',(-1.,0.,0.));
#6354 = ADVANCED_FACE('',(#6355),#6371,.T.);
#6355 = FACE_BOUND('',#6356,.T.);
#6356 = EDGE_LOOP('',(#6357,#6358,#6364,#6365));
#6357 = ORIENTED_EDGE('',*,*,#6336,.T.);
#6358 = ORIENTED_EDGE('',*,*,#6359,.T.);
#6359 = EDGE_CURVE('',#6329,#6135,#6360,.T.);
#6360 = LINE('',#6361,#6362);
#6361 = CARTESIAN_POINT('',(217.5375,-108.8875,1.59));
#6362 = VECTOR('',#6363,1.);
#6363 = DIRECTION('',(-0.707106781187,-0.707106781187,0.));
#6364 = ORIENTED_EDGE('',*,*,#6132,.F.);
#6365 = ORIENTED_EDGE('',*,*,#6366,.F.);
#6366 = EDGE_CURVE('',#6337,#6133,#6367,.T.);
#6367 = LINE('',#6368,#6369);
#6368 = CARTESIAN_POINT('',(217.5375,-108.8875,0.));
#6369 = VECTOR('',#6370,1.);
#6370 = DIRECTION('',(-0.707106781187,-0.707106781187,0.));
#6371 = PLANE('',#6372);
#6372 = AXIS2_PLACEMENT_3D('',#6373,#6374,#6375);
#6373 = CARTESIAN_POINT('',(217.5375,-108.8875,0.));
#6374 = DIRECTION('',(0.707106781187,-0.707106781187,0.));
#6375 = DIRECTION('',(-0.707106781187,-0.707106781187,0.));
#6376 = ADVANCED_FACE('',(#6377),#6411,.T.);
#6377 = FACE_BOUND('',#6378,.T.);
#6378 = EDGE_LOOP('',(#6379,#6389,#6397,#6405));
#6379 = ORIENTED_EDGE('',*,*,#6380,.T.);
#6380 = EDGE_CURVE('',#6381,#6383,#6385,.T.);
#6381 = VERTEX_POINT('',#6382);
#6382 = CARTESIAN_POINT('',(235.5875,-109.8875,0.));
#6383 = VERTEX_POINT('',#6384);
#6384 = CARTESIAN_POINT('',(235.5875,-109.8875,1.59));
#6385 = LINE('',#6386,#6387);
#6386 = CARTESIAN_POINT('',(235.5875,-109.8875,0.));
#6387 = VECTOR('',#6388,1.);
#6388 = DIRECTION('',(0.,0.,1.));
#6389 = ORIENTED_EDGE('',*,*,#6390,.T.);
#6390 = EDGE_CURVE('',#6383,#6391,#6393,.T.);
#6391 = VERTEX_POINT('',#6392);
#6392 = CARTESIAN_POINT('',(235.5875,-121.8875,1.59));
#6393 = LINE('',#6394,#6395);
#6394 = CARTESIAN_POINT('',(235.5875,-109.8875,1.59));
#6395 = VECTOR('',#6396,1.);
#6396 = DIRECTION('',(0.,-1.,0.));
#6397 = ORIENTED_EDGE('',*,*,#6398,.F.);
#6398 = EDGE_CURVE('',#6399,#6391,#6401,.T.);
#6399 = VERTEX_POINT('',#6400);
#6400 = CARTESIAN_POINT('',(235.5875,-121.8875,0.));
#6401 = LINE('',#6402,#6403);
#6402 = CARTESIAN_POINT('',(235.5875,-121.8875,0.));
#6403 = VECTOR('',#6404,1.);
#6404 = DIRECTION('',(0.,0.,1.));
#6405 = ORIENTED_EDGE('',*,*,#6406,.F.);
#6406 = EDGE_CURVE('',#6381,#6399,#6407,.T.);
#6407 = LINE('',#6408,#6409);
#6408 = CARTESIAN_POINT('',(235.5875,-109.8875,0.));
#6409 = VECTOR('',#6410,1.);
#6410 = DIRECTION('',(0.,-1.,0.));
#6411 = PLANE('',#6412);
#6412 = AXIS2_PLACEMENT_3D('',#6413,#6414,#6415);
#6413 = CARTESIAN_POINT('',(235.5875,-109.8875,0.));
#6414 = DIRECTION('',(1.,0.,-0.));
#6415 = DIRECTION('',(0.,-1.,0.));
#6416 = ADVANCED_FACE('',(#6417),#6442,.T.);
#6417 = FACE_BOUND('',#6418,.T.);
#6418 = EDGE_LOOP('',(#6419,#6420,#6428,#6436));
#6419 = ORIENTED_EDGE('',*,*,#6398,.T.);
#6420 = ORIENTED_EDGE('',*,*,#6421,.T.);
#6421 = EDGE_CURVE('',#6391,#6422,#6424,.T.);
#6422 = VERTEX_POINT('',#6423);
#6423 = CARTESIAN_POINT('',(236.5875,-122.8875,1.59));
#6424 = LINE('',#6425,#6426);
#6425 = CARTESIAN_POINT('',(235.5875,-121.8875,1.59));
#6426 = VECTOR('',#6427,1.);
#6427 = DIRECTION('',(0.707106781187,-0.707106781187,0.));
#6428 = ORIENTED_EDGE('',*,*,#6429,.F.);
#6429 = EDGE_CURVE('',#6430,#6422,#6432,.T.);
#6430 = VERTEX_POINT('',#6431);
#6431 = CARTESIAN_POINT('',(236.5875,-122.8875,0.));
#6432 = LINE('',#6433,#6434);
#6433 = CARTESIAN_POINT('',(236.5875,-122.8875,0.));
#6434 = VECTOR('',#6435,1.);
#6435 = DIRECTION('',(0.,0.,1.));
#6436 = ORIENTED_EDGE('',*,*,#6437,.F.);
#6437 = EDGE_CURVE('',#6399,#6430,#6438,.T.);
#6438 = LINE('',#6439,#6440);
#6439 = CARTESIAN_POINT('',(235.5875,-121.8875,0.));
#6440 = VECTOR('',#6441,1.);
#6441 = DIRECTION('',(0.707106781187,-0.707106781187,0.));
#6442 = PLANE('',#6443);
#6443 = AXIS2_PLACEMENT_3D('',#6444,#6445,#6446);
#6444 = CARTESIAN_POINT('',(235.5875,-121.8875,0.));
#6445 = DIRECTION('',(0.707106781187,0.707106781187,-0.));
#6446 = DIRECTION('',(0.707106781187,-0.707106781187,0.));
#6447 = ADVANCED_FACE('',(#6448),#6473,.T.);
#6448 = FACE_BOUND('',#6449,.T.);
#6449 = EDGE_LOOP('',(#6450,#6451,#6459,#6467));
#6450 = ORIENTED_EDGE('',*,*,#6429,.T.);
#6451 = ORIENTED_EDGE('',*,*,#6452,.T.);
#6452 = EDGE_CURVE('',#6422,#6453,#6455,.T.);
#6453 = VERTEX_POINT('',#6454);
#6454 = CARTESIAN_POINT('',(249.1875,-122.8875,1.59));
#6455 = LINE('',#6456,#6457);
#6456 = CARTESIAN_POINT('',(236.5875,-122.8875,1.59));
#6457 = VECTOR('',#6458,1.);
#6458 = DIRECTION('',(1.,0.,0.));
#6459 = ORIENTED_EDGE('',*,*,#6460,.F.);
#6460 = EDGE_CURVE('',#6461,#6453,#6463,.T.);
#6461 = VERTEX_POINT('',#6462);
#6462 = CARTESIAN_POINT('',(249.1875,-122.8875,0.));
#6463 = LINE('',#6464,#6465);
#6464 = CARTESIAN_POINT('',(249.1875,-122.8875,0.));
#6465 = VECTOR('',#6466,1.);
#6466 = DIRECTION('',(0.,0.,1.));
#6467 = ORIENTED_EDGE('',*,*,#6468,.F.);
#6468 = EDGE_CURVE('',#6430,#6461,#6469,.T.);
#6469 = LINE('',#6470,#6471);
#6470 = CARTESIAN_POINT('',(236.5875,-122.8875,0.));
#6471 = VECTOR('',#6472,1.);
#6472 = DIRECTION('',(1.,0.,0.));
#6473 = PLANE('',#6474);
#6474 = AXIS2_PLACEMENT_3D('',#6475,#6476,#6477);
#6475 = CARTESIAN_POINT('',(236.5875,-122.8875,0.));
#6476 = DIRECTION('',(0.,1.,0.));
#6477 = DIRECTION('',(1.,0.,0.));
#6478 = ADVANCED_FACE('',(#6479),#6504,.T.);
#6479 = FACE_BOUND('',#6480,.T.);
#6480 = EDGE_LOOP('',(#6481,#6482,#6490,#6498));
#6481 = ORIENTED_EDGE('',*,*,#6460,.T.);
#6482 = ORIENTED_EDGE('',*,*,#6483,.T.);
#6483 = EDGE_CURVE('',#6453,#6484,#6486,.T.);
#6484 = VERTEX_POINT('',#6485);
#6485 = CARTESIAN_POINT('',(250.1875,-121.8875,1.59));
#6486 = LINE('',#6487,#6488);
#6487 = CARTESIAN_POINT('',(249.1875,-122.8875,1.59));
#6488 = VECTOR('',#6489,1.);
#6489 = DIRECTION('',(0.707106781187,0.707106781187,0.));
#6490 = ORIENTED_EDGE('',*,*,#6491,.F.);
#6491 = EDGE_CURVE('',#6492,#6484,#6494,.T.);
#6492 = VERTEX_POINT('',#6493);
#6493 = CARTESIAN_POINT('',(250.1875,-121.8875,0.));
#6494 = LINE('',#6495,#6496);
#6495 = CARTESIAN_POINT('',(250.1875,-121.8875,0.));
#6496 = VECTOR('',#6497,1.);
#6497 = DIRECTION('',(0.,0.,1.));
#6498 = ORIENTED_EDGE('',*,*,#6499,.F.);
#6499 = EDGE_CURVE('',#6461,#6492,#6500,.T.);
#6500 = LINE('',#6501,#6502);
#6501 = CARTESIAN_POINT('',(249.1875,-122.8875,0.));
#6502 = VECTOR('',#6503,1.);
#6503 = DIRECTION('',(0.707106781187,0.707106781187,0.));
#6504 = PLANE('',#6505);
#6505 = AXIS2_PLACEMENT_3D('',#6506,#6507,#6508);
#6506 = CARTESIAN_POINT('',(249.1875,-122.8875,0.));
#6507 = DIRECTION('',(-0.707106781187,0.707106781187,0.));
#6508 = DIRECTION('',(0.707106781187,0.707106781187,0.));
#6509 = ADVANCED_FACE('',(#6510),#6535,.T.);
#6510 = FACE_BOUND('',#6511,.T.);
#6511 = EDGE_LOOP('',(#6512,#6513,#6521,#6529));
#6512 = ORIENTED_EDGE('',*,*,#6491,.T.);
#6513 = ORIENTED_EDGE('',*,*,#6514,.T.);
#6514 = EDGE_CURVE('',#6484,#6515,#6517,.T.);
#6515 = VERTEX_POINT('',#6516);
#6516 = CARTESIAN_POINT('',(250.1875,-109.8875,1.59));
#6517 = LINE('',#6518,#6519);
#6518 = CARTESIAN_POINT('',(250.1875,-121.8875,1.59));
#6519 = VECTOR('',#6520,1.);
#6520 = DIRECTION('',(0.,1.,0.));
#6521 = ORIENTED_EDGE('',*,*,#6522,.F.);
#6522 = EDGE_CURVE('',#6523,#6515,#6525,.T.);
#6523 = VERTEX_POINT('',#6524);
#6524 = CARTESIAN_POINT('',(250.1875,-109.8875,0.));
#6525 = LINE('',#6526,#6527);
#6526 = CARTESIAN_POINT('',(250.1875,-109.8875,0.));
#6527 = VECTOR('',#6528,1.);
#6528 = DIRECTION('',(0.,0.,1.));
#6529 = ORIENTED_EDGE('',*,*,#6530,.F.);
#6530 = EDGE_CURVE('',#6492,#6523,#6531,.T.);
#6531 = LINE('',#6532,#6533);
#6532 = CARTESIAN_POINT('',(250.1875,-121.8875,0.));
#6533 = VECTOR('',#6534,1.);
#6534 = DIRECTION('',(0.,1.,0.));
#6535 = PLANE('',#6536);
#6536 = AXIS2_PLACEMENT_3D('',#6537,#6538,#6539);
#6537 = CARTESIAN_POINT('',(250.1875,-121.8875,0.));
#6538 = DIRECTION('',(-1.,0.,0.));
#6539 = DIRECTION('',(0.,1.,0.));
#6540 = ADVANCED_FACE('',(#6541),#6566,.T.);
#6541 = FACE_BOUND('',#6542,.T.);
#6542 = EDGE_LOOP('',(#6543,#6544,#6552,#6560));
#6543 = ORIENTED_EDGE('',*,*,#6522,.T.);
#6544 = ORIENTED_EDGE('',*,*,#6545,.T.);
#6545 = EDGE_CURVE('',#6515,#6546,#6548,.T.);
#6546 = VERTEX_POINT('',#6547);
#6547 = CARTESIAN_POINT('',(249.1875,-108.8875,1.59));
#6548 = LINE('',#6549,#6550);
#6549 = CARTESIAN_POINT('',(250.1875,-109.8875,1.59));
#6550 = VECTOR('',#6551,1.);
#6551 = DIRECTION('',(-0.707106781187,0.707106781187,0.));
#6552 = ORIENTED_EDGE('',*,*,#6553,.F.);
#6553 = EDGE_CURVE('',#6554,#6546,#6556,.T.);
#6554 = VERTEX_POINT('',#6555);
#6555 = CARTESIAN_POINT('',(249.1875,-108.8875,0.));
#6556 = LINE('',#6557,#6558);
#6557 = CARTESIAN_POINT('',(249.1875,-108.8875,0.));
#6558 = VECTOR('',#6559,1.);
#6559 = DIRECTION('',(0.,0.,1.));
#6560 = ORIENTED_EDGE('',*,*,#6561,.F.);
#6561 = EDGE_CURVE('',#6523,#6554,#6562,.T.);
#6562 = LINE('',#6563,#6564);
#6563 = CARTESIAN_POINT('',(250.1875,-109.8875,0.));
#6564 = VECTOR('',#6565,1.);
#6565 = DIRECTION('',(-0.707106781187,0.707106781187,0.));
#6566 = PLANE('',#6567);
#6567 = AXIS2_PLACEMENT_3D('',#6568,#6569,#6570);
#6568 = CARTESIAN_POINT('',(250.1875,-109.8875,0.));
#6569 = DIRECTION('',(-0.707106781187,-0.707106781187,0.));
#6570 = DIRECTION('',(-0.707106781187,0.707106781187,0.));
#6571 = ADVANCED_FACE('',(#6572),#6597,.T.);
#6572 = FACE_BOUND('',#6573,.T.);
#6573 = EDGE_LOOP('',(#6574,#6575,#6583,#6591));
#6574 = ORIENTED_EDGE('',*,*,#6553,.T.);
#6575 = ORIENTED_EDGE('',*,*,#6576,.T.);
#6576 = EDGE_CURVE('',#6546,#6577,#6579,.T.);
#6577 = VERTEX_POINT('',#6578);
#6578 = CARTESIAN_POINT('',(236.5875,-108.8875,1.59));
#6579 = LINE('',#6580,#6581);
#6580 = CARTESIAN_POINT('',(249.1875,-108.8875,1.59));
#6581 = VECTOR('',#6582,1.);
#6582 = DIRECTION('',(-1.,0.,0.));
#6583 = ORIENTED_EDGE('',*,*,#6584,.F.);
#6584 = EDGE_CURVE('',#6585,#6577,#6587,.T.);
#6585 = VERTEX_POINT('',#6586);
#6586 = CARTESIAN_POINT('',(236.5875,-108.8875,0.));
#6587 = LINE('',#6588,#6589);
#6588 = CARTESIAN_POINT('',(236.5875,-108.8875,0.));
#6589 = VECTOR('',#6590,1.);
#6590 = DIRECTION('',(0.,0.,1.));
#6591 = ORIENTED_EDGE('',*,*,#6592,.F.);
#6592 = EDGE_CURVE('',#6554,#6585,#6593,.T.);
#6593 = LINE('',#6594,#6595);
#6594 = CARTESIAN_POINT('',(249.1875,-108.8875,0.));
#6595 = VECTOR('',#6596,1.);
#6596 = DIRECTION('',(-1.,0.,0.));
#6597 = PLANE('',#6598);
#6598 = AXIS2_PLACEMENT_3D('',#6599,#6600,#6601);
#6599 = CARTESIAN_POINT('',(249.1875,-108.8875,0.));
#6600 = DIRECTION('',(0.,-1.,0.));
#6601 = DIRECTION('',(-1.,0.,0.));
#6602 = ADVANCED_FACE('',(#6603),#6619,.T.);
#6603 = FACE_BOUND('',#6604,.T.);
#6604 = EDGE_LOOP('',(#6605,#6606,#6612,#6613));
#6605 = ORIENTED_EDGE('',*,*,#6584,.T.);
#6606 = ORIENTED_EDGE('',*,*,#6607,.T.);
#6607 = EDGE_CURVE('',#6577,#6383,#6608,.T.);
#6608 = LINE('',#6609,#6610);
#6609 = CARTESIAN_POINT('',(236.5875,-108.8875,1.59));
#6610 = VECTOR('',#6611,1.);
#6611 = DIRECTION('',(-0.707106781187,-0.707106781187,0.));
#6612 = ORIENTED_EDGE('',*,*,#6380,.F.);
#6613 = ORIENTED_EDGE('',*,*,#6614,.F.);
#6614 = EDGE_CURVE('',#6585,#6381,#6615,.T.);
#6615 = LINE('',#6616,#6617);
#6616 = CARTESIAN_POINT('',(236.5875,-108.8875,0.));
#6617 = VECTOR('',#6618,1.);
#6618 = DIRECTION('',(-0.707106781187,-0.707106781187,0.));
#6619 = PLANE('',#6620);
#6620 = AXIS2_PLACEMENT_3D('',#6621,#6622,#6623);
#6621 = CARTESIAN_POINT('',(236.5875,-108.8875,0.));
#6622 = DIRECTION('',(0.707106781187,-0.707106781187,0.));
#6623 = DIRECTION('',(-0.707106781187,-0.707106781187,0.));
#6624 = ADVANCED_FACE('',(#6625),#6659,.T.);
#6625 = FACE_BOUND('',#6626,.T.);
#6626 = EDGE_LOOP('',(#6627,#6637,#6645,#6653));
#6627 = ORIENTED_EDGE('',*,*,#6628,.T.);
#6628 = EDGE_CURVE('',#6629,#6631,#6633,.T.);
#6629 = VERTEX_POINT('',#6630);
#6630 = CARTESIAN_POINT('',(254.6375,-109.8875,0.));
#6631 = VERTEX_POINT('',#6632);
#6632 = CARTESIAN_POINT('',(254.6375,-109.8875,1.59));
#6633 = LINE('',#6634,#6635);
#6634 = CARTESIAN_POINT('',(254.6375,-109.8875,0.));
#6635 = VECTOR('',#6636,1.);
#6636 = DIRECTION('',(0.,0.,1.));
#6637 = ORIENTED_EDGE('',*,*,#6638,.T.);
#6638 = EDGE_CURVE('',#6631,#6639,#6641,.T.);
#6639 = VERTEX_POINT('',#6640);
#6640 = CARTESIAN_POINT('',(254.6375,-121.8875,1.59));
#6641 = LINE('',#6642,#6643);
#6642 = CARTESIAN_POINT('',(254.6375,-109.8875,1.59));
#6643 = VECTOR('',#6644,1.);
#6644 = DIRECTION('',(0.,-1.,0.));
#6645 = ORIENTED_EDGE('',*,*,#6646,.F.);
#6646 = EDGE_CURVE('',#6647,#6639,#6649,.T.);
#6647 = VERTEX_POINT('',#6648);
#6648 = CARTESIAN_POINT('',(254.6375,-121.8875,0.));
#6649 = LINE('',#6650,#6651);
#6650 = CARTESIAN_POINT('',(254.6375,-121.8875,0.));
#6651 = VECTOR('',#6652,1.);
#6652 = DIRECTION('',(0.,0.,1.));
#6653 = ORIENTED_EDGE('',*,*,#6654,.F.);
#6654 = EDGE_CURVE('',#6629,#6647,#6655,.T.);
#6655 = LINE('',#6656,#6657);
#6656 = CARTESIAN_POINT('',(254.6375,-109.8875,0.));
#6657 = VECTOR('',#6658,1.);
#6658 = DIRECTION('',(0.,-1.,0.));
#6659 = PLANE('',#6660);
#6660 = AXIS2_PLACEMENT_3D('',#6661,#6662,#6663);
#6661 = CARTESIAN_POINT('',(254.6375,-109.8875,0.));
#6662 = DIRECTION('',(1.,0.,-0.));
#6663 = DIRECTION('',(0.,-1.,0.));
#6664 = ADVANCED_FACE('',(#6665),#6690,.T.);
#6665 = FACE_BOUND('',#6666,.T.);
#6666 = EDGE_LOOP('',(#6667,#6668,#6676,#6684));
#6667 = ORIENTED_EDGE('',*,*,#6646,.T.);
#6668 = ORIENTED_EDGE('',*,*,#6669,.T.);
#6669 = EDGE_CURVE('',#6639,#6670,#6672,.T.);
#6670 = VERTEX_POINT('',#6671);
#6671 = CARTESIAN_POINT('',(255.6375,-122.8875,1.59));
#6672 = LINE('',#6673,#6674);
#6673 = CARTESIAN_POINT('',(254.6375,-121.8875,1.59));
#6674 = VECTOR('',#6675,1.);
#6675 = DIRECTION('',(0.707106781187,-0.707106781187,0.));
#6676 = ORIENTED_EDGE('',*,*,#6677,.F.);
#6677 = EDGE_CURVE('',#6678,#6670,#6680,.T.);
#6678 = VERTEX_POINT('',#6679);
#6679 = CARTESIAN_POINT('',(255.6375,-122.8875,0.));
#6680 = LINE('',#6681,#6682);
#6681 = CARTESIAN_POINT('',(255.6375,-122.8875,0.));
#6682 = VECTOR('',#6683,1.);
#6683 = DIRECTION('',(0.,0.,1.));
#6684 = ORIENTED_EDGE('',*,*,#6685,.F.);
#6685 = EDGE_CURVE('',#6647,#6678,#6686,.T.);
#6686 = LINE('',#6687,#6688);
#6687 = CARTESIAN_POINT('',(254.6375,-121.8875,0.));
#6688 = VECTOR('',#6689,1.);
#6689 = DIRECTION('',(0.707106781187,-0.707106781187,0.));
#6690 = PLANE('',#6691);
#6691 = AXIS2_PLACEMENT_3D('',#6692,#6693,#6694);
#6692 = CARTESIAN_POINT('',(254.6375,-121.8875,0.));
#6693 = DIRECTION('',(0.707106781187,0.707106781187,-0.));
#6694 = DIRECTION('',(0.707106781187,-0.707106781187,0.));
#6695 = ADVANCED_FACE('',(#6696),#6721,.T.);
#6696 = FACE_BOUND('',#6697,.T.);
#6697 = EDGE_LOOP('',(#6698,#6699,#6707,#6715));
#6698 = ORIENTED_EDGE('',*,*,#6677,.T.);
#6699 = ORIENTED_EDGE('',*,*,#6700,.T.);
#6700 = EDGE_CURVE('',#6670,#6701,#6703,.T.);
#6701 = VERTEX_POINT('',#6702);
#6702 = CARTESIAN_POINT('',(268.2375,-122.8875,1.59));
#6703 = LINE('',#6704,#6705);
#6704 = CARTESIAN_POINT('',(255.6375,-122.8875,1.59));
#6705 = VECTOR('',#6706,1.);
#6706 = DIRECTION('',(1.,0.,0.));
#6707 = ORIENTED_EDGE('',*,*,#6708,.F.);
#6708 = EDGE_CURVE('',#6709,#6701,#6711,.T.);
#6709 = VERTEX_POINT('',#6710);
#6710 = CARTESIAN_POINT('',(268.2375,-122.8875,0.));
#6711 = LINE('',#6712,#6713);
#6712 = CARTESIAN_POINT('',(268.2375,-122.8875,0.));
#6713 = VECTOR('',#6714,1.);
#6714 = DIRECTION('',(0.,0.,1.));
#6715 = ORIENTED_EDGE('',*,*,#6716,.F.);
#6716 = EDGE_CURVE('',#6678,#6709,#6717,.T.);
#6717 = LINE('',#6718,#6719);
#6718 = CARTESIAN_POINT('',(255.6375,-122.8875,0.));
#6719 = VECTOR('',#6720,1.);
#6720 = DIRECTION('',(1.,0.,0.));
#6721 = PLANE('',#6722);
#6722 = AXIS2_PLACEMENT_3D('',#6723,#6724,#6725);
#6723 = CARTESIAN_POINT('',(255.6375,-122.8875,0.));
#6724 = DIRECTION('',(0.,1.,0.));
#6725 = DIRECTION('',(1.,0.,0.));
#6726 = ADVANCED_FACE('',(#6727),#6752,.T.);
#6727 = FACE_BOUND('',#6728,.T.);
#6728 = EDGE_LOOP('',(#6729,#6730,#6738,#6746));
#6729 = ORIENTED_EDGE('',*,*,#6708,.T.);
#6730 = ORIENTED_EDGE('',*,*,#6731,.T.);
#6731 = EDGE_CURVE('',#6701,#6732,#6734,.T.);
#6732 = VERTEX_POINT('',#6733);
#6733 = CARTESIAN_POINT('',(269.2375,-121.8875,1.59));
#6734 = LINE('',#6735,#6736);
#6735 = CARTESIAN_POINT('',(268.2375,-122.8875,1.59));
#6736 = VECTOR('',#6737,1.);
#6737 = DIRECTION('',(0.707106781187,0.707106781187,0.));
#6738 = ORIENTED_EDGE('',*,*,#6739,.F.);
#6739 = EDGE_CURVE('',#6740,#6732,#6742,.T.);
#6740 = VERTEX_POINT('',#6741);
#6741 = CARTESIAN_POINT('',(269.2375,-121.8875,0.));
#6742 = LINE('',#6743,#6744);
#6743 = CARTESIAN_POINT('',(269.2375,-121.8875,0.));
#6744 = VECTOR('',#6745,1.);
#6745 = DIRECTION('',(0.,0.,1.));
#6746 = ORIENTED_EDGE('',*,*,#6747,.F.);
#6747 = EDGE_CURVE('',#6709,#6740,#6748,.T.);
#6748 = LINE('',#6749,#6750);
#6749 = CARTESIAN_POINT('',(268.2375,-122.8875,0.));
#6750 = VECTOR('',#6751,1.);
#6751 = DIRECTION('',(0.707106781187,0.707106781187,0.));
#6752 = PLANE('',#6753);
#6753 = AXIS2_PLACEMENT_3D('',#6754,#6755,#6756);
#6754 = CARTESIAN_POINT('',(268.2375,-122.8875,0.));
#6755 = DIRECTION('',(-0.707106781187,0.707106781187,0.));
#6756 = DIRECTION('',(0.707106781187,0.707106781187,0.));
#6757 = ADVANCED_FACE('',(#6758),#6783,.T.);
#6758 = FACE_BOUND('',#6759,.T.);
#6759 = EDGE_LOOP('',(#6760,#6761,#6769,#6777));
#6760 = ORIENTED_EDGE('',*,*,#6739,.T.);
#6761 = ORIENTED_EDGE('',*,*,#6762,.T.);
#6762 = EDGE_CURVE('',#6732,#6763,#6765,.T.);
#6763 = VERTEX_POINT('',#6764);
#6764 = CARTESIAN_POINT('',(269.2375,-109.8875,1.59));
#6765 = LINE('',#6766,#6767);
#6766 = CARTESIAN_POINT('',(269.2375,-121.8875,1.59));
#6767 = VECTOR('',#6768,1.);
#6768 = DIRECTION('',(0.,1.,0.));
#6769 = ORIENTED_EDGE('',*,*,#6770,.F.);
#6770 = EDGE_CURVE('',#6771,#6763,#6773,.T.);
#6771 = VERTEX_POINT('',#6772);
#6772 = CARTESIAN_POINT('',(269.2375,-109.8875,0.));
#6773 = LINE('',#6774,#6775);
#6774 = CARTESIAN_POINT('',(269.2375,-109.8875,0.));
#6775 = VECTOR('',#6776,1.);
#6776 = DIRECTION('',(0.,0.,1.));
#6777 = ORIENTED_EDGE('',*,*,#6778,.F.);
#6778 = EDGE_CURVE('',#6740,#6771,#6779,.T.);
#6779 = LINE('',#6780,#6781);
#6780 = CARTESIAN_POINT('',(269.2375,-121.8875,0.));
#6781 = VECTOR('',#6782,1.);
#6782 = DIRECTION('',(0.,1.,0.));
#6783 = PLANE('',#6784);
#6784 = AXIS2_PLACEMENT_3D('',#6785,#6786,#6787);
#6785 = CARTESIAN_POINT('',(269.2375,-121.8875,0.));
#6786 = DIRECTION('',(-1.,0.,0.));
#6787 = DIRECTION('',(0.,1.,0.));
#6788 = ADVANCED_FACE('',(#6789),#6814,.T.);
#6789 = FACE_BOUND('',#6790,.T.);
#6790 = EDGE_LOOP('',(#6791,#6792,#6800,#6808));
#6791 = ORIENTED_EDGE('',*,*,#6770,.T.);
#6792 = ORIENTED_EDGE('',*,*,#6793,.T.);
#6793 = EDGE_CURVE('',#6763,#6794,#6796,.T.);
#6794 = VERTEX_POINT('',#6795);
#6795 = CARTESIAN_POINT('',(268.2375,-108.8875,1.59));
#6796 = LINE('',#6797,#6798);
#6797 = CARTESIAN_POINT('',(269.2375,-109.8875,1.59));
#6798 = VECTOR('',#6799,1.);
#6799 = DIRECTION('',(-0.707106781187,0.707106781187,0.));
#6800 = ORIENTED_EDGE('',*,*,#6801,.F.);
#6801 = EDGE_CURVE('',#6802,#6794,#6804,.T.);
#6802 = VERTEX_POINT('',#6803);
#6803 = CARTESIAN_POINT('',(268.2375,-108.8875,0.));
#6804 = LINE('',#6805,#6806);
#6805 = CARTESIAN_POINT('',(268.2375,-108.8875,0.));
#6806 = VECTOR('',#6807,1.);
#6807 = DIRECTION('',(0.,0.,1.));
#6808 = ORIENTED_EDGE('',*,*,#6809,.F.);
#6809 = EDGE_CURVE('',#6771,#6802,#6810,.T.);
#6810 = LINE('',#6811,#6812);
#6811 = CARTESIAN_POINT('',(269.2375,-109.8875,0.));
#6812 = VECTOR('',#6813,1.);
#6813 = DIRECTION('',(-0.707106781187,0.707106781187,0.));
#6814 = PLANE('',#6815);
#6815 = AXIS2_PLACEMENT_3D('',#6816,#6817,#6818);
#6816 = CARTESIAN_POINT('',(269.2375,-109.8875,0.));
#6817 = DIRECTION('',(-0.707106781187,-0.707106781187,0.));
#6818 = DIRECTION('',(-0.707106781187,0.707106781187,0.));
#6819 = ADVANCED_FACE('',(#6820),#6845,.T.);
#6820 = FACE_BOUND('',#6821,.T.);
#6821 = EDGE_LOOP('',(#6822,#6823,#6831,#6839));
#6822 = ORIENTED_EDGE('',*,*,#6801,.T.);
#6823 = ORIENTED_EDGE('',*,*,#6824,.T.);
#6824 = EDGE_CURVE('',#6794,#6825,#6827,.T.);
#6825 = VERTEX_POINT('',#6826);
#6826 = CARTESIAN_POINT('',(255.6375,-108.8875,1.59));
#6827 = LINE('',#6828,#6829);
#6828 = CARTESIAN_POINT('',(268.2375,-108.8875,1.59));
#6829 = VECTOR('',#6830,1.);
#6830 = DIRECTION('',(-1.,0.,0.));
#6831 = ORIENTED_EDGE('',*,*,#6832,.F.);
#6832 = EDGE_CURVE('',#6833,#6825,#6835,.T.);
#6833 = VERTEX_POINT('',#6834);
#6834 = CARTESIAN_POINT('',(255.6375,-108.8875,0.));
#6835 = LINE('',#6836,#6837);
#6836 = CARTESIAN_POINT('',(255.6375,-108.8875,0.));
#6837 = VECTOR('',#6838,1.);
#6838 = DIRECTION('',(0.,0.,1.));
#6839 = ORIENTED_EDGE('',*,*,#6840,.F.);
#6840 = EDGE_CURVE('',#6802,#6833,#6841,.T.);
#6841 = LINE('',#6842,#6843);
#6842 = CARTESIAN_POINT('',(268.2375,-108.8875,0.));
#6843 = VECTOR('',#6844,1.);
#6844 = DIRECTION('',(-1.,0.,0.));
#6845 = PLANE('',#6846);
#6846 = AXIS2_PLACEMENT_3D('',#6847,#6848,#6849);
#6847 = CARTESIAN_POINT('',(268.2375,-108.8875,0.));
#6848 = DIRECTION('',(0.,-1.,0.));
#6849 = DIRECTION('',(-1.,0.,0.));
#6850 = ADVANCED_FACE('',(#6851),#6867,.T.);
#6851 = FACE_BOUND('',#6852,.T.);
#6852 = EDGE_LOOP('',(#6853,#6854,#6860,#6861));
#6853 = ORIENTED_EDGE('',*,*,#6832,.T.);
#6854 = ORIENTED_EDGE('',*,*,#6855,.T.);
#6855 = EDGE_CURVE('',#6825,#6631,#6856,.T.);
#6856 = LINE('',#6857,#6858);
#6857 = CARTESIAN_POINT('',(255.6375,-108.8875,1.59));
#6858 = VECTOR('',#6859,1.);
#6859 = DIRECTION('',(-0.707106781187,-0.707106781187,0.));
#6860 = ORIENTED_EDGE('',*,*,#6628,.F.);
#6861 = ORIENTED_EDGE('',*,*,#6862,.F.);
#6862 = EDGE_CURVE('',#6833,#6629,#6863,.T.);
#6863 = LINE('',#6864,#6865);
#6864 = CARTESIAN_POINT('',(255.6375,-108.8875,0.));
#6865 = VECTOR('',#6866,1.);
#6866 = DIRECTION('',(-0.707106781187,-0.707106781187,0.));
#6867 = PLANE('',#6868);
#6868 = AXIS2_PLACEMENT_3D('',#6869,#6870,#6871);
#6869 = CARTESIAN_POINT('',(255.6375,-108.8875,0.));
#6870 = DIRECTION('',(0.707106781187,-0.707106781187,0.));
#6871 = DIRECTION('',(-0.707106781187,-0.707106781187,0.));
#6872 = ADVANCED_FACE('',(#6873),#6900,.F.);
#6873 = FACE_BOUND('',#6874,.T.);
#6874 = EDGE_LOOP('',(#6875,#6885,#6892,#6893));
#6875 = ORIENTED_EDGE('',*,*,#6876,.T.);
#6876 = EDGE_CURVE('',#6877,#6879,#6881,.T.);
#6877 = VERTEX_POINT('',#6878);
#6878 = CARTESIAN_POINT('',(36.51875,-115.8875,0.));
#6879 = VERTEX_POINT('',#6880);
#6880 = CARTESIAN_POINT('',(36.51875,-115.8875,1.59));
#6881 = LINE('',#6882,#6883);
#6882 = CARTESIAN_POINT('',(36.51875,-115.8875,0.));
#6883 = VECTOR('',#6884,1.);
#6884 = DIRECTION('',(0.,0.,1.));
#6885 = ORIENTED_EDGE('',*,*,#6886,.T.);
#6886 = EDGE_CURVE('',#6879,#6879,#6887,.T.);
#6887 = CIRCLE('',#6888,0.8);
#6888 = AXIS2_PLACEMENT_3D('',#6889,#6890,#6891);
#6889 = CARTESIAN_POINT('',(35.71875,-115.8875,1.59));
#6890 = DIRECTION('',(0.,0.,1.));
#6891 = DIRECTION('',(1.,0.,-0.));
#6892 = ORIENTED_EDGE('',*,*,#6876,.F.);
#6893 = ORIENTED_EDGE('',*,*,#6894,.F.);
#6894 = EDGE_CURVE('',#6877,#6877,#6895,.T.);
#6895 = CIRCLE('',#6896,0.8);
#6896 = AXIS2_PLACEMENT_3D('',#6897,#6898,#6899);
#6897 = CARTESIAN_POINT('',(35.71875,-115.8875,0.));
#6898 = DIRECTION('',(0.,0.,1.));
#6899 = DIRECTION('',(1.,0.,-0.));
#6900 = CYLINDRICAL_SURFACE('',#6901,0.8);
#6901 = AXIS2_PLACEMENT_3D('',#6902,#6903,#6904);
#6902 = CARTESIAN_POINT('',(35.71875,-115.8875,0.));
#6903 = DIRECTION('',(-0.,-0.,-1.));
#6904 = DIRECTION('',(1.,0.,-0.));
#6905 = ADVANCED_FACE('',(#6906),#6933,.F.);
#6906 = FACE_BOUND('',#6907,.T.);
#6907 = EDGE_LOOP('',(#6908,#6918,#6925,#6926));
#6908 = ORIENTED_EDGE('',*,*,#6909,.T.);
#6909 = EDGE_CURVE('',#6910,#6912,#6914,.T.);
#6910 = VERTEX_POINT('',#6911);
#6911 = CARTESIAN_POINT('',(100.8125,-115.8875,0.));
#6912 = VERTEX_POINT('',#6913);
#6913 = CARTESIAN_POINT('',(100.8125,-115.8875,1.59));
#6914 = LINE('',#6915,#6916);
#6915 = CARTESIAN_POINT('',(100.8125,-115.8875,0.));
#6916 = VECTOR('',#6917,1.);
#6917 = DIRECTION('',(0.,0.,1.));
#6918 = ORIENTED_EDGE('',*,*,#6919,.T.);
#6919 = EDGE_CURVE('',#6912,#6912,#6920,.T.);
#6920 = CIRCLE('',#6921,0.8);
#6921 = AXIS2_PLACEMENT_3D('',#6922,#6923,#6924);
#6922 = CARTESIAN_POINT('',(100.0125,-115.8875,1.59));
#6923 = DIRECTION('',(0.,0.,1.));
#6924 = DIRECTION('',(1.,0.,-0.));
#6925 = ORIENTED_EDGE('',*,*,#6909,.F.);
#6926 = ORIENTED_EDGE('',*,*,#6927,.F.);
#6927 = EDGE_CURVE('',#6910,#6910,#6928,.T.);
#6928 = CIRCLE('',#6929,0.8);
#6929 = AXIS2_PLACEMENT_3D('',#6930,#6931,#6932);
#6930 = CARTESIAN_POINT('',(100.0125,-115.8875,0.));
#6931 = DIRECTION('',(0.,0.,1.));
#6932 = DIRECTION('',(1.,0.,-0.));
#6933 = CYLINDRICAL_SURFACE('',#6934,0.8);
#6934 = AXIS2_PLACEMENT_3D('',#6935,#6936,#6937);
#6935 = CARTESIAN_POINT('',(100.0125,-115.8875,0.));
#6936 = DIRECTION('',(-0.,-0.,-1.));
#6937 = DIRECTION('',(1.,0.,-0.));
#6938 = ADVANCED_FACE('',(#6939),#6966,.F.);
#6939 = FACE_BOUND('',#6940,.T.);
#6940 = EDGE_LOOP('',(#6941,#6951,#6958,#6959));
#6941 = ORIENTED_EDGE('',*,*,#6942,.T.);
#6942 = EDGE_CURVE('',#6943,#6945,#6947,.T.);
#6943 = VERTEX_POINT('',#6944);
#6944 = CARTESIAN_POINT('',(157.9625,-115.8875,0.));
#6945 = VERTEX_POINT('',#6946);
#6946 = CARTESIAN_POINT('',(157.9625,-115.8875,1.59));
#6947 = LINE('',#6948,#6949);
#6948 = CARTESIAN_POINT('',(157.9625,-115.8875,0.));
#6949 = VECTOR('',#6950,1.);
#6950 = DIRECTION('',(0.,0.,1.));
#6951 = ORIENTED_EDGE('',*,*,#6952,.T.);
#6952 = EDGE_CURVE('',#6945,#6945,#6953,.T.);
#6953 = CIRCLE('',#6954,0.8);
#6954 = AXIS2_PLACEMENT_3D('',#6955,#6956,#6957);
#6955 = CARTESIAN_POINT('',(157.1625,-115.8875,1.59));
#6956 = DIRECTION('',(0.,0.,1.));
#6957 = DIRECTION('',(1.,0.,-0.));
#6958 = ORIENTED_EDGE('',*,*,#6942,.F.);
#6959 = ORIENTED_EDGE('',*,*,#6960,.F.);
#6960 = EDGE_CURVE('',#6943,#6943,#6961,.T.);
#6961 = CIRCLE('',#6962,0.8);
#6962 = AXIS2_PLACEMENT_3D('',#6963,#6964,#6965);
#6963 = CARTESIAN_POINT('',(157.1625,-115.8875,0.));
#6964 = DIRECTION('',(0.,0.,1.));
#6965 = DIRECTION('',(1.,0.,-0.));
#6966 = CYLINDRICAL_SURFACE('',#6967,0.8);
#6967 = AXIS2_PLACEMENT_3D('',#6968,#6969,#6970);
#6968 = CARTESIAN_POINT('',(157.1625,-115.8875,0.));
#6969 = DIRECTION('',(-0.,-0.,-1.));
#6970 = DIRECTION('',(1.,0.,-0.));
#6971 = ADVANCED_FACE('',(#6972),#6999,.F.);
#6972 = FACE_BOUND('',#6973,.T.);
#6973 = EDGE_LOOP('',(#6974,#6984,#6991,#6992));
#6974 = ORIENTED_EDGE('',*,*,#6975,.T.);
#6975 = EDGE_CURVE('',#6976,#6978,#6980,.T.);
#6976 = VERTEX_POINT('',#6977);
#6977 = CARTESIAN_POINT('',(215.1125,-115.8875,0.));
#6978 = VERTEX_POINT('',#6979);
#6979 = CARTESIAN_POINT('',(215.1125,-115.8875,1.59));
#6980 = LINE('',#6981,#6982);
#6981 = CARTESIAN_POINT('',(215.1125,-115.8875,0.));
#6982 = VECTOR('',#6983,1.);
#6983 = DIRECTION('',(0.,0.,1.));
#6984 = ORIENTED_EDGE('',*,*,#6985,.T.);
#6985 = EDGE_CURVE('',#6978,#6978,#6986,.T.);
#6986 = CIRCLE('',#6987,0.8);
#6987 = AXIS2_PLACEMENT_3D('',#6988,#6989,#6990);
#6988 = CARTESIAN_POINT('',(214.3125,-115.8875,1.59));
#6989 = DIRECTION('',(0.,0.,1.));
#6990 = DIRECTION('',(1.,0.,-0.));
#6991 = ORIENTED_EDGE('',*,*,#6975,.F.);
#6992 = ORIENTED_EDGE('',*,*,#6993,.F.);
#6993 = EDGE_CURVE('',#6976,#6976,#6994,.T.);
#6994 = CIRCLE('',#6995,0.8);
#6995 = AXIS2_PLACEMENT_3D('',#6996,#6997,#6998);
#6996 = CARTESIAN_POINT('',(214.3125,-115.8875,0.));
#6997 = DIRECTION('',(0.,0.,1.));
#6998 = DIRECTION('',(1.,0.,-0.));
#6999 = CYLINDRICAL_SURFACE('',#7000,0.8);
#7000 = AXIS2_PLACEMENT_3D('',#7001,#7002,#7003);
#7001 = CARTESIAN_POINT('',(214.3125,-115.8875,0.));
#7002 = DIRECTION('',(-0.,-0.,-1.));
#7003 = DIRECTION('',(1.,0.,-0.));
#7004 = ADVANCED_FACE('',(#7005),#7032,.F.);
#7005 = FACE_BOUND('',#7006,.T.);
#7006 = EDGE_LOOP('',(#7007,#7017,#7024,#7025));
#7007 = ORIENTED_EDGE('',*,*,#7008,.T.);
#7008 = EDGE_CURVE('',#7009,#7011,#7013,.T.);
#7009 = VERTEX_POINT('',#7010);
#7010 = CARTESIAN_POINT('',(253.2125,-115.8875,0.));
#7011 = VERTEX_POINT('',#7012);
#7012 = CARTESIAN_POINT('',(253.2125,-115.8875,1.59));
#7013 = LINE('',#7014,#7015);
#7014 = CARTESIAN_POINT('',(253.2125,-115.8875,0.));
#7015 = VECTOR('',#7016,1.);
#7016 = DIRECTION('',(0.,0.,1.));
#7017 = ORIENTED_EDGE('',*,*,#7018,.T.);
#7018 = EDGE_CURVE('',#7011,#7011,#7019,.T.);
#7019 = CIRCLE('',#7020,0.8);
#7020 = AXIS2_PLACEMENT_3D('',#7021,#7022,#7023);
#7021 = CARTESIAN_POINT('',(252.4125,-115.8875,1.59));
#7022 = DIRECTION('',(0.,0.,1.));
#7023 = DIRECTION('',(1.,0.,-0.));
#7024 = ORIENTED_EDGE('',*,*,#7008,.F.);
#7025 = ORIENTED_EDGE('',*,*,#7026,.F.);
#7026 = EDGE_CURVE('',#7009,#7009,#7027,.T.);
#7027 = CIRCLE('',#7028,0.8);
#7028 = AXIS2_PLACEMENT_3D('',#7029,#7030,#7031);
#7029 = CARTESIAN_POINT('',(252.4125,-115.8875,0.));
#7030 = DIRECTION('',(0.,0.,1.));
#7031 = DIRECTION('',(1.,0.,-0.));
#7032 = CYLINDRICAL_SURFACE('',#7033,0.8);
#7033 = AXIS2_PLACEMENT_3D('',#7034,#7035,#7036);
#7034 = CARTESIAN_POINT('',(252.4125,-115.8875,0.));
#7035 = DIRECTION('',(-0.,-0.,-1.));
#7036 = DIRECTION('',(1.,0.,-0.));
#7037 = ADVANCED_FACE('',(#7038),#7072,.T.);
#7038 = FACE_BOUND('',#7039,.T.);
#7039 = EDGE_LOOP('',(#7040,#7050,#7058,#7066));
#7040 = ORIENTED_EDGE('',*,*,#7041,.T.);
#7041 = EDGE_CURVE('',#7042,#7044,#7046,.T.);
#7042 = VERTEX_POINT('',#7043);
#7043 = CARTESIAN_POINT('',(33.18125,-90.8375,0.));
#7044 = VERTEX_POINT('',#7045);
#7045 = CARTESIAN_POINT('',(33.18125,-90.8375,1.59));
#7046 = LINE('',#7047,#7048);
#7047 = CARTESIAN_POINT('',(33.18125,-90.8375,0.));
#7048 = VECTOR('',#7049,1.);
#7049 = DIRECTION('',(0.,0.,1.));
#7050 = ORIENTED_EDGE('',*,*,#7051,.T.);
#7051 = EDGE_CURVE('',#7044,#7052,#7054,.T.);
#7052 = VERTEX_POINT('',#7053);
#7053 = CARTESIAN_POINT('',(33.18125,-102.8375,1.59));
#7054 = LINE('',#7055,#7056);
#7055 = CARTESIAN_POINT('',(33.18125,-90.8375,1.59));
#7056 = VECTOR('',#7057,1.);
#7057 = DIRECTION('',(0.,-1.,0.));
#7058 = ORIENTED_EDGE('',*,*,#7059,.F.);
#7059 = EDGE_CURVE('',#7060,#7052,#7062,.T.);
#7060 = VERTEX_POINT('',#7061);
#7061 = CARTESIAN_POINT('',(33.18125,-102.8375,0.));
#7062 = LINE('',#7063,#7064);
#7063 = CARTESIAN_POINT('',(33.18125,-102.8375,0.));
#7064 = VECTOR('',#7065,1.);
#7065 = DIRECTION('',(0.,0.,1.));
#7066 = ORIENTED_EDGE('',*,*,#7067,.F.);
#7067 = EDGE_CURVE('',#7042,#7060,#7068,.T.);
#7068 = LINE('',#7069,#7070);
#7069 = CARTESIAN_POINT('',(33.18125,-90.8375,0.));
#7070 = VECTOR('',#7071,1.);
#7071 = DIRECTION('',(0.,-1.,0.));
#7072 = PLANE('',#7073);
#7073 = AXIS2_PLACEMENT_3D('',#7074,#7075,#7076);
#7074 = CARTESIAN_POINT('',(33.18125,-90.8375,0.));
#7075 = DIRECTION('',(1.,0.,-0.));
#7076 = DIRECTION('',(0.,-1.,0.));
#7077 = ADVANCED_FACE('',(#7078),#7103,.T.);
#7078 = FACE_BOUND('',#7079,.T.);
#7079 = EDGE_LOOP('',(#7080,#7081,#7089,#7097));
#7080 = ORIENTED_EDGE('',*,*,#7059,.T.);
#7081 = ORIENTED_EDGE('',*,*,#7082,.T.);
#7082 = EDGE_CURVE('',#7052,#7083,#7085,.T.);
#7083 = VERTEX_POINT('',#7084);
#7084 = CARTESIAN_POINT('',(34.18125,-103.8375,1.59));
#7085 = LINE('',#7086,#7087);
#7086 = CARTESIAN_POINT('',(33.18125,-102.8375,1.59));
#7087 = VECTOR('',#7088,1.);
#7088 = DIRECTION('',(0.707106781187,-0.707106781187,0.));
#7089 = ORIENTED_EDGE('',*,*,#7090,.F.);
#7090 = EDGE_CURVE('',#7091,#7083,#7093,.T.);
#7091 = VERTEX_POINT('',#7092);
#7092 = CARTESIAN_POINT('',(34.18125,-103.8375,0.));
#7093 = LINE('',#7094,#7095);
#7094 = CARTESIAN_POINT('',(34.18125,-103.8375,0.));
#7095 = VECTOR('',#7096,1.);
#7096 = DIRECTION('',(0.,0.,1.));
#7097 = ORIENTED_EDGE('',*,*,#7098,.F.);
#7098 = EDGE_CURVE('',#7060,#7091,#7099,.T.);
#7099 = LINE('',#7100,#7101);
#7100 = CARTESIAN_POINT('',(33.18125,-102.8375,0.));
#7101 = VECTOR('',#7102,1.);
#7102 = DIRECTION('',(0.707106781187,-0.707106781187,0.));
#7103 = PLANE('',#7104);
#7104 = AXIS2_PLACEMENT_3D('',#7105,#7106,#7107);
#7105 = CARTESIAN_POINT('',(33.18125,-102.8375,0.));
#7106 = DIRECTION('',(0.707106781187,0.707106781187,-0.));
#7107 = DIRECTION('',(0.707106781187,-0.707106781187,0.));
#7108 = ADVANCED_FACE('',(#7109),#7134,.T.);
#7109 = FACE_BOUND('',#7110,.T.);
#7110 = EDGE_LOOP('',(#7111,#7112,#7120,#7128));
#7111 = ORIENTED_EDGE('',*,*,#7090,.T.);
#7112 = ORIENTED_EDGE('',*,*,#7113,.T.);
#7113 = EDGE_CURVE('',#7083,#7114,#7116,.T.);
#7114 = VERTEX_POINT('',#7115);
#7115 = CARTESIAN_POINT('',(46.78125,-103.8375,1.59));
#7116 = LINE('',#7117,#7118);
#7117 = CARTESIAN_POINT('',(34.18125,-103.8375,1.59));
#7118 = VECTOR('',#7119,1.);
#7119 = DIRECTION('',(1.,0.,0.));
#7120 = ORIENTED_EDGE('',*,*,#7121,.F.);
#7121 = EDGE_CURVE('',#7122,#7114,#7124,.T.);
#7122 = VERTEX_POINT('',#7123);
#7123 = CARTESIAN_POINT('',(46.78125,-103.8375,0.));
#7124 = LINE('',#7125,#7126);
#7125 = CARTESIAN_POINT('',(46.78125,-103.8375,0.));
#7126 = VECTOR('',#7127,1.);
#7127 = DIRECTION('',(0.,0.,1.));
#7128 = ORIENTED_EDGE('',*,*,#7129,.F.);
#7129 = EDGE_CURVE('',#7091,#7122,#7130,.T.);
#7130 = LINE('',#7131,#7132);
#7131 = CARTESIAN_POINT('',(34.18125,-103.8375,0.));
#7132 = VECTOR('',#7133,1.);
#7133 = DIRECTION('',(1.,0.,0.));
#7134 = PLANE('',#7135);
#7135 = AXIS2_PLACEMENT_3D('',#7136,#7137,#7138);
#7136 = CARTESIAN_POINT('',(34.18125,-103.8375,0.));
#7137 = DIRECTION('',(0.,1.,0.));
#7138 = DIRECTION('',(1.,0.,0.));
#7139 = ADVANCED_FACE('',(#7140),#7165,.T.);
#7140 = FACE_BOUND('',#7141,.T.);
#7141 = EDGE_LOOP('',(#7142,#7143,#7151,#7159));
#7142 = ORIENTED_EDGE('',*,*,#7121,.T.);
#7143 = ORIENTED_EDGE('',*,*,#7144,.T.);
#7144 = EDGE_CURVE('',#7114,#7145,#7147,.T.);
#7145 = VERTEX_POINT('',#7146);
#7146 = CARTESIAN_POINT('',(47.78125,-102.8375,1.59));
#7147 = LINE('',#7148,#7149);
#7148 = CARTESIAN_POINT('',(46.78125,-103.8375,1.59));
#7149 = VECTOR('',#7150,1.);
#7150 = DIRECTION('',(0.707106781187,0.707106781187,0.));
#7151 = ORIENTED_EDGE('',*,*,#7152,.F.);
#7152 = EDGE_CURVE('',#7153,#7145,#7155,.T.);
#7153 = VERTEX_POINT('',#7154);
#7154 = CARTESIAN_POINT('',(47.78125,-102.8375,0.));
#7155 = LINE('',#7156,#7157);
#7156 = CARTESIAN_POINT('',(47.78125,-102.8375,0.));
#7157 = VECTOR('',#7158,1.);
#7158 = DIRECTION('',(0.,0.,1.));
#7159 = ORIENTED_EDGE('',*,*,#7160,.F.);
#7160 = EDGE_CURVE('',#7122,#7153,#7161,.T.);
#7161 = LINE('',#7162,#7163);
#7162 = CARTESIAN_POINT('',(46.78125,-103.8375,0.));
#7163 = VECTOR('',#7164,1.);
#7164 = DIRECTION('',(0.707106781187,0.707106781187,0.));
#7165 = PLANE('',#7166);
#7166 = AXIS2_PLACEMENT_3D('',#7167,#7168,#7169);
#7167 = CARTESIAN_POINT('',(46.78125,-103.8375,0.));
#7168 = DIRECTION('',(-0.707106781187,0.707106781187,0.));
#7169 = DIRECTION('',(0.707106781187,0.707106781187,0.));
#7170 = ADVANCED_FACE('',(#7171),#7196,.T.);
#7171 = FACE_BOUND('',#7172,.T.);
#7172 = EDGE_LOOP('',(#7173,#7174,#7182,#7190));
#7173 = ORIENTED_EDGE('',*,*,#7152,.T.);
#7174 = ORIENTED_EDGE('',*,*,#7175,.T.);
#7175 = EDGE_CURVE('',#7145,#7176,#7178,.T.);
#7176 = VERTEX_POINT('',#7177);
#7177 = CARTESIAN_POINT('',(47.78125,-90.8375,1.59));
#7178 = LINE('',#7179,#7180);
#7179 = CARTESIAN_POINT('',(47.78125,-102.8375,1.59));
#7180 = VECTOR('',#7181,1.);
#7181 = DIRECTION('',(0.,1.,0.));
#7182 = ORIENTED_EDGE('',*,*,#7183,.F.);
#7183 = EDGE_CURVE('',#7184,#7176,#7186,.T.);
#7184 = VERTEX_POINT('',#7185);
#7185 = CARTESIAN_POINT('',(47.78125,-90.8375,0.));
#7186 = LINE('',#7187,#7188);
#7187 = CARTESIAN_POINT('',(47.78125,-90.8375,0.));
#7188 = VECTOR('',#7189,1.);
#7189 = DIRECTION('',(0.,0.,1.));
#7190 = ORIENTED_EDGE('',*,*,#7191,.F.);
#7191 = EDGE_CURVE('',#7153,#7184,#7192,.T.);
#7192 = LINE('',#7193,#7194);
#7193 = CARTESIAN_POINT('',(47.78125,-102.8375,0.));
#7194 = VECTOR('',#7195,1.);
#7195 = DIRECTION('',(0.,1.,0.));
#7196 = PLANE('',#7197);
#7197 = AXIS2_PLACEMENT_3D('',#7198,#7199,#7200);
#7198 = CARTESIAN_POINT('',(47.78125,-102.8375,0.));
#7199 = DIRECTION('',(-1.,0.,0.));
#7200 = DIRECTION('',(0.,1.,0.));
#7201 = ADVANCED_FACE('',(#7202),#7227,.T.);
#7202 = FACE_BOUND('',#7203,.T.);
#7203 = EDGE_LOOP('',(#7204,#7205,#7213,#7221));
#7204 = ORIENTED_EDGE('',*,*,#7183,.T.);
#7205 = ORIENTED_EDGE('',*,*,#7206,.T.);
#7206 = EDGE_CURVE('',#7176,#7207,#7209,.T.);
#7207 = VERTEX_POINT('',#7208);
#7208 = CARTESIAN_POINT('',(46.78125,-89.8375,1.59));
#7209 = LINE('',#7210,#7211);
#7210 = CARTESIAN_POINT('',(47.78125,-90.8375,1.59));
#7211 = VECTOR('',#7212,1.);
#7212 = DIRECTION('',(-0.707106781187,0.707106781187,0.));
#7213 = ORIENTED_EDGE('',*,*,#7214,.F.);
#7214 = EDGE_CURVE('',#7215,#7207,#7217,.T.);
#7215 = VERTEX_POINT('',#7216);
#7216 = CARTESIAN_POINT('',(46.78125,-89.8375,0.));
#7217 = LINE('',#7218,#7219);
#7218 = CARTESIAN_POINT('',(46.78125,-89.8375,0.));
#7219 = VECTOR('',#7220,1.);
#7220 = DIRECTION('',(0.,0.,1.));
#7221 = ORIENTED_EDGE('',*,*,#7222,.F.);
#7222 = EDGE_CURVE('',#7184,#7215,#7223,.T.);
#7223 = LINE('',#7224,#7225);
#7224 = CARTESIAN_POINT('',(47.78125,-90.8375,0.));
#7225 = VECTOR('',#7226,1.);
#7226 = DIRECTION('',(-0.707106781187,0.707106781187,0.));
#7227 = PLANE('',#7228);
#7228 = AXIS2_PLACEMENT_3D('',#7229,#7230,#7231);
#7229 = CARTESIAN_POINT('',(47.78125,-90.8375,0.));
#7230 = DIRECTION('',(-0.707106781187,-0.707106781187,0.));
#7231 = DIRECTION('',(-0.707106781187,0.707106781187,0.));
#7232 = ADVANCED_FACE('',(#7233),#7258,.T.);
#7233 = FACE_BOUND('',#7234,.T.);
#7234 = EDGE_LOOP('',(#7235,#7236,#7244,#7252));
#7235 = ORIENTED_EDGE('',*,*,#7214,.T.);
#7236 = ORIENTED_EDGE('',*,*,#7237,.T.);
#7237 = EDGE_CURVE('',#7207,#7238,#7240,.T.);
#7238 = VERTEX_POINT('',#7239);
#7239 = CARTESIAN_POINT('',(34.18125,-89.8375,1.59));
#7240 = LINE('',#7241,#7242);
#7241 = CARTESIAN_POINT('',(46.78125,-89.8375,1.59));
#7242 = VECTOR('',#7243,1.);
#7243 = DIRECTION('',(-1.,0.,0.));
#7244 = ORIENTED_EDGE('',*,*,#7245,.F.);
#7245 = EDGE_CURVE('',#7246,#7238,#7248,.T.);
#7246 = VERTEX_POINT('',#7247);
#7247 = CARTESIAN_POINT('',(34.18125,-89.8375,0.));
#7248 = LINE('',#7249,#7250);
#7249 = CARTESIAN_POINT('',(34.18125,-89.8375,0.));
#7250 = VECTOR('',#7251,1.);
#7251 = DIRECTION('',(0.,0.,1.));
#7252 = ORIENTED_EDGE('',*,*,#7253,.F.);
#7253 = EDGE_CURVE('',#7215,#7246,#7254,.T.);
#7254 = LINE('',#7255,#7256);
#7255 = CARTESIAN_POINT('',(46.78125,-89.8375,0.));
#7256 = VECTOR('',#7257,1.);
#7257 = DIRECTION('',(-1.,0.,0.));
#7258 = PLANE('',#7259);
#7259 = AXIS2_PLACEMENT_3D('',#7260,#7261,#7262);
#7260 = CARTESIAN_POINT('',(46.78125,-89.8375,0.));
#7261 = DIRECTION('',(0.,-1.,0.));
#7262 = DIRECTION('',(-1.,0.,0.));
#7263 = ADVANCED_FACE('',(#7264),#7280,.T.);
#7264 = FACE_BOUND('',#7265,.T.);
#7265 = EDGE_LOOP('',(#7266,#7267,#7273,#7274));
#7266 = ORIENTED_EDGE('',*,*,#7245,.T.);
#7267 = ORIENTED_EDGE('',*,*,#7268,.T.);
#7268 = EDGE_CURVE('',#7238,#7044,#7269,.T.);
#7269 = LINE('',#7270,#7271);
#7270 = CARTESIAN_POINT('',(34.18125,-89.8375,1.59));
#7271 = VECTOR('',#7272,1.);
#7272 = DIRECTION('',(-0.707106781187,-0.707106781187,0.));
#7273 = ORIENTED_EDGE('',*,*,#7041,.F.);
#7274 = ORIENTED_EDGE('',*,*,#7275,.F.);
#7275 = EDGE_CURVE('',#7246,#7042,#7276,.T.);
#7276 = LINE('',#7277,#7278);
#7277 = CARTESIAN_POINT('',(34.18125,-89.8375,0.));
#7278 = VECTOR('',#7279,1.);
#7279 = DIRECTION('',(-0.707106781187,-0.707106781187,0.));
#7280 = PLANE('',#7281);
#7281 = AXIS2_PLACEMENT_3D('',#7282,#7283,#7284);
#7282 = CARTESIAN_POINT('',(34.18125,-89.8375,0.));
#7283 = DIRECTION('',(0.707106781187,-0.707106781187,0.));
#7284 = DIRECTION('',(-0.707106781187,-0.707106781187,0.));
#7285 = ADVANCED_FACE('',(#7286),#7320,.T.);
#7286 = FACE_BOUND('',#7287,.T.);
#7287 = EDGE_LOOP('',(#7288,#7298,#7306,#7314));
#7288 = ORIENTED_EDGE('',*,*,#7289,.T.);
#7289 = EDGE_CURVE('',#7290,#7292,#7294,.T.);
#7290 = VERTEX_POINT('',#7291);
#7291 = CARTESIAN_POINT('',(54.6125,-90.8375,0.));
#7292 = VERTEX_POINT('',#7293);
#7293 = CARTESIAN_POINT('',(54.6125,-90.8375,1.59));
#7294 = LINE('',#7295,#7296);
#7295 = CARTESIAN_POINT('',(54.6125,-90.8375,0.));
#7296 = VECTOR('',#7297,1.);
#7297 = DIRECTION('',(0.,0.,1.));
#7298 = ORIENTED_EDGE('',*,*,#7299,.T.);
#7299 = EDGE_CURVE('',#7292,#7300,#7302,.T.);
#7300 = VERTEX_POINT('',#7301);
#7301 = CARTESIAN_POINT('',(54.6125,-102.8375,1.59));
#7302 = LINE('',#7303,#7304);
#7303 = CARTESIAN_POINT('',(54.6125,-90.8375,1.59));
#7304 = VECTOR('',#7305,1.);
#7305 = DIRECTION('',(0.,-1.,0.));
#7306 = ORIENTED_EDGE('',*,*,#7307,.F.);
#7307 = EDGE_CURVE('',#7308,#7300,#7310,.T.);
#7308 = VERTEX_POINT('',#7309);
#7309 = CARTESIAN_POINT('',(54.6125,-102.8375,0.));
#7310 = LINE('',#7311,#7312);
#7311 = CARTESIAN_POINT('',(54.6125,-102.8375,0.));
#7312 = VECTOR('',#7313,1.);
#7313 = DIRECTION('',(0.,0.,1.));
#7314 = ORIENTED_EDGE('',*,*,#7315,.F.);
#7315 = EDGE_CURVE('',#7290,#7308,#7316,.T.);
#7316 = LINE('',#7317,#7318);
#7317 = CARTESIAN_POINT('',(54.6125,-90.8375,0.));
#7318 = VECTOR('',#7319,1.);
#7319 = DIRECTION('',(0.,-1.,0.));
#7320 = PLANE('',#7321);
#7321 = AXIS2_PLACEMENT_3D('',#7322,#7323,#7324);
#7322 = CARTESIAN_POINT('',(54.6125,-90.8375,0.));
#7323 = DIRECTION('',(1.,0.,-0.));
#7324 = DIRECTION('',(0.,-1.,0.));
#7325 = ADVANCED_FACE('',(#7326),#7351,.T.);
#7326 = FACE_BOUND('',#7327,.T.);
#7327 = EDGE_LOOP('',(#7328,#7329,#7337,#7345));
#7328 = ORIENTED_EDGE('',*,*,#7307,.T.);
#7329 = ORIENTED_EDGE('',*,*,#7330,.T.);
#7330 = EDGE_CURVE('',#7300,#7331,#7333,.T.);
#7331 = VERTEX_POINT('',#7332);
#7332 = CARTESIAN_POINT('',(55.6125,-103.8375,1.59));
#7333 = LINE('',#7334,#7335);
#7334 = CARTESIAN_POINT('',(54.6125,-102.8375,1.59));
#7335 = VECTOR('',#7336,1.);
#7336 = DIRECTION('',(0.707106781187,-0.707106781187,0.));
#7337 = ORIENTED_EDGE('',*,*,#7338,.F.);
#7338 = EDGE_CURVE('',#7339,#7331,#7341,.T.);
#7339 = VERTEX_POINT('',#7340);
#7340 = CARTESIAN_POINT('',(55.6125,-103.8375,0.));
#7341 = LINE('',#7342,#7343);
#7342 = CARTESIAN_POINT('',(55.6125,-103.8375,0.));
#7343 = VECTOR('',#7344,1.);
#7344 = DIRECTION('',(0.,0.,1.));
#7345 = ORIENTED_EDGE('',*,*,#7346,.F.);
#7346 = EDGE_CURVE('',#7308,#7339,#7347,.T.);
#7347 = LINE('',#7348,#7349);
#7348 = CARTESIAN_POINT('',(54.6125,-102.8375,0.));
#7349 = VECTOR('',#7350,1.);
#7350 = DIRECTION('',(0.707106781187,-0.707106781187,0.));
#7351 = PLANE('',#7352);
#7352 = AXIS2_PLACEMENT_3D('',#7353,#7354,#7355);
#7353 = CARTESIAN_POINT('',(54.6125,-102.8375,0.));
#7354 = DIRECTION('',(0.707106781187,0.707106781187,-0.));
#7355 = DIRECTION('',(0.707106781187,-0.707106781187,0.));
#7356 = ADVANCED_FACE('',(#7357),#7382,.T.);
#7357 = FACE_BOUND('',#7358,.T.);
#7358 = EDGE_LOOP('',(#7359,#7360,#7368,#7376));
#7359 = ORIENTED_EDGE('',*,*,#7338,.T.);
#7360 = ORIENTED_EDGE('',*,*,#7361,.T.);
#7361 = EDGE_CURVE('',#7331,#7362,#7364,.T.);
#7362 = VERTEX_POINT('',#7363);
#7363 = CARTESIAN_POINT('',(68.2125,-103.8375,1.59));
#7364 = LINE('',#7365,#7366);
#7365 = CARTESIAN_POINT('',(55.6125,-103.8375,1.59));
#7366 = VECTOR('',#7367,1.);
#7367 = DIRECTION('',(1.,0.,0.));
#7368 = ORIENTED_EDGE('',*,*,#7369,.F.);
#7369 = EDGE_CURVE('',#7370,#7362,#7372,.T.);
#7370 = VERTEX_POINT('',#7371);
#7371 = CARTESIAN_POINT('',(68.2125,-103.8375,0.));
#7372 = LINE('',#7373,#7374);
#7373 = CARTESIAN_POINT('',(68.2125,-103.8375,0.));
#7374 = VECTOR('',#7375,1.);
#7375 = DIRECTION('',(0.,0.,1.));
#7376 = ORIENTED_EDGE('',*,*,#7377,.F.);
#7377 = EDGE_CURVE('',#7339,#7370,#7378,.T.);
#7378 = LINE('',#7379,#7380);
#7379 = CARTESIAN_POINT('',(55.6125,-103.8375,0.));
#7380 = VECTOR('',#7381,1.);
#7381 = DIRECTION('',(1.,0.,0.));
#7382 = PLANE('',#7383);
#7383 = AXIS2_PLACEMENT_3D('',#7384,#7385,#7386);
#7384 = CARTESIAN_POINT('',(55.6125,-103.8375,0.));
#7385 = DIRECTION('',(0.,1.,0.));
#7386 = DIRECTION('',(1.,0.,0.));
#7387 = ADVANCED_FACE('',(#7388),#7413,.T.);
#7388 = FACE_BOUND('',#7389,.T.);
#7389 = EDGE_LOOP('',(#7390,#7391,#7399,#7407));
#7390 = ORIENTED_EDGE('',*,*,#7369,.T.);
#7391 = ORIENTED_EDGE('',*,*,#7392,.T.);
#7392 = EDGE_CURVE('',#7362,#7393,#7395,.T.);
#7393 = VERTEX_POINT('',#7394);
#7394 = CARTESIAN_POINT('',(69.2125,-102.8375,1.59));
#7395 = LINE('',#7396,#7397);
#7396 = CARTESIAN_POINT('',(68.2125,-103.8375,1.59));
#7397 = VECTOR('',#7398,1.);
#7398 = DIRECTION('',(0.707106781187,0.707106781187,0.));
#7399 = ORIENTED_EDGE('',*,*,#7400,.F.);
#7400 = EDGE_CURVE('',#7401,#7393,#7403,.T.);
#7401 = VERTEX_POINT('',#7402);
#7402 = CARTESIAN_POINT('',(69.2125,-102.8375,0.));
#7403 = LINE('',#7404,#7405);
#7404 = CARTESIAN_POINT('',(69.2125,-102.8375,0.));
#7405 = VECTOR('',#7406,1.);
#7406 = DIRECTION('',(0.,0.,1.));
#7407 = ORIENTED_EDGE('',*,*,#7408,.F.);
#7408 = EDGE_CURVE('',#7370,#7401,#7409,.T.);
#7409 = LINE('',#7410,#7411);
#7410 = CARTESIAN_POINT('',(68.2125,-103.8375,0.));
#7411 = VECTOR('',#7412,1.);
#7412 = DIRECTION('',(0.707106781187,0.707106781187,0.));
#7413 = PLANE('',#7414);
#7414 = AXIS2_PLACEMENT_3D('',#7415,#7416,#7417);
#7415 = CARTESIAN_POINT('',(68.2125,-103.8375,0.));
#7416 = DIRECTION('',(-0.707106781187,0.707106781187,0.));
#7417 = DIRECTION('',(0.707106781187,0.707106781187,0.));
#7418 = ADVANCED_FACE('',(#7419),#7444,.T.);
#7419 = FACE_BOUND('',#7420,.T.);
#7420 = EDGE_LOOP('',(#7421,#7422,#7430,#7438));
#7421 = ORIENTED_EDGE('',*,*,#7400,.T.);
#7422 = ORIENTED_EDGE('',*,*,#7423,.T.);
#7423 = EDGE_CURVE('',#7393,#7424,#7426,.T.);
#7424 = VERTEX_POINT('',#7425);
#7425 = CARTESIAN_POINT('',(69.2125,-90.8375,1.59));
#7426 = LINE('',#7427,#7428);
#7427 = CARTESIAN_POINT('',(69.2125,-102.8375,1.59));
#7428 = VECTOR('',#7429,1.);
#7429 = DIRECTION('',(0.,1.,0.));
#7430 = ORIENTED_EDGE('',*,*,#7431,.F.);
#7431 = EDGE_CURVE('',#7432,#7424,#7434,.T.);
#7432 = VERTEX_POINT('',#7433);
#7433 = CARTESIAN_POINT('',(69.2125,-90.8375,0.));
#7434 = LINE('',#7435,#7436);
#7435 = CARTESIAN_POINT('',(69.2125,-90.8375,0.));
#7436 = VECTOR('',#7437,1.);
#7437 = DIRECTION('',(0.,0.,1.));
#7438 = ORIENTED_EDGE('',*,*,#7439,.F.);
#7439 = EDGE_CURVE('',#7401,#7432,#7440,.T.);
#7440 = LINE('',#7441,#7442);
#7441 = CARTESIAN_POINT('',(69.2125,-102.8375,0.));
#7442 = VECTOR('',#7443,1.);
#7443 = DIRECTION('',(0.,1.,0.));
#7444 = PLANE('',#7445);
#7445 = AXIS2_PLACEMENT_3D('',#7446,#7447,#7448);
#7446 = CARTESIAN_POINT('',(69.2125,-102.8375,0.));
#7447 = DIRECTION('',(-1.,0.,0.));
#7448 = DIRECTION('',(0.,1.,0.));
#7449 = ADVANCED_FACE('',(#7450),#7475,.T.);
#7450 = FACE_BOUND('',#7451,.T.);
#7451 = EDGE_LOOP('',(#7452,#7453,#7461,#7469));
#7452 = ORIENTED_EDGE('',*,*,#7431,.T.);
#7453 = ORIENTED_EDGE('',*,*,#7454,.T.);
#7454 = EDGE_CURVE('',#7424,#7455,#7457,.T.);
#7455 = VERTEX_POINT('',#7456);
#7456 = CARTESIAN_POINT('',(68.2125,-89.8375,1.59));
#7457 = LINE('',#7458,#7459);
#7458 = CARTESIAN_POINT('',(69.2125,-90.8375,1.59));
#7459 = VECTOR('',#7460,1.);
#7460 = DIRECTION('',(-0.707106781187,0.707106781187,0.));
#7461 = ORIENTED_EDGE('',*,*,#7462,.F.);
#7462 = EDGE_CURVE('',#7463,#7455,#7465,.T.);
#7463 = VERTEX_POINT('',#7464);
#7464 = CARTESIAN_POINT('',(68.2125,-89.8375,0.));
#7465 = LINE('',#7466,#7467);
#7466 = CARTESIAN_POINT('',(68.2125,-89.8375,0.));
#7467 = VECTOR('',#7468,1.);
#7468 = DIRECTION('',(0.,0.,1.));
#7469 = ORIENTED_EDGE('',*,*,#7470,.F.);
#7470 = EDGE_CURVE('',#7432,#7463,#7471,.T.);
#7471 = LINE('',#7472,#7473);
#7472 = CARTESIAN_POINT('',(69.2125,-90.8375,0.));
#7473 = VECTOR('',#7474,1.);
#7474 = DIRECTION('',(-0.707106781187,0.707106781187,0.));
#7475 = PLANE('',#7476);
#7476 = AXIS2_PLACEMENT_3D('',#7477,#7478,#7479);
#7477 = CARTESIAN_POINT('',(69.2125,-90.8375,0.));
#7478 = DIRECTION('',(-0.707106781187,-0.707106781187,0.));
#7479 = DIRECTION('',(-0.707106781187,0.707106781187,0.));
#7480 = ADVANCED_FACE('',(#7481),#7506,.T.);
#7481 = FACE_BOUND('',#7482,.T.);
#7482 = EDGE_LOOP('',(#7483,#7484,#7492,#7500));
#7483 = ORIENTED_EDGE('',*,*,#7462,.T.);
#7484 = ORIENTED_EDGE('',*,*,#7485,.T.);
#7485 = EDGE_CURVE('',#7455,#7486,#7488,.T.);
#7486 = VERTEX_POINT('',#7487);
#7487 = CARTESIAN_POINT('',(55.6125,-89.8375,1.59));
#7488 = LINE('',#7489,#7490);
#7489 = CARTESIAN_POINT('',(68.2125,-89.8375,1.59));
#7490 = VECTOR('',#7491,1.);
#7491 = DIRECTION('',(-1.,0.,0.));
#7492 = ORIENTED_EDGE('',*,*,#7493,.F.);
#7493 = EDGE_CURVE('',#7494,#7486,#7496,.T.);
#7494 = VERTEX_POINT('',#7495);
#7495 = CARTESIAN_POINT('',(55.6125,-89.8375,0.));
#7496 = LINE('',#7497,#7498);
#7497 = CARTESIAN_POINT('',(55.6125,-89.8375,0.));
#7498 = VECTOR('',#7499,1.);
#7499 = DIRECTION('',(0.,0.,1.));
#7500 = ORIENTED_EDGE('',*,*,#7501,.F.);
#7501 = EDGE_CURVE('',#7463,#7494,#7502,.T.);
#7502 = LINE('',#7503,#7504);
#7503 = CARTESIAN_POINT('',(68.2125,-89.8375,0.));
#7504 = VECTOR('',#7505,1.);
#7505 = DIRECTION('',(-1.,0.,0.));
#7506 = PLANE('',#7507);
#7507 = AXIS2_PLACEMENT_3D('',#7508,#7509,#7510);
#7508 = CARTESIAN_POINT('',(68.2125,-89.8375,0.));
#7509 = DIRECTION('',(0.,-1.,0.));
#7510 = DIRECTION('',(-1.,0.,0.));
#7511 = ADVANCED_FACE('',(#7512),#7528,.T.);
#7512 = FACE_BOUND('',#7513,.T.);
#7513 = EDGE_LOOP('',(#7514,#7515,#7521,#7522));
#7514 = ORIENTED_EDGE('',*,*,#7493,.T.);
#7515 = ORIENTED_EDGE('',*,*,#7516,.T.);
#7516 = EDGE_CURVE('',#7486,#7292,#7517,.T.);
#7517 = LINE('',#7518,#7519);
#7518 = CARTESIAN_POINT('',(55.6125,-89.8375,1.59));
#7519 = VECTOR('',#7520,1.);
#7520 = DIRECTION('',(-0.707106781187,-0.707106781187,0.));
#7521 = ORIENTED_EDGE('',*,*,#7289,.F.);
#7522 = ORIENTED_EDGE('',*,*,#7523,.F.);
#7523 = EDGE_CURVE('',#7494,#7290,#7524,.T.);
#7524 = LINE('',#7525,#7526);
#7525 = CARTESIAN_POINT('',(55.6125,-89.8375,0.));
#7526 = VECTOR('',#7527,1.);
#7527 = DIRECTION('',(-0.707106781187,-0.707106781187,0.));
#7528 = PLANE('',#7529);
#7529 = AXIS2_PLACEMENT_3D('',#7530,#7531,#7532);
#7530 = CARTESIAN_POINT('',(55.6125,-89.8375,0.));
#7531 = DIRECTION('',(0.707106781187,-0.707106781187,0.));
#7532 = DIRECTION('',(-0.707106781187,-0.707106781187,0.));
#7533 = ADVANCED_FACE('',(#7534),#7568,.T.);
#7534 = FACE_BOUND('',#7535,.T.);
#7535 = EDGE_LOOP('',(#7536,#7546,#7554,#7562));
#7536 = ORIENTED_EDGE('',*,*,#7537,.T.);
#7537 = EDGE_CURVE('',#7538,#7540,#7542,.T.);
#7538 = VERTEX_POINT('',#7539);
#7539 = CARTESIAN_POINT('',(73.6625,-90.8375,0.));
#7540 = VERTEX_POINT('',#7541);
#7541 = CARTESIAN_POINT('',(73.6625,-90.8375,1.59));
#7542 = LINE('',#7543,#7544);
#7543 = CARTESIAN_POINT('',(73.6625,-90.8375,0.));
#7544 = VECTOR('',#7545,1.);
#7545 = DIRECTION('',(0.,0.,1.));
#7546 = ORIENTED_EDGE('',*,*,#7547,.T.);
#7547 = EDGE_CURVE('',#7540,#7548,#7550,.T.);
#7548 = VERTEX_POINT('',#7549);
#7549 = CARTESIAN_POINT('',(73.6625,-102.8375,1.59));
#7550 = LINE('',#7551,#7552);
#7551 = CARTESIAN_POINT('',(73.6625,-90.8375,1.59));
#7552 = VECTOR('',#7553,1.);
#7553 = DIRECTION('',(0.,-1.,0.));
#7554 = ORIENTED_EDGE('',*,*,#7555,.F.);
#7555 = EDGE_CURVE('',#7556,#7548,#7558,.T.);
#7556 = VERTEX_POINT('',#7557);
#7557 = CARTESIAN_POINT('',(73.6625,-102.8375,0.));
#7558 = LINE('',#7559,#7560);
#7559 = CARTESIAN_POINT('',(73.6625,-102.8375,0.));
#7560 = VECTOR('',#7561,1.);
#7561 = DIRECTION('',(0.,0.,1.));
#7562 = ORIENTED_EDGE('',*,*,#7563,.F.);
#7563 = EDGE_CURVE('',#7538,#7556,#7564,.T.);
#7564 = LINE('',#7565,#7566);
#7565 = CARTESIAN_POINT('',(73.6625,-90.8375,0.));
#7566 = VECTOR('',#7567,1.);
#7567 = DIRECTION('',(0.,-1.,0.));
#7568 = PLANE('',#7569);
#7569 = AXIS2_PLACEMENT_3D('',#7570,#7571,#7572);
#7570 = CARTESIAN_POINT('',(73.6625,-90.8375,0.));
#7571 = DIRECTION('',(1.,0.,-0.));
#7572 = DIRECTION('',(0.,-1.,0.));
#7573 = ADVANCED_FACE('',(#7574),#7599,.T.);
#7574 = FACE_BOUND('',#7575,.T.);
#7575 = EDGE_LOOP('',(#7576,#7577,#7585,#7593));
#7576 = ORIENTED_EDGE('',*,*,#7555,.T.);
#7577 = ORIENTED_EDGE('',*,*,#7578,.T.);
#7578 = EDGE_CURVE('',#7548,#7579,#7581,.T.);
#7579 = VERTEX_POINT('',#7580);
#7580 = CARTESIAN_POINT('',(74.6625,-103.8375,1.59));
#7581 = LINE('',#7582,#7583);
#7582 = CARTESIAN_POINT('',(73.6625,-102.8375,1.59));
#7583 = VECTOR('',#7584,1.);
#7584 = DIRECTION('',(0.707106781187,-0.707106781187,0.));
#7585 = ORIENTED_EDGE('',*,*,#7586,.F.);
#7586 = EDGE_CURVE('',#7587,#7579,#7589,.T.);
#7587 = VERTEX_POINT('',#7588);
#7588 = CARTESIAN_POINT('',(74.6625,-103.8375,0.));
#7589 = LINE('',#7590,#7591);
#7590 = CARTESIAN_POINT('',(74.6625,-103.8375,0.));
#7591 = VECTOR('',#7592,1.);
#7592 = DIRECTION('',(0.,0.,1.));
#7593 = ORIENTED_EDGE('',*,*,#7594,.F.);
#7594 = EDGE_CURVE('',#7556,#7587,#7595,.T.);
#7595 = LINE('',#7596,#7597);
#7596 = CARTESIAN_POINT('',(73.6625,-102.8375,0.));
#7597 = VECTOR('',#7598,1.);
#7598 = DIRECTION('',(0.707106781187,-0.707106781187,0.));
#7599 = PLANE('',#7600);
#7600 = AXIS2_PLACEMENT_3D('',#7601,#7602,#7603);
#7601 = CARTESIAN_POINT('',(73.6625,-102.8375,0.));
#7602 = DIRECTION('',(0.707106781187,0.707106781187,-0.));
#7603 = DIRECTION('',(0.707106781187,-0.707106781187,0.));
#7604 = ADVANCED_FACE('',(#7605),#7630,.T.);
#7605 = FACE_BOUND('',#7606,.T.);
#7606 = EDGE_LOOP('',(#7607,#7608,#7616,#7624));
#7607 = ORIENTED_EDGE('',*,*,#7586,.T.);
#7608 = ORIENTED_EDGE('',*,*,#7609,.T.);
#7609 = EDGE_CURVE('',#7579,#7610,#7612,.T.);
#7610 = VERTEX_POINT('',#7611);
#7611 = CARTESIAN_POINT('',(87.2625,-103.8375,1.59));
#7612 = LINE('',#7613,#7614);
#7613 = CARTESIAN_POINT('',(74.6625,-103.8375,1.59));
#7614 = VECTOR('',#7615,1.);
#7615 = DIRECTION('',(1.,0.,0.));
#7616 = ORIENTED_EDGE('',*,*,#7617,.F.);
#7617 = EDGE_CURVE('',#7618,#7610,#7620,.T.);
#7618 = VERTEX_POINT('',#7619);
#7619 = CARTESIAN_POINT('',(87.2625,-103.8375,0.));
#7620 = LINE('',#7621,#7622);
#7621 = CARTESIAN_POINT('',(87.2625,-103.8375,0.));
#7622 = VECTOR('',#7623,1.);
#7623 = DIRECTION('',(0.,0.,1.));
#7624 = ORIENTED_EDGE('',*,*,#7625,.F.);
#7625 = EDGE_CURVE('',#7587,#7618,#7626,.T.);
#7626 = LINE('',#7627,#7628);
#7627 = CARTESIAN_POINT('',(74.6625,-103.8375,0.));
#7628 = VECTOR('',#7629,1.);
#7629 = DIRECTION('',(1.,0.,0.));
#7630 = PLANE('',#7631);
#7631 = AXIS2_PLACEMENT_3D('',#7632,#7633,#7634);
#7632 = CARTESIAN_POINT('',(74.6625,-103.8375,0.));
#7633 = DIRECTION('',(0.,1.,0.));
#7634 = DIRECTION('',(1.,0.,0.));
#7635 = ADVANCED_FACE('',(#7636),#7661,.T.);
#7636 = FACE_BOUND('',#7637,.T.);
#7637 = EDGE_LOOP('',(#7638,#7639,#7647,#7655));
#7638 = ORIENTED_EDGE('',*,*,#7617,.T.);
#7639 = ORIENTED_EDGE('',*,*,#7640,.T.);
#7640 = EDGE_CURVE('',#7610,#7641,#7643,.T.);
#7641 = VERTEX_POINT('',#7642);
#7642 = CARTESIAN_POINT('',(88.2625,-102.8375,1.59));
#7643 = LINE('',#7644,#7645);
#7644 = CARTESIAN_POINT('',(87.2625,-103.8375,1.59));
#7645 = VECTOR('',#7646,1.);
#7646 = DIRECTION('',(0.707106781187,0.707106781187,0.));
#7647 = ORIENTED_EDGE('',*,*,#7648,.F.);
#7648 = EDGE_CURVE('',#7649,#7641,#7651,.T.);
#7649 = VERTEX_POINT('',#7650);
#7650 = CARTESIAN_POINT('',(88.2625,-102.8375,0.));
#7651 = LINE('',#7652,#7653);
#7652 = CARTESIAN_POINT('',(88.2625,-102.8375,0.));
#7653 = VECTOR('',#7654,1.);
#7654 = DIRECTION('',(0.,0.,1.));
#7655 = ORIENTED_EDGE('',*,*,#7656,.F.);
#7656 = EDGE_CURVE('',#7618,#7649,#7657,.T.);
#7657 = LINE('',#7658,#7659);
#7658 = CARTESIAN_POINT('',(87.2625,-103.8375,0.));
#7659 = VECTOR('',#7660,1.);
#7660 = DIRECTION('',(0.707106781187,0.707106781187,0.));
#7661 = PLANE('',#7662);
#7662 = AXIS2_PLACEMENT_3D('',#7663,#7664,#7665);
#7663 = CARTESIAN_POINT('',(87.2625,-103.8375,0.));
#7664 = DIRECTION('',(-0.707106781187,0.707106781187,0.));
#7665 = DIRECTION('',(0.707106781187,0.707106781187,0.));
#7666 = ADVANCED_FACE('',(#7667),#7692,.T.);
#7667 = FACE_BOUND('',#7668,.T.);
#7668 = EDGE_LOOP('',(#7669,#7670,#7678,#7686));
#7669 = ORIENTED_EDGE('',*,*,#7648,.T.);
#7670 = ORIENTED_EDGE('',*,*,#7671,.T.);
#7671 = EDGE_CURVE('',#7641,#7672,#7674,.T.);
#7672 = VERTEX_POINT('',#7673);
#7673 = CARTESIAN_POINT('',(88.2625,-90.8375,1.59));
#7674 = LINE('',#7675,#7676);
#7675 = CARTESIAN_POINT('',(88.2625,-102.8375,1.59));
#7676 = VECTOR('',#7677,1.);
#7677 = DIRECTION('',(0.,1.,0.));
#7678 = ORIENTED_EDGE('',*,*,#7679,.F.);
#7679 = EDGE_CURVE('',#7680,#7672,#7682,.T.);
#7680 = VERTEX_POINT('',#7681);
#7681 = CARTESIAN_POINT('',(88.2625,-90.8375,0.));
#7682 = LINE('',#7683,#7684);
#7683 = CARTESIAN_POINT('',(88.2625,-90.8375,0.));
#7684 = VECTOR('',#7685,1.);
#7685 = DIRECTION('',(0.,0.,1.));
#7686 = ORIENTED_EDGE('',*,*,#7687,.F.);
#7687 = EDGE_CURVE('',#7649,#7680,#7688,.T.);
#7688 = LINE('',#7689,#7690);
#7689 = CARTESIAN_POINT('',(88.2625,-102.8375,0.));
#7690 = VECTOR('',#7691,1.);
#7691 = DIRECTION('',(0.,1.,0.));
#7692 = PLANE('',#7693);
#7693 = AXIS2_PLACEMENT_3D('',#7694,#7695,#7696);
#7694 = CARTESIAN_POINT('',(88.2625,-102.8375,0.));
#7695 = DIRECTION('',(-1.,0.,0.));
#7696 = DIRECTION('',(0.,1.,0.));
#7697 = ADVANCED_FACE('',(#7698),#7723,.T.);
#7698 = FACE_BOUND('',#7699,.T.);
#7699 = EDGE_LOOP('',(#7700,#7701,#7709,#7717));
#7700 = ORIENTED_EDGE('',*,*,#7679,.T.);
#7701 = ORIENTED_EDGE('',*,*,#7702,.T.);
#7702 = EDGE_CURVE('',#7672,#7703,#7705,.T.);
#7703 = VERTEX_POINT('',#7704);
#7704 = CARTESIAN_POINT('',(87.2625,-89.8375,1.59));
#7705 = LINE('',#7706,#7707);
#7706 = CARTESIAN_POINT('',(88.2625,-90.8375,1.59));
#7707 = VECTOR('',#7708,1.);
#7708 = DIRECTION('',(-0.707106781187,0.707106781187,0.));
#7709 = ORIENTED_EDGE('',*,*,#7710,.F.);
#7710 = EDGE_CURVE('',#7711,#7703,#7713,.T.);
#7711 = VERTEX_POINT('',#7712);
#7712 = CARTESIAN_POINT('',(87.2625,-89.8375,0.));
#7713 = LINE('',#7714,#7715);
#7714 = CARTESIAN_POINT('',(87.2625,-89.8375,0.));
#7715 = VECTOR('',#7716,1.);
#7716 = DIRECTION('',(0.,0.,1.));
#7717 = ORIENTED_EDGE('',*,*,#7718,.F.);
#7718 = EDGE_CURVE('',#7680,#7711,#7719,.T.);
#7719 = LINE('',#7720,#7721);
#7720 = CARTESIAN_POINT('',(88.2625,-90.8375,0.));
#7721 = VECTOR('',#7722,1.);
#7722 = DIRECTION('',(-0.707106781187,0.707106781187,0.));
#7723 = PLANE('',#7724);
#7724 = AXIS2_PLACEMENT_3D('',#7725,#7726,#7727);
#7725 = CARTESIAN_POINT('',(88.2625,-90.8375,0.));
#7726 = DIRECTION('',(-0.707106781187,-0.707106781187,0.));
#7727 = DIRECTION('',(-0.707106781187,0.707106781187,0.));
#7728 = ADVANCED_FACE('',(#7729),#7754,.T.);
#7729 = FACE_BOUND('',#7730,.T.);
#7730 = EDGE_LOOP('',(#7731,#7732,#7740,#7748));
#7731 = ORIENTED_EDGE('',*,*,#7710,.T.);
#7732 = ORIENTED_EDGE('',*,*,#7733,.T.);
#7733 = EDGE_CURVE('',#7703,#7734,#7736,.T.);
#7734 = VERTEX_POINT('',#7735);
#7735 = CARTESIAN_POINT('',(74.6625,-89.8375,1.59));
#7736 = LINE('',#7737,#7738);
#7737 = CARTESIAN_POINT('',(87.2625,-89.8375,1.59));
#7738 = VECTOR('',#7739,1.);
#7739 = DIRECTION('',(-1.,0.,0.));
#7740 = ORIENTED_EDGE('',*,*,#7741,.F.);
#7741 = EDGE_CURVE('',#7742,#7734,#7744,.T.);
#7742 = VERTEX_POINT('',#7743);
#7743 = CARTESIAN_POINT('',(74.6625,-89.8375,0.));
#7744 = LINE('',#7745,#7746);
#7745 = CARTESIAN_POINT('',(74.6625,-89.8375,0.));
#7746 = VECTOR('',#7747,1.);
#7747 = DIRECTION('',(0.,0.,1.));
#7748 = ORIENTED_EDGE('',*,*,#7749,.F.);
#7749 = EDGE_CURVE('',#7711,#7742,#7750,.T.);
#7750 = LINE('',#7751,#7752);
#7751 = CARTESIAN_POINT('',(87.2625,-89.8375,0.));
#7752 = VECTOR('',#7753,1.);
#7753 = DIRECTION('',(-1.,0.,0.));
#7754 = PLANE('',#7755);
#7755 = AXIS2_PLACEMENT_3D('',#7756,#7757,#7758);
#7756 = CARTESIAN_POINT('',(87.2625,-89.8375,0.));
#7757 = DIRECTION('',(0.,-1.,0.));
#7758 = DIRECTION('',(-1.,0.,0.));
#7759 = ADVANCED_FACE('',(#7760),#7776,.T.);
#7760 = FACE_BOUND('',#7761,.T.);
#7761 = EDGE_LOOP('',(#7762,#7763,#7769,#7770));
#7762 = ORIENTED_EDGE('',*,*,#7741,.T.);
#7763 = ORIENTED_EDGE('',*,*,#7764,.T.);
#7764 = EDGE_CURVE('',#7734,#7540,#7765,.T.);
#7765 = LINE('',#7766,#7767);
#7766 = CARTESIAN_POINT('',(74.6625,-89.8375,1.59));
#7767 = VECTOR('',#7768,1.);
#7768 = DIRECTION('',(-0.707106781187,-0.707106781187,0.));
#7769 = ORIENTED_EDGE('',*,*,#7537,.F.);
#7770 = ORIENTED_EDGE('',*,*,#7771,.F.);
#7771 = EDGE_CURVE('',#7742,#7538,#7772,.T.);
#7772 = LINE('',#7773,#7774);
#7773 = CARTESIAN_POINT('',(74.6625,-89.8375,0.));
#7774 = VECTOR('',#7775,1.);
#7775 = DIRECTION('',(-0.707106781187,-0.707106781187,0.));
#7776 = PLANE('',#7777);
#7777 = AXIS2_PLACEMENT_3D('',#7778,#7779,#7780);
#7778 = CARTESIAN_POINT('',(74.6625,-89.8375,0.));
#7779 = DIRECTION('',(0.707106781187,-0.707106781187,0.));
#7780 = DIRECTION('',(-0.707106781187,-0.707106781187,0.));
#7781 = ADVANCED_FACE('',(#7782),#7816,.T.);
#7782 = FACE_BOUND('',#7783,.T.);
#7783 = EDGE_LOOP('',(#7784,#7794,#7802,#7810));
#7784 = ORIENTED_EDGE('',*,*,#7785,.T.);
#7785 = EDGE_CURVE('',#7786,#7788,#7790,.T.);
#7786 = VERTEX_POINT('',#7787);
#7787 = CARTESIAN_POINT('',(92.7125,-90.8375,0.));
#7788 = VERTEX_POINT('',#7789);
#7789 = CARTESIAN_POINT('',(92.7125,-90.8375,1.59));
#7790 = LINE('',#7791,#7792);
#7791 = CARTESIAN_POINT('',(92.7125,-90.8375,0.));
#7792 = VECTOR('',#7793,1.);
#7793 = DIRECTION('',(0.,0.,1.));
#7794 = ORIENTED_EDGE('',*,*,#7795,.T.);
#7795 = EDGE_CURVE('',#7788,#7796,#7798,.T.);
#7796 = VERTEX_POINT('',#7797);
#7797 = CARTESIAN_POINT('',(92.7125,-102.8375,1.59));
#7798 = LINE('',#7799,#7800);
#7799 = CARTESIAN_POINT('',(92.7125,-90.8375,1.59));
#7800 = VECTOR('',#7801,1.);
#7801 = DIRECTION('',(0.,-1.,0.));
#7802 = ORIENTED_EDGE('',*,*,#7803,.F.);
#7803 = EDGE_CURVE('',#7804,#7796,#7806,.T.);
#7804 = VERTEX_POINT('',#7805);
#7805 = CARTESIAN_POINT('',(92.7125,-102.8375,0.));
#7806 = LINE('',#7807,#7808);
#7807 = CARTESIAN_POINT('',(92.7125,-102.8375,0.));
#7808 = VECTOR('',#7809,1.);
#7809 = DIRECTION('',(0.,0.,1.));
#7810 = ORIENTED_EDGE('',*,*,#7811,.F.);
#7811 = EDGE_CURVE('',#7786,#7804,#7812,.T.);
#7812 = LINE('',#7813,#7814);
#7813 = CARTESIAN_POINT('',(92.7125,-90.8375,0.));
#7814 = VECTOR('',#7815,1.);
#7815 = DIRECTION('',(0.,-1.,0.));
#7816 = PLANE('',#7817);
#7817 = AXIS2_PLACEMENT_3D('',#7818,#7819,#7820);
#7818 = CARTESIAN_POINT('',(92.7125,-90.8375,0.));
#7819 = DIRECTION('',(1.,0.,-0.));
#7820 = DIRECTION('',(0.,-1.,0.));
#7821 = ADVANCED_FACE('',(#7822),#7847,.T.);
#7822 = FACE_BOUND('',#7823,.T.);
#7823 = EDGE_LOOP('',(#7824,#7825,#7833,#7841));
#7824 = ORIENTED_EDGE('',*,*,#7803,.T.);
#7825 = ORIENTED_EDGE('',*,*,#7826,.T.);
#7826 = EDGE_CURVE('',#7796,#7827,#7829,.T.);
#7827 = VERTEX_POINT('',#7828);
#7828 = CARTESIAN_POINT('',(93.7125,-103.8375,1.59));
#7829 = LINE('',#7830,#7831);
#7830 = CARTESIAN_POINT('',(92.7125,-102.8375,1.59));
#7831 = VECTOR('',#7832,1.);
#7832 = DIRECTION('',(0.707106781187,-0.707106781187,0.));
#7833 = ORIENTED_EDGE('',*,*,#7834,.F.);
#7834 = EDGE_CURVE('',#7835,#7827,#7837,.T.);
#7835 = VERTEX_POINT('',#7836);
#7836 = CARTESIAN_POINT('',(93.7125,-103.8375,0.));
#7837 = LINE('',#7838,#7839);
#7838 = CARTESIAN_POINT('',(93.7125,-103.8375,0.));
#7839 = VECTOR('',#7840,1.);
#7840 = DIRECTION('',(0.,0.,1.));
#7841 = ORIENTED_EDGE('',*,*,#7842,.F.);
#7842 = EDGE_CURVE('',#7804,#7835,#7843,.T.);
#7843 = LINE('',#7844,#7845);
#7844 = CARTESIAN_POINT('',(92.7125,-102.8375,0.));
#7845 = VECTOR('',#7846,1.);
#7846 = DIRECTION('',(0.707106781187,-0.707106781187,0.));
#7847 = PLANE('',#7848);
#7848 = AXIS2_PLACEMENT_3D('',#7849,#7850,#7851);
#7849 = CARTESIAN_POINT('',(92.7125,-102.8375,0.));
#7850 = DIRECTION('',(0.707106781187,0.707106781187,-0.));
#7851 = DIRECTION('',(0.707106781187,-0.707106781187,0.));
#7852 = ADVANCED_FACE('',(#7853),#7878,.T.);
#7853 = FACE_BOUND('',#7854,.T.);
#7854 = EDGE_LOOP('',(#7855,#7856,#7864,#7872));
#7855 = ORIENTED_EDGE('',*,*,#7834,.T.);
#7856 = ORIENTED_EDGE('',*,*,#7857,.T.);
#7857 = EDGE_CURVE('',#7827,#7858,#7860,.T.);
#7858 = VERTEX_POINT('',#7859);
#7859 = CARTESIAN_POINT('',(106.3125,-103.8375,1.59));
#7860 = LINE('',#7861,#7862);
#7861 = CARTESIAN_POINT('',(93.7125,-103.8375,1.59));
#7862 = VECTOR('',#7863,1.);
#7863 = DIRECTION('',(1.,0.,0.));
#7864 = ORIENTED_EDGE('',*,*,#7865,.F.);
#7865 = EDGE_CURVE('',#7866,#7858,#7868,.T.);
#7866 = VERTEX_POINT('',#7867);
#7867 = CARTESIAN_POINT('',(106.3125,-103.8375,0.));
#7868 = LINE('',#7869,#7870);
#7869 = CARTESIAN_POINT('',(106.3125,-103.8375,0.));
#7870 = VECTOR('',#7871,1.);
#7871 = DIRECTION('',(0.,0.,1.));
#7872 = ORIENTED_EDGE('',*,*,#7873,.F.);
#7873 = EDGE_CURVE('',#7835,#7866,#7874,.T.);
#7874 = LINE('',#7875,#7876);
#7875 = CARTESIAN_POINT('',(93.7125,-103.8375,0.));
#7876 = VECTOR('',#7877,1.);
#7877 = DIRECTION('',(1.,0.,0.));
#7878 = PLANE('',#7879);
#7879 = AXIS2_PLACEMENT_3D('',#7880,#7881,#7882);
#7880 = CARTESIAN_POINT('',(93.7125,-103.8375,0.));
#7881 = DIRECTION('',(0.,1.,0.));
#7882 = DIRECTION('',(1.,0.,0.));
#7883 = ADVANCED_FACE('',(#7884),#7909,.T.);
#7884 = FACE_BOUND('',#7885,.T.);
#7885 = EDGE_LOOP('',(#7886,#7887,#7895,#7903));
#7886 = ORIENTED_EDGE('',*,*,#7865,.T.);
#7887 = ORIENTED_EDGE('',*,*,#7888,.T.);
#7888 = EDGE_CURVE('',#7858,#7889,#7891,.T.);
#7889 = VERTEX_POINT('',#7890);
#7890 = CARTESIAN_POINT('',(107.3125,-102.8375,1.59));
#7891 = LINE('',#7892,#7893);
#7892 = CARTESIAN_POINT('',(106.3125,-103.8375,1.59));
#7893 = VECTOR('',#7894,1.);
#7894 = DIRECTION('',(0.707106781187,0.707106781187,0.));
#7895 = ORIENTED_EDGE('',*,*,#7896,.F.);
#7896 = EDGE_CURVE('',#7897,#7889,#7899,.T.);
#7897 = VERTEX_POINT('',#7898);
#7898 = CARTESIAN_POINT('',(107.3125,-102.8375,0.));
#7899 = LINE('',#7900,#7901);
#7900 = CARTESIAN_POINT('',(107.3125,-102.8375,0.));
#7901 = VECTOR('',#7902,1.);
#7902 = DIRECTION('',(0.,0.,1.));
#7903 = ORIENTED_EDGE('',*,*,#7904,.F.);
#7904 = EDGE_CURVE('',#7866,#7897,#7905,.T.);
#7905 = LINE('',#7906,#7907);
#7906 = CARTESIAN_POINT('',(106.3125,-103.8375,0.));
#7907 = VECTOR('',#7908,1.);
#7908 = DIRECTION('',(0.707106781187,0.707106781187,0.));
#7909 = PLANE('',#7910);
#7910 = AXIS2_PLACEMENT_3D('',#7911,#7912,#7913);
#7911 = CARTESIAN_POINT('',(106.3125,-103.8375,0.));
#7912 = DIRECTION('',(-0.707106781187,0.707106781187,0.));
#7913 = DIRECTION('',(0.707106781187,0.707106781187,0.));
#7914 = ADVANCED_FACE('',(#7915),#7940,.T.);
#7915 = FACE_BOUND('',#7916,.T.);
#7916 = EDGE_LOOP('',(#7917,#7918,#7926,#7934));
#7917 = ORIENTED_EDGE('',*,*,#7896,.T.);
#7918 = ORIENTED_EDGE('',*,*,#7919,.T.);
#7919 = EDGE_CURVE('',#7889,#7920,#7922,.T.);
#7920 = VERTEX_POINT('',#7921);
#7921 = CARTESIAN_POINT('',(107.3125,-90.8375,1.59));
#7922 = LINE('',#7923,#7924);
#7923 = CARTESIAN_POINT('',(107.3125,-102.8375,1.59));
#7924 = VECTOR('',#7925,1.);
#7925 = DIRECTION('',(0.,1.,0.));
#7926 = ORIENTED_EDGE('',*,*,#7927,.F.);
#7927 = EDGE_CURVE('',#7928,#7920,#7930,.T.);
#7928 = VERTEX_POINT('',#7929);
#7929 = CARTESIAN_POINT('',(107.3125,-90.8375,0.));
#7930 = LINE('',#7931,#7932);
#7931 = CARTESIAN_POINT('',(107.3125,-90.8375,0.));
#7932 = VECTOR('',#7933,1.);
#7933 = DIRECTION('',(0.,0.,1.));
#7934 = ORIENTED_EDGE('',*,*,#7935,.F.);
#7935 = EDGE_CURVE('',#7897,#7928,#7936,.T.);
#7936 = LINE('',#7937,#7938);
#7937 = CARTESIAN_POINT('',(107.3125,-102.8375,0.));
#7938 = VECTOR('',#7939,1.);
#7939 = DIRECTION('',(0.,1.,0.));
#7940 = PLANE('',#7941);
#7941 = AXIS2_PLACEMENT_3D('',#7942,#7943,#7944);
#7942 = CARTESIAN_POINT('',(107.3125,-102.8375,0.));
#7943 = DIRECTION('',(-1.,0.,0.));
#7944 = DIRECTION('',(0.,1.,0.));
#7945 = ADVANCED_FACE('',(#7946),#7971,.T.);
#7946 = FACE_BOUND('',#7947,.T.);
#7947 = EDGE_LOOP('',(#7948,#7949,#7957,#7965));
#7948 = ORIENTED_EDGE('',*,*,#7927,.T.);
#7949 = ORIENTED_EDGE('',*,*,#7950,.T.);
#7950 = EDGE_CURVE('',#7920,#7951,#7953,.T.);
#7951 = VERTEX_POINT('',#7952);
#7952 = CARTESIAN_POINT('',(106.3125,-89.8375,1.59));
#7953 = LINE('',#7954,#7955);
#7954 = CARTESIAN_POINT('',(107.3125,-90.8375,1.59));
#7955 = VECTOR('',#7956,1.);
#7956 = DIRECTION('',(-0.707106781187,0.707106781187,0.));
#7957 = ORIENTED_EDGE('',*,*,#7958,.F.);
#7958 = EDGE_CURVE('',#7959,#7951,#7961,.T.);
#7959 = VERTEX_POINT('',#7960);
#7960 = CARTESIAN_POINT('',(106.3125,-89.8375,0.));
#7961 = LINE('',#7962,#7963);
#7962 = CARTESIAN_POINT('',(106.3125,-89.8375,0.));
#7963 = VECTOR('',#7964,1.);
#7964 = DIRECTION('',(0.,0.,1.));
#7965 = ORIENTED_EDGE('',*,*,#7966,.F.);
#7966 = EDGE_CURVE('',#7928,#7959,#7967,.T.);
#7967 = LINE('',#7968,#7969);
#7968 = CARTESIAN_POINT('',(107.3125,-90.8375,0.));
#7969 = VECTOR('',#7970,1.);
#7970 = DIRECTION('',(-0.707106781187,0.707106781187,0.));
#7971 = PLANE('',#7972);
#7972 = AXIS2_PLACEMENT_3D('',#7973,#7974,#7975);
#7973 = CARTESIAN_POINT('',(107.3125,-90.8375,0.));
#7974 = DIRECTION('',(-0.707106781187,-0.707106781187,0.));
#7975 = DIRECTION('',(-0.707106781187,0.707106781187,0.));
#7976 = ADVANCED_FACE('',(#7977),#8002,.T.);
#7977 = FACE_BOUND('',#7978,.T.);
#7978 = EDGE_LOOP('',(#7979,#7980,#7988,#7996));
#7979 = ORIENTED_EDGE('',*,*,#7958,.T.);
#7980 = ORIENTED_EDGE('',*,*,#7981,.T.);
#7981 = EDGE_CURVE('',#7951,#7982,#7984,.T.);
#7982 = VERTEX_POINT('',#7983);
#7983 = CARTESIAN_POINT('',(93.7125,-89.8375,1.59));
#7984 = LINE('',#7985,#7986);
#7985 = CARTESIAN_POINT('',(106.3125,-89.8375,1.59));
#7986 = VECTOR('',#7987,1.);
#7987 = DIRECTION('',(-1.,0.,0.));
#7988 = ORIENTED_EDGE('',*,*,#7989,.F.);
#7989 = EDGE_CURVE('',#7990,#7982,#7992,.T.);
#7990 = VERTEX_POINT('',#7991);
#7991 = CARTESIAN_POINT('',(93.7125,-89.8375,0.));
#7992 = LINE('',#7993,#7994);
#7993 = CARTESIAN_POINT('',(93.7125,-89.8375,0.));
#7994 = VECTOR('',#7995,1.);
#7995 = DIRECTION('',(0.,0.,1.));
#7996 = ORIENTED_EDGE('',*,*,#7997,.F.);
#7997 = EDGE_CURVE('',#7959,#7990,#7998,.T.);
#7998 = LINE('',#7999,#8000);
#7999 = CARTESIAN_POINT('',(106.3125,-89.8375,0.));
#8000 = VECTOR('',#8001,1.);
#8001 = DIRECTION('',(-1.,0.,0.));
#8002 = PLANE('',#8003);
#8003 = AXIS2_PLACEMENT_3D('',#8004,#8005,#8006);
#8004 = CARTESIAN_POINT('',(106.3125,-89.8375,0.));
#8005 = DIRECTION('',(0.,-1.,0.));
#8006 = DIRECTION('',(-1.,0.,0.));
#8007 = ADVANCED_FACE('',(#8008),#8024,.T.);
#8008 = FACE_BOUND('',#8009,.T.);
#8009 = EDGE_LOOP('',(#8010,#8011,#8017,#8018));
#8010 = ORIENTED_EDGE('',*,*,#7989,.T.);
#8011 = ORIENTED_EDGE('',*,*,#8012,.T.);
#8012 = EDGE_CURVE('',#7982,#7788,#8013,.T.);
#8013 = LINE('',#8014,#8015);
#8014 = CARTESIAN_POINT('',(93.7125,-89.8375,1.59));
#8015 = VECTOR('',#8016,1.);
#8016 = DIRECTION('',(-0.707106781187,-0.707106781187,0.));
#8017 = ORIENTED_EDGE('',*,*,#7785,.F.);
#8018 = ORIENTED_EDGE('',*,*,#8019,.F.);
#8019 = EDGE_CURVE('',#7990,#7786,#8020,.T.);
#8020 = LINE('',#8021,#8022);
#8021 = CARTESIAN_POINT('',(93.7125,-89.8375,0.));
#8022 = VECTOR('',#8023,1.);
#8023 = DIRECTION('',(-0.707106781187,-0.707106781187,0.));
#8024 = PLANE('',#8025);
#8025 = AXIS2_PLACEMENT_3D('',#8026,#8027,#8028);
#8026 = CARTESIAN_POINT('',(93.7125,-89.8375,0.));
#8027 = DIRECTION('',(0.707106781187,-0.707106781187,0.));
#8028 = DIRECTION('',(-0.707106781187,-0.707106781187,0.));
#8029 = ADVANCED_FACE('',(#8030),#8064,.T.);
#8030 = FACE_BOUND('',#8031,.T.);
#8031 = EDGE_LOOP('',(#8032,#8042,#8050,#8058));
#8032 = ORIENTED_EDGE('',*,*,#8033,.T.);
#8033 = EDGE_CURVE('',#8034,#8036,#8038,.T.);
#8034 = VERTEX_POINT('',#8035);
#8035 = CARTESIAN_POINT('',(111.7625,-90.8375,0.));
#8036 = VERTEX_POINT('',#8037);
#8037 = CARTESIAN_POINT('',(111.7625,-90.8375,1.59));
#8038 = LINE('',#8039,#8040);
#8039 = CARTESIAN_POINT('',(111.7625,-90.8375,0.));
#8040 = VECTOR('',#8041,1.);
#8041 = DIRECTION('',(0.,0.,1.));
#8042 = ORIENTED_EDGE('',*,*,#8043,.T.);
#8043 = EDGE_CURVE('',#8036,#8044,#8046,.T.);
#8044 = VERTEX_POINT('',#8045);
#8045 = CARTESIAN_POINT('',(111.7625,-102.8375,1.59));
#8046 = LINE('',#8047,#8048);
#8047 = CARTESIAN_POINT('',(111.7625,-90.8375,1.59));
#8048 = VECTOR('',#8049,1.);
#8049 = DIRECTION('',(0.,-1.,0.));
#8050 = ORIENTED_EDGE('',*,*,#8051,.F.);
#8051 = EDGE_CURVE('',#8052,#8044,#8054,.T.);
#8052 = VERTEX_POINT('',#8053);
#8053 = CARTESIAN_POINT('',(111.7625,-102.8375,0.));
#8054 = LINE('',#8055,#8056);
#8055 = CARTESIAN_POINT('',(111.7625,-102.8375,0.));
#8056 = VECTOR('',#8057,1.);
#8057 = DIRECTION('',(0.,0.,1.));
#8058 = ORIENTED_EDGE('',*,*,#8059,.F.);
#8059 = EDGE_CURVE('',#8034,#8052,#8060,.T.);
#8060 = LINE('',#8061,#8062);
#8061 = CARTESIAN_POINT('',(111.7625,-90.8375,0.));
#8062 = VECTOR('',#8063,1.);
#8063 = DIRECTION('',(0.,-1.,0.));
#8064 = PLANE('',#8065);
#8065 = AXIS2_PLACEMENT_3D('',#8066,#8067,#8068);
#8066 = CARTESIAN_POINT('',(111.7625,-90.8375,0.));
#8067 = DIRECTION('',(1.,0.,-0.));
#8068 = DIRECTION('',(0.,-1.,0.));
#8069 = ADVANCED_FACE('',(#8070),#8095,.T.);
#8070 = FACE_BOUND('',#8071,.T.);
#8071 = EDGE_LOOP('',(#8072,#8073,#8081,#8089));
#8072 = ORIENTED_EDGE('',*,*,#8051,.T.);
#8073 = ORIENTED_EDGE('',*,*,#8074,.T.);
#8074 = EDGE_CURVE('',#8044,#8075,#8077,.T.);
#8075 = VERTEX_POINT('',#8076);
#8076 = CARTESIAN_POINT('',(112.7625,-103.8375,1.59));
#8077 = LINE('',#8078,#8079);
#8078 = CARTESIAN_POINT('',(111.7625,-102.8375,1.59));
#8079 = VECTOR('',#8080,1.);
#8080 = DIRECTION('',(0.707106781187,-0.707106781187,0.));
#8081 = ORIENTED_EDGE('',*,*,#8082,.F.);
#8082 = EDGE_CURVE('',#8083,#8075,#8085,.T.);
#8083 = VERTEX_POINT('',#8084);
#8084 = CARTESIAN_POINT('',(112.7625,-103.8375,0.));
#8085 = LINE('',#8086,#8087);
#8086 = CARTESIAN_POINT('',(112.7625,-103.8375,0.));
#8087 = VECTOR('',#8088,1.);
#8088 = DIRECTION('',(0.,0.,1.));
#8089 = ORIENTED_EDGE('',*,*,#8090,.F.);
#8090 = EDGE_CURVE('',#8052,#8083,#8091,.T.);
#8091 = LINE('',#8092,#8093);
#8092 = CARTESIAN_POINT('',(111.7625,-102.8375,0.));
#8093 = VECTOR('',#8094,1.);
#8094 = DIRECTION('',(0.707106781187,-0.707106781187,0.));
#8095 = PLANE('',#8096);
#8096 = AXIS2_PLACEMENT_3D('',#8097,#8098,#8099);
#8097 = CARTESIAN_POINT('',(111.7625,-102.8375,0.));
#8098 = DIRECTION('',(0.707106781187,0.707106781187,-0.));
#8099 = DIRECTION('',(0.707106781187,-0.707106781187,0.));
#8100 = ADVANCED_FACE('',(#8101),#8126,.T.);
#8101 = FACE_BOUND('',#8102,.T.);
#8102 = EDGE_LOOP('',(#8103,#8104,#8112,#8120));
#8103 = ORIENTED_EDGE('',*,*,#8082,.T.);
#8104 = ORIENTED_EDGE('',*,*,#8105,.T.);
#8105 = EDGE_CURVE('',#8075,#8106,#8108,.T.);
#8106 = VERTEX_POINT('',#8107);
#8107 = CARTESIAN_POINT('',(125.3625,-103.8375,1.59));
#8108 = LINE('',#8109,#8110);
#8109 = CARTESIAN_POINT('',(112.7625,-103.8375,1.59));
#8110 = VECTOR('',#8111,1.);
#8111 = DIRECTION('',(1.,0.,0.));
#8112 = ORIENTED_EDGE('',*,*,#8113,.F.);
#8113 = EDGE_CURVE('',#8114,#8106,#8116,.T.);
#8114 = VERTEX_POINT('',#8115);
#8115 = CARTESIAN_POINT('',(125.3625,-103.8375,0.));
#8116 = LINE('',#8117,#8118);
#8117 = CARTESIAN_POINT('',(125.3625,-103.8375,0.));
#8118 = VECTOR('',#8119,1.);
#8119 = DIRECTION('',(0.,0.,1.));
#8120 = ORIENTED_EDGE('',*,*,#8121,.F.);
#8121 = EDGE_CURVE('',#8083,#8114,#8122,.T.);
#8122 = LINE('',#8123,#8124);
#8123 = CARTESIAN_POINT('',(112.7625,-103.8375,0.));
#8124 = VECTOR('',#8125,1.);
#8125 = DIRECTION('',(1.,0.,0.));
#8126 = PLANE('',#8127);
#8127 = AXIS2_PLACEMENT_3D('',#8128,#8129,#8130);
#8128 = CARTESIAN_POINT('',(112.7625,-103.8375,0.));
#8129 = DIRECTION('',(0.,1.,0.));
#8130 = DIRECTION('',(1.,0.,0.));
#8131 = ADVANCED_FACE('',(#8132),#8157,.T.);
#8132 = FACE_BOUND('',#8133,.T.);
#8133 = EDGE_LOOP('',(#8134,#8135,#8143,#8151));
#8134 = ORIENTED_EDGE('',*,*,#8113,.T.);
#8135 = ORIENTED_EDGE('',*,*,#8136,.T.);
#8136 = EDGE_CURVE('',#8106,#8137,#8139,.T.);
#8137 = VERTEX_POINT('',#8138);
#8138 = CARTESIAN_POINT('',(126.3625,-102.8375,1.59));
#8139 = LINE('',#8140,#8141);
#8140 = CARTESIAN_POINT('',(125.3625,-103.8375,1.59));
#8141 = VECTOR('',#8142,1.);
#8142 = DIRECTION('',(0.707106781187,0.707106781187,0.));
#8143 = ORIENTED_EDGE('',*,*,#8144,.F.);
#8144 = EDGE_CURVE('',#8145,#8137,#8147,.T.);
#8145 = VERTEX_POINT('',#8146);
#8146 = CARTESIAN_POINT('',(126.3625,-102.8375,0.));
#8147 = LINE('',#8148,#8149);
#8148 = CARTESIAN_POINT('',(126.3625,-102.8375,0.));
#8149 = VECTOR('',#8150,1.);
#8150 = DIRECTION('',(0.,0.,1.));
#8151 = ORIENTED_EDGE('',*,*,#8152,.F.);
#8152 = EDGE_CURVE('',#8114,#8145,#8153,.T.);
#8153 = LINE('',#8154,#8155);
#8154 = CARTESIAN_POINT('',(125.3625,-103.8375,0.));
#8155 = VECTOR('',#8156,1.);
#8156 = DIRECTION('',(0.707106781187,0.707106781187,0.));
#8157 = PLANE('',#8158);
#8158 = AXIS2_PLACEMENT_3D('',#8159,#8160,#8161);
#8159 = CARTESIAN_POINT('',(125.3625,-103.8375,0.));
#8160 = DIRECTION('',(-0.707106781187,0.707106781187,0.));
#8161 = DIRECTION('',(0.707106781187,0.707106781187,0.));
#8162 = ADVANCED_FACE('',(#8163),#8188,.T.);
#8163 = FACE_BOUND('',#8164,.T.);
#8164 = EDGE_LOOP('',(#8165,#8166,#8174,#8182));
#8165 = ORIENTED_EDGE('',*,*,#8144,.T.);
#8166 = ORIENTED_EDGE('',*,*,#8167,.T.);
#8167 = EDGE_CURVE('',#8137,#8168,#8170,.T.);
#8168 = VERTEX_POINT('',#8169);
#8169 = CARTESIAN_POINT('',(126.3625,-90.8375,1.59));
#8170 = LINE('',#8171,#8172);
#8171 = CARTESIAN_POINT('',(126.3625,-102.8375,1.59));
#8172 = VECTOR('',#8173,1.);
#8173 = DIRECTION('',(0.,1.,0.));
#8174 = ORIENTED_EDGE('',*,*,#8175,.F.);
#8175 = EDGE_CURVE('',#8176,#8168,#8178,.T.);
#8176 = VERTEX_POINT('',#8177);
#8177 = CARTESIAN_POINT('',(126.3625,-90.8375,0.));
#8178 = LINE('',#8179,#8180);
#8179 = CARTESIAN_POINT('',(126.3625,-90.8375,0.));
#8180 = VECTOR('',#8181,1.);
#8181 = DIRECTION('',(0.,0.,1.));
#8182 = ORIENTED_EDGE('',*,*,#8183,.F.);
#8183 = EDGE_CURVE('',#8145,#8176,#8184,.T.);
#8184 = LINE('',#8185,#8186);
#8185 = CARTESIAN_POINT('',(126.3625,-102.8375,0.));
#8186 = VECTOR('',#8187,1.);
#8187 = DIRECTION('',(0.,1.,0.));
#8188 = PLANE('',#8189);
#8189 = AXIS2_PLACEMENT_3D('',#8190,#8191,#8192);
#8190 = CARTESIAN_POINT('',(126.3625,-102.8375,0.));
#8191 = DIRECTION('',(-1.,0.,0.));
#8192 = DIRECTION('',(0.,1.,0.));
#8193 = ADVANCED_FACE('',(#8194),#8219,.T.);
#8194 = FACE_BOUND('',#8195,.T.);
#8195 = EDGE_LOOP('',(#8196,#8197,#8205,#8213));
#8196 = ORIENTED_EDGE('',*,*,#8175,.T.);
#8197 = ORIENTED_EDGE('',*,*,#8198,.T.);
#8198 = EDGE_CURVE('',#8168,#8199,#8201,.T.);
#8199 = VERTEX_POINT('',#8200);
#8200 = CARTESIAN_POINT('',(125.3625,-89.8375,1.59));
#8201 = LINE('',#8202,#8203);
#8202 = CARTESIAN_POINT('',(126.3625,-90.8375,1.59));
#8203 = VECTOR('',#8204,1.);
#8204 = DIRECTION('',(-0.707106781187,0.707106781187,0.));
#8205 = ORIENTED_EDGE('',*,*,#8206,.F.);
#8206 = EDGE_CURVE('',#8207,#8199,#8209,.T.);
#8207 = VERTEX_POINT('',#8208);
#8208 = CARTESIAN_POINT('',(125.3625,-89.8375,0.));
#8209 = LINE('',#8210,#8211);
#8210 = CARTESIAN_POINT('',(125.3625,-89.8375,0.));
#8211 = VECTOR('',#8212,1.);
#8212 = DIRECTION('',(0.,0.,1.));
#8213 = ORIENTED_EDGE('',*,*,#8214,.F.);
#8214 = EDGE_CURVE('',#8176,#8207,#8215,.T.);
#8215 = LINE('',#8216,#8217);
#8216 = CARTESIAN_POINT('',(126.3625,-90.8375,0.));
#8217 = VECTOR('',#8218,1.);
#8218 = DIRECTION('',(-0.707106781187,0.707106781187,0.));
#8219 = PLANE('',#8220);
#8220 = AXIS2_PLACEMENT_3D('',#8221,#8222,#8223);
#8221 = CARTESIAN_POINT('',(126.3625,-90.8375,0.));
#8222 = DIRECTION('',(-0.707106781187,-0.707106781187,0.));
#8223 = DIRECTION('',(-0.707106781187,0.707106781187,0.));
#8224 = ADVANCED_FACE('',(#8225),#8250,.T.);
#8225 = FACE_BOUND('',#8226,.T.);
#8226 = EDGE_LOOP('',(#8227,#8228,#8236,#8244));
#8227 = ORIENTED_EDGE('',*,*,#8206,.T.);
#8228 = ORIENTED_EDGE('',*,*,#8229,.T.);
#8229 = EDGE_CURVE('',#8199,#8230,#8232,.T.);
#8230 = VERTEX_POINT('',#8231);
#8231 = CARTESIAN_POINT('',(112.7625,-89.8375,1.59));
#8232 = LINE('',#8233,#8234);
#8233 = CARTESIAN_POINT('',(125.3625,-89.8375,1.59));
#8234 = VECTOR('',#8235,1.);
#8235 = DIRECTION('',(-1.,0.,0.));
#8236 = ORIENTED_EDGE('',*,*,#8237,.F.);
#8237 = EDGE_CURVE('',#8238,#8230,#8240,.T.);
#8238 = VERTEX_POINT('',#8239);
#8239 = CARTESIAN_POINT('',(112.7625,-89.8375,0.));
#8240 = LINE('',#8241,#8242);
#8241 = CARTESIAN_POINT('',(112.7625,-89.8375,0.));
#8242 = VECTOR('',#8243,1.);
#8243 = DIRECTION('',(0.,0.,1.));
#8244 = ORIENTED_EDGE('',*,*,#8245,.F.);
#8245 = EDGE_CURVE('',#8207,#8238,#8246,.T.);
#8246 = LINE('',#8247,#8248);
#8247 = CARTESIAN_POINT('',(125.3625,-89.8375,0.));
#8248 = VECTOR('',#8249,1.);
#8249 = DIRECTION('',(-1.,0.,0.));
#8250 = PLANE('',#8251);
#8251 = AXIS2_PLACEMENT_3D('',#8252,#8253,#8254);
#8252 = CARTESIAN_POINT('',(125.3625,-89.8375,0.));
#8253 = DIRECTION('',(0.,-1.,0.));
#8254 = DIRECTION('',(-1.,0.,0.));
#8255 = ADVANCED_FACE('',(#8256),#8272,.T.);
#8256 = FACE_BOUND('',#8257,.T.);
#8257 = EDGE_LOOP('',(#8258,#8259,#8265,#8266));
#8258 = ORIENTED_EDGE('',*,*,#8237,.T.);
#8259 = ORIENTED_EDGE('',*,*,#8260,.T.);
#8260 = EDGE_CURVE('',#8230,#8036,#8261,.T.);
#8261 = LINE('',#8262,#8263);
#8262 = CARTESIAN_POINT('',(112.7625,-89.8375,1.59));
#8263 = VECTOR('',#8264,1.);
#8264 = DIRECTION('',(-0.707106781187,-0.707106781187,0.));
#8265 = ORIENTED_EDGE('',*,*,#8033,.F.);
#8266 = ORIENTED_EDGE('',*,*,#8267,.F.);
#8267 = EDGE_CURVE('',#8238,#8034,#8268,.T.);
#8268 = LINE('',#8269,#8270);
#8269 = CARTESIAN_POINT('',(112.7625,-89.8375,0.));
#8270 = VECTOR('',#8271,1.);
#8271 = DIRECTION('',(-0.707106781187,-0.707106781187,0.));
#8272 = PLANE('',#8273);
#8273 = AXIS2_PLACEMENT_3D('',#8274,#8275,#8276);
#8274 = CARTESIAN_POINT('',(112.7625,-89.8375,0.));
#8275 = DIRECTION('',(0.707106781187,-0.707106781187,0.));
#8276 = DIRECTION('',(-0.707106781187,-0.707106781187,0.));
#8277 = ADVANCED_FACE('',(#8278),#8312,.T.);
#8278 = FACE_BOUND('',#8279,.T.);
#8279 = EDGE_LOOP('',(#8280,#8290,#8298,#8306));
#8280 = ORIENTED_EDGE('',*,*,#8281,.T.);
#8281 = EDGE_CURVE('',#8282,#8284,#8286,.T.);
#8282 = VERTEX_POINT('',#8283);
#8283 = CARTESIAN_POINT('',(130.8125,-90.8375,0.));
#8284 = VERTEX_POINT('',#8285);
#8285 = CARTESIAN_POINT('',(130.8125,-90.8375,1.59));
#8286 = LINE('',#8287,#8288);
#8287 = CARTESIAN_POINT('',(130.8125,-90.8375,0.));
#8288 = VECTOR('',#8289,1.);
#8289 = DIRECTION('',(0.,0.,1.));
#8290 = ORIENTED_EDGE('',*,*,#8291,.T.);
#8291 = EDGE_CURVE('',#8284,#8292,#8294,.T.);
#8292 = VERTEX_POINT('',#8293);
#8293 = CARTESIAN_POINT('',(130.8125,-102.8375,1.59));
#8294 = LINE('',#8295,#8296);
#8295 = CARTESIAN_POINT('',(130.8125,-90.8375,1.59));
#8296 = VECTOR('',#8297,1.);
#8297 = DIRECTION('',(0.,-1.,0.));
#8298 = ORIENTED_EDGE('',*,*,#8299,.F.);
#8299 = EDGE_CURVE('',#8300,#8292,#8302,.T.);
#8300 = VERTEX_POINT('',#8301);
#8301 = CARTESIAN_POINT('',(130.8125,-102.8375,0.));
#8302 = LINE('',#8303,#8304);
#8303 = CARTESIAN_POINT('',(130.8125,-102.8375,0.));
#8304 = VECTOR('',#8305,1.);
#8305 = DIRECTION('',(0.,0.,1.));
#8306 = ORIENTED_EDGE('',*,*,#8307,.F.);
#8307 = EDGE_CURVE('',#8282,#8300,#8308,.T.);
#8308 = LINE('',#8309,#8310);
#8309 = CARTESIAN_POINT('',(130.8125,-90.8375,0.));
#8310 = VECTOR('',#8311,1.);
#8311 = DIRECTION('',(0.,-1.,0.));
#8312 = PLANE('',#8313);
#8313 = AXIS2_PLACEMENT_3D('',#8314,#8315,#8316);
#8314 = CARTESIAN_POINT('',(130.8125,-90.8375,0.));
#8315 = DIRECTION('',(1.,0.,-0.));
#8316 = DIRECTION('',(0.,-1.,0.));
#8317 = ADVANCED_FACE('',(#8318),#8343,.T.);
#8318 = FACE_BOUND('',#8319,.T.);
#8319 = EDGE_LOOP('',(#8320,#8321,#8329,#8337));
#8320 = ORIENTED_EDGE('',*,*,#8299,.T.);
#8321 = ORIENTED_EDGE('',*,*,#8322,.T.);
#8322 = EDGE_CURVE('',#8292,#8323,#8325,.T.);
#8323 = VERTEX_POINT('',#8324);
#8324 = CARTESIAN_POINT('',(131.8125,-103.8375,1.59));
#8325 = LINE('',#8326,#8327);
#8326 = CARTESIAN_POINT('',(130.8125,-102.8375,1.59));
#8327 = VECTOR('',#8328,1.);
#8328 = DIRECTION('',(0.707106781187,-0.707106781187,0.));
#8329 = ORIENTED_EDGE('',*,*,#8330,.F.);
#8330 = EDGE_CURVE('',#8331,#8323,#8333,.T.);
#8331 = VERTEX_POINT('',#8332);
#8332 = CARTESIAN_POINT('',(131.8125,-103.8375,0.));
#8333 = LINE('',#8334,#8335);
#8334 = CARTESIAN_POINT('',(131.8125,-103.8375,0.));
#8335 = VECTOR('',#8336,1.);
#8336 = DIRECTION('',(0.,0.,1.));
#8337 = ORIENTED_EDGE('',*,*,#8338,.F.);
#8338 = EDGE_CURVE('',#8300,#8331,#8339,.T.);
#8339 = LINE('',#8340,#8341);
#8340 = CARTESIAN_POINT('',(130.8125,-102.8375,0.));
#8341 = VECTOR('',#8342,1.);
#8342 = DIRECTION('',(0.707106781187,-0.707106781187,0.));
#8343 = PLANE('',#8344);
#8344 = AXIS2_PLACEMENT_3D('',#8345,#8346,#8347);
#8345 = CARTESIAN_POINT('',(130.8125,-102.8375,0.));
#8346 = DIRECTION('',(0.707106781187,0.707106781187,-0.));
#8347 = DIRECTION('',(0.707106781187,-0.707106781187,0.));
#8348 = ADVANCED_FACE('',(#8349),#8374,.T.);
#8349 = FACE_BOUND('',#8350,.T.);
#8350 = EDGE_LOOP('',(#8351,#8352,#8360,#8368));
#8351 = ORIENTED_EDGE('',*,*,#8330,.T.);
#8352 = ORIENTED_EDGE('',*,*,#8353,.T.);
#8353 = EDGE_CURVE('',#8323,#8354,#8356,.T.);
#8354 = VERTEX_POINT('',#8355);
#8355 = CARTESIAN_POINT('',(144.4125,-103.8375,1.59));
#8356 = LINE('',#8357,#8358);
#8357 = CARTESIAN_POINT('',(131.8125,-103.8375,1.59));
#8358 = VECTOR('',#8359,1.);
#8359 = DIRECTION('',(1.,0.,0.));
#8360 = ORIENTED_EDGE('',*,*,#8361,.F.);
#8361 = EDGE_CURVE('',#8362,#8354,#8364,.T.);
#8362 = VERTEX_POINT('',#8363);
#8363 = CARTESIAN_POINT('',(144.4125,-103.8375,0.));
#8364 = LINE('',#8365,#8366);
#8365 = CARTESIAN_POINT('',(144.4125,-103.8375,0.));
#8366 = VECTOR('',#8367,1.);
#8367 = DIRECTION('',(0.,0.,1.));
#8368 = ORIENTED_EDGE('',*,*,#8369,.F.);
#8369 = EDGE_CURVE('',#8331,#8362,#8370,.T.);
#8370 = LINE('',#8371,#8372);
#8371 = CARTESIAN_POINT('',(131.8125,-103.8375,0.));
#8372 = VECTOR('',#8373,1.);
#8373 = DIRECTION('',(1.,0.,0.));
#8374 = PLANE('',#8375);
#8375 = AXIS2_PLACEMENT_3D('',#8376,#8377,#8378);
#8376 = CARTESIAN_POINT('',(131.8125,-103.8375,0.));
#8377 = DIRECTION('',(0.,1.,0.));
#8378 = DIRECTION('',(1.,0.,0.));
#8379 = ADVANCED_FACE('',(#8380),#8405,.T.);
#8380 = FACE_BOUND('',#8381,.T.);
#8381 = EDGE_LOOP('',(#8382,#8383,#8391,#8399));
#8382 = ORIENTED_EDGE('',*,*,#8361,.T.);
#8383 = ORIENTED_EDGE('',*,*,#8384,.T.);
#8384 = EDGE_CURVE('',#8354,#8385,#8387,.T.);
#8385 = VERTEX_POINT('',#8386);
#8386 = CARTESIAN_POINT('',(145.4125,-102.8375,1.59));
#8387 = LINE('',#8388,#8389);
#8388 = CARTESIAN_POINT('',(144.4125,-103.8375,1.59));
#8389 = VECTOR('',#8390,1.);
#8390 = DIRECTION('',(0.707106781187,0.707106781187,0.));
#8391 = ORIENTED_EDGE('',*,*,#8392,.F.);
#8392 = EDGE_CURVE('',#8393,#8385,#8395,.T.);
#8393 = VERTEX_POINT('',#8394);
#8394 = CARTESIAN_POINT('',(145.4125,-102.8375,0.));
#8395 = LINE('',#8396,#8397);
#8396 = CARTESIAN_POINT('',(145.4125,-102.8375,0.));
#8397 = VECTOR('',#8398,1.);
#8398 = DIRECTION('',(0.,0.,1.));
#8399 = ORIENTED_EDGE('',*,*,#8400,.F.);
#8400 = EDGE_CURVE('',#8362,#8393,#8401,.T.);
#8401 = LINE('',#8402,#8403);
#8402 = CARTESIAN_POINT('',(144.4125,-103.8375,0.));
#8403 = VECTOR('',#8404,1.);
#8404 = DIRECTION('',(0.707106781187,0.707106781187,0.));
#8405 = PLANE('',#8406);
#8406 = AXIS2_PLACEMENT_3D('',#8407,#8408,#8409);
#8407 = CARTESIAN_POINT('',(144.4125,-103.8375,0.));
#8408 = DIRECTION('',(-0.707106781187,0.707106781187,0.));
#8409 = DIRECTION('',(0.707106781187,0.707106781187,0.));
#8410 = ADVANCED_FACE('',(#8411),#8436,.T.);
#8411 = FACE_BOUND('',#8412,.T.);
#8412 = EDGE_LOOP('',(#8413,#8414,#8422,#8430));
#8413 = ORIENTED_EDGE('',*,*,#8392,.T.);
#8414 = ORIENTED_EDGE('',*,*,#8415,.T.);
#8415 = EDGE_CURVE('',#8385,#8416,#8418,.T.);
#8416 = VERTEX_POINT('',#8417);
#8417 = CARTESIAN_POINT('',(145.4125,-90.8375,1.59));
#8418 = LINE('',#8419,#8420);
#8419 = CARTESIAN_POINT('',(145.4125,-102.8375,1.59));
#8420 = VECTOR('',#8421,1.);
#8421 = DIRECTION('',(0.,1.,0.));
#8422 = ORIENTED_EDGE('',*,*,#8423,.F.);
#8423 = EDGE_CURVE('',#8424,#8416,#8426,.T.);
#8424 = VERTEX_POINT('',#8425);
#8425 = CARTESIAN_POINT('',(145.4125,-90.8375,0.));
#8426 = LINE('',#8427,#8428);
#8427 = CARTESIAN_POINT('',(145.4125,-90.8375,0.));
#8428 = VECTOR('',#8429,1.);
#8429 = DIRECTION('',(0.,0.,1.));
#8430 = ORIENTED_EDGE('',*,*,#8431,.F.);
#8431 = EDGE_CURVE('',#8393,#8424,#8432,.T.);
#8432 = LINE('',#8433,#8434);
#8433 = CARTESIAN_POINT('',(145.4125,-102.8375,0.));
#8434 = VECTOR('',#8435,1.);
#8435 = DIRECTION('',(0.,1.,0.));
#8436 = PLANE('',#8437);
#8437 = AXIS2_PLACEMENT_3D('',#8438,#8439,#8440);
#8438 = CARTESIAN_POINT('',(145.4125,-102.8375,0.));
#8439 = DIRECTION('',(-1.,0.,0.));
#8440 = DIRECTION('',(0.,1.,0.));
#8441 = ADVANCED_FACE('',(#8442),#8467,.T.);
#8442 = FACE_BOUND('',#8443,.T.);
#8443 = EDGE_LOOP('',(#8444,#8445,#8453,#8461));
#8444 = ORIENTED_EDGE('',*,*,#8423,.T.);
#8445 = ORIENTED_EDGE('',*,*,#8446,.T.);
#8446 = EDGE_CURVE('',#8416,#8447,#8449,.T.);
#8447 = VERTEX_POINT('',#8448);
#8448 = CARTESIAN_POINT('',(144.4125,-89.8375,1.59));
#8449 = LINE('',#8450,#8451);
#8450 = CARTESIAN_POINT('',(145.4125,-90.8375,1.59));
#8451 = VECTOR('',#8452,1.);
#8452 = DIRECTION('',(-0.707106781187,0.707106781187,0.));
#8453 = ORIENTED_EDGE('',*,*,#8454,.F.);
#8454 = EDGE_CURVE('',#8455,#8447,#8457,.T.);
#8455 = VERTEX_POINT('',#8456);
#8456 = CARTESIAN_POINT('',(144.4125,-89.8375,0.));
#8457 = LINE('',#8458,#8459);
#8458 = CARTESIAN_POINT('',(144.4125,-89.8375,0.));
#8459 = VECTOR('',#8460,1.);
#8460 = DIRECTION('',(0.,0.,1.));
#8461 = ORIENTED_EDGE('',*,*,#8462,.F.);
#8462 = EDGE_CURVE('',#8424,#8455,#8463,.T.);
#8463 = LINE('',#8464,#8465);
#8464 = CARTESIAN_POINT('',(145.4125,-90.8375,0.));
#8465 = VECTOR('',#8466,1.);
#8466 = DIRECTION('',(-0.707106781187,0.707106781187,0.));
#8467 = PLANE('',#8468);
#8468 = AXIS2_PLACEMENT_3D('',#8469,#8470,#8471);
#8469 = CARTESIAN_POINT('',(145.4125,-90.8375,0.));
#8470 = DIRECTION('',(-0.707106781187,-0.707106781187,0.));
#8471 = DIRECTION('',(-0.707106781187,0.707106781187,0.));
#8472 = ADVANCED_FACE('',(#8473),#8498,.T.);
#8473 = FACE_BOUND('',#8474,.T.);
#8474 = EDGE_LOOP('',(#8475,#8476,#8484,#8492));
#8475 = ORIENTED_EDGE('',*,*,#8454,.T.);
#8476 = ORIENTED_EDGE('',*,*,#8477,.T.);
#8477 = EDGE_CURVE('',#8447,#8478,#8480,.T.);
#8478 = VERTEX_POINT('',#8479);
#8479 = CARTESIAN_POINT('',(131.8125,-89.8375,1.59));
#8480 = LINE('',#8481,#8482);
#8481 = CARTESIAN_POINT('',(144.4125,-89.8375,1.59));
#8482 = VECTOR('',#8483,1.);
#8483 = DIRECTION('',(-1.,0.,0.));
#8484 = ORIENTED_EDGE('',*,*,#8485,.F.);
#8485 = EDGE_CURVE('',#8486,#8478,#8488,.T.);
#8486 = VERTEX_POINT('',#8487);
#8487 = CARTESIAN_POINT('',(131.8125,-89.8375,0.));
#8488 = LINE('',#8489,#8490);
#8489 = CARTESIAN_POINT('',(131.8125,-89.8375,0.));
#8490 = VECTOR('',#8491,1.);
#8491 = DIRECTION('',(0.,0.,1.));
#8492 = ORIENTED_EDGE('',*,*,#8493,.F.);
#8493 = EDGE_CURVE('',#8455,#8486,#8494,.T.);
#8494 = LINE('',#8495,#8496);
#8495 = CARTESIAN_POINT('',(144.4125,-89.8375,0.));
#8496 = VECTOR('',#8497,1.);
#8497 = DIRECTION('',(-1.,0.,0.));
#8498 = PLANE('',#8499);
#8499 = AXIS2_PLACEMENT_3D('',#8500,#8501,#8502);
#8500 = CARTESIAN_POINT('',(144.4125,-89.8375,0.));
#8501 = DIRECTION('',(0.,-1.,0.));
#8502 = DIRECTION('',(-1.,0.,0.));
#8503 = ADVANCED_FACE('',(#8504),#8520,.T.);
#8504 = FACE_BOUND('',#8505,.T.);
#8505 = EDGE_LOOP('',(#8506,#8507,#8513,#8514));
#8506 = ORIENTED_EDGE('',*,*,#8485,.T.);
#8507 = ORIENTED_EDGE('',*,*,#8508,.T.);
#8508 = EDGE_CURVE('',#8478,#8284,#8509,.T.);
#8509 = LINE('',#8510,#8511);
#8510 = CARTESIAN_POINT('',(131.8125,-89.8375,1.59));
#8511 = VECTOR('',#8512,1.);
#8512 = DIRECTION('',(-0.707106781187,-0.707106781187,0.));
#8513 = ORIENTED_EDGE('',*,*,#8281,.F.);
#8514 = ORIENTED_EDGE('',*,*,#8515,.F.);
#8515 = EDGE_CURVE('',#8486,#8282,#8516,.T.);
#8516 = LINE('',#8517,#8518);
#8517 = CARTESIAN_POINT('',(131.8125,-89.8375,0.));
#8518 = VECTOR('',#8519,1.);
#8519 = DIRECTION('',(-0.707106781187,-0.707106781187,0.));
#8520 = PLANE('',#8521);
#8521 = AXIS2_PLACEMENT_3D('',#8522,#8523,#8524);
#8522 = CARTESIAN_POINT('',(131.8125,-89.8375,0.));
#8523 = DIRECTION('',(0.707106781187,-0.707106781187,0.));
#8524 = DIRECTION('',(-0.707106781187,-0.707106781187,0.));
#8525 = ADVANCED_FACE('',(#8526),#8560,.T.);
#8526 = FACE_BOUND('',#8527,.T.);
#8527 = EDGE_LOOP('',(#8528,#8538,#8546,#8554));
#8528 = ORIENTED_EDGE('',*,*,#8529,.T.);
#8529 = EDGE_CURVE('',#8530,#8532,#8534,.T.);
#8530 = VERTEX_POINT('',#8531);
#8531 = CARTESIAN_POINT('',(149.8625,-90.8375,0.));
#8532 = VERTEX_POINT('',#8533);
#8533 = CARTESIAN_POINT('',(149.8625,-90.8375,1.59));
#8534 = LINE('',#8535,#8536);
#8535 = CARTESIAN_POINT('',(149.8625,-90.8375,0.));
#8536 = VECTOR('',#8537,1.);
#8537 = DIRECTION('',(0.,0.,1.));
#8538 = ORIENTED_EDGE('',*,*,#8539,.T.);
#8539 = EDGE_CURVE('',#8532,#8540,#8542,.T.);
#8540 = VERTEX_POINT('',#8541);
#8541 = CARTESIAN_POINT('',(149.8625,-102.8375,1.59));
#8542 = LINE('',#8543,#8544);
#8543 = CARTESIAN_POINT('',(149.8625,-90.8375,1.59));
#8544 = VECTOR('',#8545,1.);
#8545 = DIRECTION('',(0.,-1.,0.));
#8546 = ORIENTED_EDGE('',*,*,#8547,.F.);
#8547 = EDGE_CURVE('',#8548,#8540,#8550,.T.);
#8548 = VERTEX_POINT('',#8549);
#8549 = CARTESIAN_POINT('',(149.8625,-102.8375,0.));
#8550 = LINE('',#8551,#8552);
#8551 = CARTESIAN_POINT('',(149.8625,-102.8375,0.));
#8552 = VECTOR('',#8553,1.);
#8553 = DIRECTION('',(0.,0.,1.));
#8554 = ORIENTED_EDGE('',*,*,#8555,.F.);
#8555 = EDGE_CURVE('',#8530,#8548,#8556,.T.);
#8556 = LINE('',#8557,#8558);
#8557 = CARTESIAN_POINT('',(149.8625,-90.8375,0.));
#8558 = VECTOR('',#8559,1.);
#8559 = DIRECTION('',(0.,-1.,0.));
#8560 = PLANE('',#8561);
#8561 = AXIS2_PLACEMENT_3D('',#8562,#8563,#8564);
#8562 = CARTESIAN_POINT('',(149.8625,-90.8375,0.));
#8563 = DIRECTION('',(1.,0.,-0.));
#8564 = DIRECTION('',(0.,-1.,0.));
#8565 = ADVANCED_FACE('',(#8566),#8591,.T.);
#8566 = FACE_BOUND('',#8567,.T.);
#8567 = EDGE_LOOP('',(#8568,#8569,#8577,#8585));
#8568 = ORIENTED_EDGE('',*,*,#8547,.T.);
#8569 = ORIENTED_EDGE('',*,*,#8570,.T.);
#8570 = EDGE_CURVE('',#8540,#8571,#8573,.T.);
#8571 = VERTEX_POINT('',#8572);
#8572 = CARTESIAN_POINT('',(150.8625,-103.8375,1.59));
#8573 = LINE('',#8574,#8575);
#8574 = CARTESIAN_POINT('',(149.8625,-102.8375,1.59));
#8575 = VECTOR('',#8576,1.);
#8576 = DIRECTION('',(0.707106781187,-0.707106781187,0.));
#8577 = ORIENTED_EDGE('',*,*,#8578,.F.);
#8578 = EDGE_CURVE('',#8579,#8571,#8581,.T.);
#8579 = VERTEX_POINT('',#8580);
#8580 = CARTESIAN_POINT('',(150.8625,-103.8375,0.));
#8581 = LINE('',#8582,#8583);
#8582 = CARTESIAN_POINT('',(150.8625,-103.8375,0.));
#8583 = VECTOR('',#8584,1.);
#8584 = DIRECTION('',(0.,0.,1.));
#8585 = ORIENTED_EDGE('',*,*,#8586,.F.);
#8586 = EDGE_CURVE('',#8548,#8579,#8587,.T.);
#8587 = LINE('',#8588,#8589);
#8588 = CARTESIAN_POINT('',(149.8625,-102.8375,0.));
#8589 = VECTOR('',#8590,1.);
#8590 = DIRECTION('',(0.707106781187,-0.707106781187,0.));
#8591 = PLANE('',#8592);
#8592 = AXIS2_PLACEMENT_3D('',#8593,#8594,#8595);
#8593 = CARTESIAN_POINT('',(149.8625,-102.8375,0.));
#8594 = DIRECTION('',(0.707106781187,0.707106781187,-0.));
#8595 = DIRECTION('',(0.707106781187,-0.707106781187,0.));
#8596 = ADVANCED_FACE('',(#8597),#8622,.T.);
#8597 = FACE_BOUND('',#8598,.T.);
#8598 = EDGE_LOOP('',(#8599,#8600,#8608,#8616));
#8599 = ORIENTED_EDGE('',*,*,#8578,.T.);
#8600 = ORIENTED_EDGE('',*,*,#8601,.T.);
#8601 = EDGE_CURVE('',#8571,#8602,#8604,.T.);
#8602 = VERTEX_POINT('',#8603);
#8603 = CARTESIAN_POINT('',(163.4625,-103.8375,1.59));
#8604 = LINE('',#8605,#8606);
#8605 = CARTESIAN_POINT('',(150.8625,-103.8375,1.59));
#8606 = VECTOR('',#8607,1.);
#8607 = DIRECTION('',(1.,0.,0.));
#8608 = ORIENTED_EDGE('',*,*,#8609,.F.);
#8609 = EDGE_CURVE('',#8610,#8602,#8612,.T.);
#8610 = VERTEX_POINT('',#8611);
#8611 = CARTESIAN_POINT('',(163.4625,-103.8375,0.));
#8612 = LINE('',#8613,#8614);
#8613 = CARTESIAN_POINT('',(163.4625,-103.8375,0.));
#8614 = VECTOR('',#8615,1.);
#8615 = DIRECTION('',(0.,0.,1.));
#8616 = ORIENTED_EDGE('',*,*,#8617,.F.);
#8617 = EDGE_CURVE('',#8579,#8610,#8618,.T.);
#8618 = LINE('',#8619,#8620);
#8619 = CARTESIAN_POINT('',(150.8625,-103.8375,0.));
#8620 = VECTOR('',#8621,1.);
#8621 = DIRECTION('',(1.,0.,0.));
#8622 = PLANE('',#8623);
#8623 = AXIS2_PLACEMENT_3D('',#8624,#8625,#8626);
#8624 = CARTESIAN_POINT('',(150.8625,-103.8375,0.));
#8625 = DIRECTION('',(0.,1.,0.));
#8626 = DIRECTION('',(1.,0.,0.));
#8627 = ADVANCED_FACE('',(#8628),#8653,.T.);
#8628 = FACE_BOUND('',#8629,.T.);
#8629 = EDGE_LOOP('',(#8630,#8631,#8639,#8647));
#8630 = ORIENTED_EDGE('',*,*,#8609,.T.);
#8631 = ORIENTED_EDGE('',*,*,#8632,.T.);
#8632 = EDGE_CURVE('',#8602,#8633,#8635,.T.);
#8633 = VERTEX_POINT('',#8634);
#8634 = CARTESIAN_POINT('',(164.4625,-102.8375,1.59));
#8635 = LINE('',#8636,#8637);
#8636 = CARTESIAN_POINT('',(163.4625,-103.8375,1.59));
#8637 = VECTOR('',#8638,1.);
#8638 = DIRECTION('',(0.707106781187,0.707106781187,0.));
#8639 = ORIENTED_EDGE('',*,*,#8640,.F.);
#8640 = EDGE_CURVE('',#8641,#8633,#8643,.T.);
#8641 = VERTEX_POINT('',#8642);
#8642 = CARTESIAN_POINT('',(164.4625,-102.8375,0.));
#8643 = LINE('',#8644,#8645);
#8644 = CARTESIAN_POINT('',(164.4625,-102.8375,0.));
#8645 = VECTOR('',#8646,1.);
#8646 = DIRECTION('',(0.,0.,1.));
#8647 = ORIENTED_EDGE('',*,*,#8648,.F.);
#8648 = EDGE_CURVE('',#8610,#8641,#8649,.T.);
#8649 = LINE('',#8650,#8651);
#8650 = CARTESIAN_POINT('',(163.4625,-103.8375,0.));
#8651 = VECTOR('',#8652,1.);
#8652 = DIRECTION('',(0.707106781187,0.707106781187,0.));
#8653 = PLANE('',#8654);
#8654 = AXIS2_PLACEMENT_3D('',#8655,#8656,#8657);
#8655 = CARTESIAN_POINT('',(163.4625,-103.8375,0.));
#8656 = DIRECTION('',(-0.707106781187,0.707106781187,0.));
#8657 = DIRECTION('',(0.707106781187,0.707106781187,0.));
#8658 = ADVANCED_FACE('',(#8659),#8684,.T.);
#8659 = FACE_BOUND('',#8660,.T.);
#8660 = EDGE_LOOP('',(#8661,#8662,#8670,#8678));
#8661 = ORIENTED_EDGE('',*,*,#8640,.T.);
#8662 = ORIENTED_EDGE('',*,*,#8663,.T.);
#8663 = EDGE_CURVE('',#8633,#8664,#8666,.T.);
#8664 = VERTEX_POINT('',#8665);
#8665 = CARTESIAN_POINT('',(164.4625,-90.8375,1.59));
#8666 = LINE('',#8667,#8668);
#8667 = CARTESIAN_POINT('',(164.4625,-102.8375,1.59));
#8668 = VECTOR('',#8669,1.);
#8669 = DIRECTION('',(0.,1.,0.));
#8670 = ORIENTED_EDGE('',*,*,#8671,.F.);
#8671 = EDGE_CURVE('',#8672,#8664,#8674,.T.);
#8672 = VERTEX_POINT('',#8673);
#8673 = CARTESIAN_POINT('',(164.4625,-90.8375,0.));
#8674 = LINE('',#8675,#8676);
#8675 = CARTESIAN_POINT('',(164.4625,-90.8375,0.));
#8676 = VECTOR('',#8677,1.);
#8677 = DIRECTION('',(0.,0.,1.));
#8678 = ORIENTED_EDGE('',*,*,#8679,.F.);
#8679 = EDGE_CURVE('',#8641,#8672,#8680,.T.);
#8680 = LINE('',#8681,#8682);
#8681 = CARTESIAN_POINT('',(164.4625,-102.8375,0.));
#8682 = VECTOR('',#8683,1.);
#8683 = DIRECTION('',(0.,1.,0.));
#8684 = PLANE('',#8685);
#8685 = AXIS2_PLACEMENT_3D('',#8686,#8687,#8688);
#8686 = CARTESIAN_POINT('',(164.4625,-102.8375,0.));
#8687 = DIRECTION('',(-1.,0.,0.));
#8688 = DIRECTION('',(0.,1.,0.));
#8689 = ADVANCED_FACE('',(#8690),#8715,.T.);
#8690 = FACE_BOUND('',#8691,.T.);
#8691 = EDGE_LOOP('',(#8692,#8693,#8701,#8709));
#8692 = ORIENTED_EDGE('',*,*,#8671,.T.);
#8693 = ORIENTED_EDGE('',*,*,#8694,.T.);
#8694 = EDGE_CURVE('',#8664,#8695,#8697,.T.);
#8695 = VERTEX_POINT('',#8696);
#8696 = CARTESIAN_POINT('',(163.4625,-89.8375,1.59));
#8697 = LINE('',#8698,#8699);
#8698 = CARTESIAN_POINT('',(164.4625,-90.8375,1.59));
#8699 = VECTOR('',#8700,1.);
#8700 = DIRECTION('',(-0.707106781187,0.707106781187,0.));
#8701 = ORIENTED_EDGE('',*,*,#8702,.F.);
#8702 = EDGE_CURVE('',#8703,#8695,#8705,.T.);
#8703 = VERTEX_POINT('',#8704);
#8704 = CARTESIAN_POINT('',(163.4625,-89.8375,0.));
#8705 = LINE('',#8706,#8707);
#8706 = CARTESIAN_POINT('',(163.4625,-89.8375,0.));
#8707 = VECTOR('',#8708,1.);
#8708 = DIRECTION('',(0.,0.,1.));
#8709 = ORIENTED_EDGE('',*,*,#8710,.F.);
#8710 = EDGE_CURVE('',#8672,#8703,#8711,.T.);
#8711 = LINE('',#8712,#8713);
#8712 = CARTESIAN_POINT('',(164.4625,-90.8375,0.));
#8713 = VECTOR('',#8714,1.);
#8714 = DIRECTION('',(-0.707106781187,0.707106781187,0.));
#8715 = PLANE('',#8716);
#8716 = AXIS2_PLACEMENT_3D('',#8717,#8718,#8719);
#8717 = CARTESIAN_POINT('',(164.4625,-90.8375,0.));
#8718 = DIRECTION('',(-0.707106781187,-0.707106781187,0.));
#8719 = DIRECTION('',(-0.707106781187,0.707106781187,0.));
#8720 = ADVANCED_FACE('',(#8721),#8746,.T.);
#8721 = FACE_BOUND('',#8722,.T.);
#8722 = EDGE_LOOP('',(#8723,#8724,#8732,#8740));
#8723 = ORIENTED_EDGE('',*,*,#8702,.T.);
#8724 = ORIENTED_EDGE('',*,*,#8725,.T.);
#8725 = EDGE_CURVE('',#8695,#8726,#8728,.T.);
#8726 = VERTEX_POINT('',#8727);
#8727 = CARTESIAN_POINT('',(150.8625,-89.8375,1.59));
#8728 = LINE('',#8729,#8730);
#8729 = CARTESIAN_POINT('',(163.4625,-89.8375,1.59));
#8730 = VECTOR('',#8731,1.);
#8731 = DIRECTION('',(-1.,0.,0.));
#8732 = ORIENTED_EDGE('',*,*,#8733,.F.);
#8733 = EDGE_CURVE('',#8734,#8726,#8736,.T.);
#8734 = VERTEX_POINT('',#8735);
#8735 = CARTESIAN_POINT('',(150.8625,-89.8375,0.));
#8736 = LINE('',#8737,#8738);
#8737 = CARTESIAN_POINT('',(150.8625,-89.8375,0.));
#8738 = VECTOR('',#8739,1.);
#8739 = DIRECTION('',(0.,0.,1.));
#8740 = ORIENTED_EDGE('',*,*,#8741,.F.);
#8741 = EDGE_CURVE('',#8703,#8734,#8742,.T.);
#8742 = LINE('',#8743,#8744);
#8743 = CARTESIAN_POINT('',(163.4625,-89.8375,0.));
#8744 = VECTOR('',#8745,1.);
#8745 = DIRECTION('',(-1.,0.,0.));
#8746 = PLANE('',#8747);
#8747 = AXIS2_PLACEMENT_3D('',#8748,#8749,#8750);
#8748 = CARTESIAN_POINT('',(163.4625,-89.8375,0.));
#8749 = DIRECTION('',(0.,-1.,0.));
#8750 = DIRECTION('',(-1.,0.,0.));
#8751 = ADVANCED_FACE('',(#8752),#8768,.T.);
#8752 = FACE_BOUND('',#8753,.T.);
#8753 = EDGE_LOOP('',(#8754,#8755,#8761,#8762));
#8754 = ORIENTED_EDGE('',*,*,#8733,.T.);
#8755 = ORIENTED_EDGE('',*,*,#8756,.T.);
#8756 = EDGE_CURVE('',#8726,#8532,#8757,.T.);
#8757 = LINE('',#8758,#8759);
#8758 = CARTESIAN_POINT('',(150.8625,-89.8375,1.59));
#8759 = VECTOR('',#8760,1.);
#8760 = DIRECTION('',(-0.707106781187,-0.707106781187,0.));
#8761 = ORIENTED_EDGE('',*,*,#8529,.F.);
#8762 = ORIENTED_EDGE('',*,*,#8763,.F.);
#8763 = EDGE_CURVE('',#8734,#8530,#8764,.T.);
#8764 = LINE('',#8765,#8766);
#8765 = CARTESIAN_POINT('',(150.8625,-89.8375,0.));
#8766 = VECTOR('',#8767,1.);
#8767 = DIRECTION('',(-0.707106781187,-0.707106781187,0.));
#8768 = PLANE('',#8769);
#8769 = AXIS2_PLACEMENT_3D('',#8770,#8771,#8772);
#8770 = CARTESIAN_POINT('',(150.8625,-89.8375,0.));
#8771 = DIRECTION('',(0.707106781187,-0.707106781187,0.));
#8772 = DIRECTION('',(-0.707106781187,-0.707106781187,0.));
#8773 = ADVANCED_FACE('',(#8774),#8808,.T.);
#8774 = FACE_BOUND('',#8775,.T.);
#8775 = EDGE_LOOP('',(#8776,#8786,#8794,#8802));
#8776 = ORIENTED_EDGE('',*,*,#8777,.T.);
#8777 = EDGE_CURVE('',#8778,#8780,#8782,.T.);
#8778 = VERTEX_POINT('',#8779);
#8779 = CARTESIAN_POINT('',(168.9125,-90.8375,0.));
#8780 = VERTEX_POINT('',#8781);
#8781 = CARTESIAN_POINT('',(168.9125,-90.8375,1.59));
#8782 = LINE('',#8783,#8784);
#8783 = CARTESIAN_POINT('',(168.9125,-90.8375,0.));
#8784 = VECTOR('',#8785,1.);
#8785 = DIRECTION('',(0.,0.,1.));
#8786 = ORIENTED_EDGE('',*,*,#8787,.T.);
#8787 = EDGE_CURVE('',#8780,#8788,#8790,.T.);
#8788 = VERTEX_POINT('',#8789);
#8789 = CARTESIAN_POINT('',(168.9125,-102.8375,1.59));
#8790 = LINE('',#8791,#8792);
#8791 = CARTESIAN_POINT('',(168.9125,-90.8375,1.59));
#8792 = VECTOR('',#8793,1.);
#8793 = DIRECTION('',(0.,-1.,0.));
#8794 = ORIENTED_EDGE('',*,*,#8795,.F.);
#8795 = EDGE_CURVE('',#8796,#8788,#8798,.T.);
#8796 = VERTEX_POINT('',#8797);
#8797 = CARTESIAN_POINT('',(168.9125,-102.8375,0.));
#8798 = LINE('',#8799,#8800);
#8799 = CARTESIAN_POINT('',(168.9125,-102.8375,0.));
#8800 = VECTOR('',#8801,1.);
#8801 = DIRECTION('',(0.,0.,1.));
#8802 = ORIENTED_EDGE('',*,*,#8803,.F.);
#8803 = EDGE_CURVE('',#8778,#8796,#8804,.T.);
#8804 = LINE('',#8805,#8806);
#8805 = CARTESIAN_POINT('',(168.9125,-90.8375,0.));
#8806 = VECTOR('',#8807,1.);
#8807 = DIRECTION('',(0.,-1.,0.));
#8808 = PLANE('',#8809);
#8809 = AXIS2_PLACEMENT_3D('',#8810,#8811,#8812);
#8810 = CARTESIAN_POINT('',(168.9125,-90.8375,0.));
#8811 = DIRECTION('',(1.,0.,-0.));
#8812 = DIRECTION('',(0.,-1.,0.));
#8813 = ADVANCED_FACE('',(#8814),#8839,.T.);
#8814 = FACE_BOUND('',#8815,.T.);
#8815 = EDGE_LOOP('',(#8816,#8817,#8825,#8833));
#8816 = ORIENTED_EDGE('',*,*,#8795,.T.);
#8817 = ORIENTED_EDGE('',*,*,#8818,.T.);
#8818 = EDGE_CURVE('',#8788,#8819,#8821,.T.);
#8819 = VERTEX_POINT('',#8820);
#8820 = CARTESIAN_POINT('',(169.9125,-103.8375,1.59));
#8821 = LINE('',#8822,#8823);
#8822 = CARTESIAN_POINT('',(168.9125,-102.8375,1.59));
#8823 = VECTOR('',#8824,1.);
#8824 = DIRECTION('',(0.707106781187,-0.707106781187,0.));
#8825 = ORIENTED_EDGE('',*,*,#8826,.F.);
#8826 = EDGE_CURVE('',#8827,#8819,#8829,.T.);
#8827 = VERTEX_POINT('',#8828);
#8828 = CARTESIAN_POINT('',(169.9125,-103.8375,0.));
#8829 = LINE('',#8830,#8831);
#8830 = CARTESIAN_POINT('',(169.9125,-103.8375,0.));
#8831 = VECTOR('',#8832,1.);
#8832 = DIRECTION('',(0.,0.,1.));
#8833 = ORIENTED_EDGE('',*,*,#8834,.F.);
#8834 = EDGE_CURVE('',#8796,#8827,#8835,.T.);
#8835 = LINE('',#8836,#8837);
#8836 = CARTESIAN_POINT('',(168.9125,-102.8375,0.));
#8837 = VECTOR('',#8838,1.);
#8838 = DIRECTION('',(0.707106781187,-0.707106781187,0.));
#8839 = PLANE('',#8840);
#8840 = AXIS2_PLACEMENT_3D('',#8841,#8842,#8843);
#8841 = CARTESIAN_POINT('',(168.9125,-102.8375,0.));
#8842 = DIRECTION('',(0.707106781187,0.707106781187,-0.));
#8843 = DIRECTION('',(0.707106781187,-0.707106781187,0.));
#8844 = ADVANCED_FACE('',(#8845),#8870,.T.);
#8845 = FACE_BOUND('',#8846,.T.);
#8846 = EDGE_LOOP('',(#8847,#8848,#8856,#8864));
#8847 = ORIENTED_EDGE('',*,*,#8826,.T.);
#8848 = ORIENTED_EDGE('',*,*,#8849,.T.);
#8849 = EDGE_CURVE('',#8819,#8850,#8852,.T.);
#8850 = VERTEX_POINT('',#8851);
#8851 = CARTESIAN_POINT('',(182.5125,-103.8375,1.59));
#8852 = LINE('',#8853,#8854);
#8853 = CARTESIAN_POINT('',(169.9125,-103.8375,1.59));
#8854 = VECTOR('',#8855,1.);
#8855 = DIRECTION('',(1.,0.,0.));
#8856 = ORIENTED_EDGE('',*,*,#8857,.F.);
#8857 = EDGE_CURVE('',#8858,#8850,#8860,.T.);
#8858 = VERTEX_POINT('',#8859);
#8859 = CARTESIAN_POINT('',(182.5125,-103.8375,0.));
#8860 = LINE('',#8861,#8862);
#8861 = CARTESIAN_POINT('',(182.5125,-103.8375,0.));
#8862 = VECTOR('',#8863,1.);
#8863 = DIRECTION('',(0.,0.,1.));
#8864 = ORIENTED_EDGE('',*,*,#8865,.F.);
#8865 = EDGE_CURVE('',#8827,#8858,#8866,.T.);
#8866 = LINE('',#8867,#8868);
#8867 = CARTESIAN_POINT('',(169.9125,-103.8375,0.));
#8868 = VECTOR('',#8869,1.);
#8869 = DIRECTION('',(1.,0.,0.));
#8870 = PLANE('',#8871);
#8871 = AXIS2_PLACEMENT_3D('',#8872,#8873,#8874);
#8872 = CARTESIAN_POINT('',(169.9125,-103.8375,0.));
#8873 = DIRECTION('',(0.,1.,0.));
#8874 = DIRECTION('',(1.,0.,0.));
#8875 = ADVANCED_FACE('',(#8876),#8901,.T.);
#8876 = FACE_BOUND('',#8877,.T.);
#8877 = EDGE_LOOP('',(#8878,#8879,#8887,#8895));
#8878 = ORIENTED_EDGE('',*,*,#8857,.T.);
#8879 = ORIENTED_EDGE('',*,*,#8880,.T.);
#8880 = EDGE_CURVE('',#8850,#8881,#8883,.T.);
#8881 = VERTEX_POINT('',#8882);
#8882 = CARTESIAN_POINT('',(183.5125,-102.8375,1.59));
#8883 = LINE('',#8884,#8885);
#8884 = CARTESIAN_POINT('',(182.5125,-103.8375,1.59));
#8885 = VECTOR('',#8886,1.);
#8886 = DIRECTION('',(0.707106781187,0.707106781187,0.));
#8887 = ORIENTED_EDGE('',*,*,#8888,.F.);
#8888 = EDGE_CURVE('',#8889,#8881,#8891,.T.);
#8889 = VERTEX_POINT('',#8890);
#8890 = CARTESIAN_POINT('',(183.5125,-102.8375,0.));
#8891 = LINE('',#8892,#8893);
#8892 = CARTESIAN_POINT('',(183.5125,-102.8375,0.));
#8893 = VECTOR('',#8894,1.);
#8894 = DIRECTION('',(0.,0.,1.));
#8895 = ORIENTED_EDGE('',*,*,#8896,.F.);
#8896 = EDGE_CURVE('',#8858,#8889,#8897,.T.);
#8897 = LINE('',#8898,#8899);
#8898 = CARTESIAN_POINT('',(182.5125,-103.8375,0.));
#8899 = VECTOR('',#8900,1.);
#8900 = DIRECTION('',(0.707106781187,0.707106781187,0.));
#8901 = PLANE('',#8902);
#8902 = AXIS2_PLACEMENT_3D('',#8903,#8904,#8905);
#8903 = CARTESIAN_POINT('',(182.5125,-103.8375,0.));
#8904 = DIRECTION('',(-0.707106781187,0.707106781187,0.));
#8905 = DIRECTION('',(0.707106781187,0.707106781187,0.));
#8906 = ADVANCED_FACE('',(#8907),#8932,.T.);
#8907 = FACE_BOUND('',#8908,.T.);
#8908 = EDGE_LOOP('',(#8909,#8910,#8918,#8926));
#8909 = ORIENTED_EDGE('',*,*,#8888,.T.);
#8910 = ORIENTED_EDGE('',*,*,#8911,.T.);
#8911 = EDGE_CURVE('',#8881,#8912,#8914,.T.);
#8912 = VERTEX_POINT('',#8913);
#8913 = CARTESIAN_POINT('',(183.5125,-90.8375,1.59));
#8914 = LINE('',#8915,#8916);
#8915 = CARTESIAN_POINT('',(183.5125,-102.8375,1.59));
#8916 = VECTOR('',#8917,1.);
#8917 = DIRECTION('',(0.,1.,0.));
#8918 = ORIENTED_EDGE('',*,*,#8919,.F.);
#8919 = EDGE_CURVE('',#8920,#8912,#8922,.T.);
#8920 = VERTEX_POINT('',#8921);
#8921 = CARTESIAN_POINT('',(183.5125,-90.8375,0.));
#8922 = LINE('',#8923,#8924);
#8923 = CARTESIAN_POINT('',(183.5125,-90.8375,0.));
#8924 = VECTOR('',#8925,1.);
#8925 = DIRECTION('',(0.,0.,1.));
#8926 = ORIENTED_EDGE('',*,*,#8927,.F.);
#8927 = EDGE_CURVE('',#8889,#8920,#8928,.T.);
#8928 = LINE('',#8929,#8930);
#8929 = CARTESIAN_POINT('',(183.5125,-102.8375,0.));
#8930 = VECTOR('',#8931,1.);
#8931 = DIRECTION('',(0.,1.,0.));
#8932 = PLANE('',#8933);
#8933 = AXIS2_PLACEMENT_3D('',#8934,#8935,#8936);
#8934 = CARTESIAN_POINT('',(183.5125,-102.8375,0.));
#8935 = DIRECTION('',(-1.,0.,0.));
#8936 = DIRECTION('',(0.,1.,0.));
#8937 = ADVANCED_FACE('',(#8938),#8963,.T.);
#8938 = FACE_BOUND('',#8939,.T.);
#8939 = EDGE_LOOP('',(#8940,#8941,#8949,#8957));
#8940 = ORIENTED_EDGE('',*,*,#8919,.T.);
#8941 = ORIENTED_EDGE('',*,*,#8942,.T.);
#8942 = EDGE_CURVE('',#8912,#8943,#8945,.T.);
#8943 = VERTEX_POINT('',#8944);
#8944 = CARTESIAN_POINT('',(182.5125,-89.8375,1.59));
#8945 = LINE('',#8946,#8947);
#8946 = CARTESIAN_POINT('',(183.5125,-90.8375,1.59));
#8947 = VECTOR('',#8948,1.);
#8948 = DIRECTION('',(-0.707106781187,0.707106781187,0.));
#8949 = ORIENTED_EDGE('',*,*,#8950,.F.);
#8950 = EDGE_CURVE('',#8951,#8943,#8953,.T.);
#8951 = VERTEX_POINT('',#8952);
#8952 = CARTESIAN_POINT('',(182.5125,-89.8375,0.));
#8953 = LINE('',#8954,#8955);
#8954 = CARTESIAN_POINT('',(182.5125,-89.8375,0.));
#8955 = VECTOR('',#8956,1.);
#8956 = DIRECTION('',(0.,0.,1.));
#8957 = ORIENTED_EDGE('',*,*,#8958,.F.);
#8958 = EDGE_CURVE('',#8920,#8951,#8959,.T.);
#8959 = LINE('',#8960,#8961);
#8960 = CARTESIAN_POINT('',(183.5125,-90.8375,0.));
#8961 = VECTOR('',#8962,1.);
#8962 = DIRECTION('',(-0.707106781187,0.707106781187,0.));
#8963 = PLANE('',#8964);
#8964 = AXIS2_PLACEMENT_3D('',#8965,#8966,#8967);
#8965 = CARTESIAN_POINT('',(183.5125,-90.8375,0.));
#8966 = DIRECTION('',(-0.707106781187,-0.707106781187,0.));
#8967 = DIRECTION('',(-0.707106781187,0.707106781187,0.));
#8968 = ADVANCED_FACE('',(#8969),#8994,.T.);
#8969 = FACE_BOUND('',#8970,.T.);
#8970 = EDGE_LOOP('',(#8971,#8972,#8980,#8988));
#8971 = ORIENTED_EDGE('',*,*,#8950,.T.);
#8972 = ORIENTED_EDGE('',*,*,#8973,.T.);
#8973 = EDGE_CURVE('',#8943,#8974,#8976,.T.);
#8974 = VERTEX_POINT('',#8975);
#8975 = CARTESIAN_POINT('',(169.9125,-89.8375,1.59));
#8976 = LINE('',#8977,#8978);
#8977 = CARTESIAN_POINT('',(182.5125,-89.8375,1.59));
#8978 = VECTOR('',#8979,1.);
#8979 = DIRECTION('',(-1.,0.,0.));
#8980 = ORIENTED_EDGE('',*,*,#8981,.F.);
#8981 = EDGE_CURVE('',#8982,#8974,#8984,.T.);
#8982 = VERTEX_POINT('',#8983);
#8983 = CARTESIAN_POINT('',(169.9125,-89.8375,0.));
#8984 = LINE('',#8985,#8986);
#8985 = CARTESIAN_POINT('',(169.9125,-89.8375,0.));
#8986 = VECTOR('',#8987,1.);
#8987 = DIRECTION('',(0.,0.,1.));
#8988 = ORIENTED_EDGE('',*,*,#8989,.F.);
#8989 = EDGE_CURVE('',#8951,#8982,#8990,.T.);
#8990 = LINE('',#8991,#8992);
#8991 = CARTESIAN_POINT('',(182.5125,-89.8375,0.));
#8992 = VECTOR('',#8993,1.);
#8993 = DIRECTION('',(-1.,0.,0.));
#8994 = PLANE('',#8995);
#8995 = AXIS2_PLACEMENT_3D('',#8996,#8997,#8998);
#8996 = CARTESIAN_POINT('',(182.5125,-89.8375,0.));
#8997 = DIRECTION('',(0.,-1.,0.));
#8998 = DIRECTION('',(-1.,0.,0.));
#8999 = ADVANCED_FACE('',(#9000),#9016,.T.);
#9000 = FACE_BOUND('',#9001,.T.);
#9001 = EDGE_LOOP('',(#9002,#9003,#9009,#9010));
#9002 = ORIENTED_EDGE('',*,*,#8981,.T.);
#9003 = ORIENTED_EDGE('',*,*,#9004,.T.);
#9004 = EDGE_CURVE('',#8974,#8780,#9005,.T.);
#9005 = LINE('',#9006,#9007);
#9006 = CARTESIAN_POINT('',(169.9125,-89.8375,1.59));
#9007 = VECTOR('',#9008,1.);
#9008 = DIRECTION('',(-0.707106781187,-0.707106781187,0.));
#9009 = ORIENTED_EDGE('',*,*,#8777,.F.);
#9010 = ORIENTED_EDGE('',*,*,#9011,.F.);
#9011 = EDGE_CURVE('',#8982,#8778,#9012,.T.);
#9012 = LINE('',#9013,#9014);
#9013 = CARTESIAN_POINT('',(169.9125,-89.8375,0.));
#9014 = VECTOR('',#9015,1.);
#9015 = DIRECTION('',(-0.707106781187,-0.707106781187,0.));
#9016 = PLANE('',#9017);
#9017 = AXIS2_PLACEMENT_3D('',#9018,#9019,#9020);
#9018 = CARTESIAN_POINT('',(169.9125,-89.8375,0.));
#9019 = DIRECTION('',(0.707106781187,-0.707106781187,0.));
#9020 = DIRECTION('',(-0.707106781187,-0.707106781187,0.));
#9021 = ADVANCED_FACE('',(#9022),#9056,.T.);
#9022 = FACE_BOUND('',#9023,.T.);
#9023 = EDGE_LOOP('',(#9024,#9034,#9042,#9050));
#9024 = ORIENTED_EDGE('',*,*,#9025,.T.);
#9025 = EDGE_CURVE('',#9026,#9028,#9030,.T.);
#9026 = VERTEX_POINT('',#9027);
#9027 = CARTESIAN_POINT('',(187.9625,-90.8375,0.));
#9028 = VERTEX_POINT('',#9029);
#9029 = CARTESIAN_POINT('',(187.9625,-90.8375,1.59));
#9030 = LINE('',#9031,#9032);
#9031 = CARTESIAN_POINT('',(187.9625,-90.8375,0.));
#9032 = VECTOR('',#9033,1.);
#9033 = DIRECTION('',(0.,0.,1.));
#9034 = ORIENTED_EDGE('',*,*,#9035,.T.);
#9035 = EDGE_CURVE('',#9028,#9036,#9038,.T.);
#9036 = VERTEX_POINT('',#9037);
#9037 = CARTESIAN_POINT('',(187.9625,-102.8375,1.59));
#9038 = LINE('',#9039,#9040);
#9039 = CARTESIAN_POINT('',(187.9625,-90.8375,1.59));
#9040 = VECTOR('',#9041,1.);
#9041 = DIRECTION('',(0.,-1.,0.));
#9042 = ORIENTED_EDGE('',*,*,#9043,.F.);
#9043 = EDGE_CURVE('',#9044,#9036,#9046,.T.);
#9044 = VERTEX_POINT('',#9045);
#9045 = CARTESIAN_POINT('',(187.9625,-102.8375,0.));
#9046 = LINE('',#9047,#9048);
#9047 = CARTESIAN_POINT('',(187.9625,-102.8375,0.));
#9048 = VECTOR('',#9049,1.);
#9049 = DIRECTION('',(0.,0.,1.));
#9050 = ORIENTED_EDGE('',*,*,#9051,.F.);
#9051 = EDGE_CURVE('',#9026,#9044,#9052,.T.);
#9052 = LINE('',#9053,#9054);
#9053 = CARTESIAN_POINT('',(187.9625,-90.8375,0.));
#9054 = VECTOR('',#9055,1.);
#9055 = DIRECTION('',(0.,-1.,0.));
#9056 = PLANE('',#9057);
#9057 = AXIS2_PLACEMENT_3D('',#9058,#9059,#9060);
#9058 = CARTESIAN_POINT('',(187.9625,-90.8375,0.));
#9059 = DIRECTION('',(1.,0.,-0.));
#9060 = DIRECTION('',(0.,-1.,0.));
#9061 = ADVANCED_FACE('',(#9062),#9087,.T.);
#9062 = FACE_BOUND('',#9063,.T.);
#9063 = EDGE_LOOP('',(#9064,#9065,#9073,#9081));
#9064 = ORIENTED_EDGE('',*,*,#9043,.T.);
#9065 = ORIENTED_EDGE('',*,*,#9066,.T.);
#9066 = EDGE_CURVE('',#9036,#9067,#9069,.T.);
#9067 = VERTEX_POINT('',#9068);
#9068 = CARTESIAN_POINT('',(188.9625,-103.8375,1.59));
#9069 = LINE('',#9070,#9071);
#9070 = CARTESIAN_POINT('',(187.9625,-102.8375,1.59));
#9071 = VECTOR('',#9072,1.);
#9072 = DIRECTION('',(0.707106781187,-0.707106781187,0.));
#9073 = ORIENTED_EDGE('',*,*,#9074,.F.);
#9074 = EDGE_CURVE('',#9075,#9067,#9077,.T.);
#9075 = VERTEX_POINT('',#9076);
#9076 = CARTESIAN_POINT('',(188.9625,-103.8375,0.));
#9077 = LINE('',#9078,#9079);
#9078 = CARTESIAN_POINT('',(188.9625,-103.8375,0.));
#9079 = VECTOR('',#9080,1.);
#9080 = DIRECTION('',(0.,0.,1.));
#9081 = ORIENTED_EDGE('',*,*,#9082,.F.);
#9082 = EDGE_CURVE('',#9044,#9075,#9083,.T.);
#9083 = LINE('',#9084,#9085);
#9084 = CARTESIAN_POINT('',(187.9625,-102.8375,0.));
#9085 = VECTOR('',#9086,1.);
#9086 = DIRECTION('',(0.707106781187,-0.707106781187,0.));
#9087 = PLANE('',#9088);
#9088 = AXIS2_PLACEMENT_3D('',#9089,#9090,#9091);
#9089 = CARTESIAN_POINT('',(187.9625,-102.8375,0.));
#9090 = DIRECTION('',(0.707106781187,0.707106781187,-0.));
#9091 = DIRECTION('',(0.707106781187,-0.707106781187,0.));
#9092 = ADVANCED_FACE('',(#9093),#9118,.T.);
#9093 = FACE_BOUND('',#9094,.T.);
#9094 = EDGE_LOOP('',(#9095,#9096,#9104,#9112));
#9095 = ORIENTED_EDGE('',*,*,#9074,.T.);
#9096 = ORIENTED_EDGE('',*,*,#9097,.T.);
#9097 = EDGE_CURVE('',#9067,#9098,#9100,.T.);
#9098 = VERTEX_POINT('',#9099);
#9099 = CARTESIAN_POINT('',(201.5625,-103.8375,1.59));
#9100 = LINE('',#9101,#9102);
#9101 = CARTESIAN_POINT('',(188.9625,-103.8375,1.59));
#9102 = VECTOR('',#9103,1.);
#9103 = DIRECTION('',(1.,0.,0.));
#9104 = ORIENTED_EDGE('',*,*,#9105,.F.);
#9105 = EDGE_CURVE('',#9106,#9098,#9108,.T.);
#9106 = VERTEX_POINT('',#9107);
#9107 = CARTESIAN_POINT('',(201.5625,-103.8375,0.));
#9108 = LINE('',#9109,#9110);
#9109 = CARTESIAN_POINT('',(201.5625,-103.8375,0.));
#9110 = VECTOR('',#9111,1.);
#9111 = DIRECTION('',(0.,0.,1.));
#9112 = ORIENTED_EDGE('',*,*,#9113,.F.);
#9113 = EDGE_CURVE('',#9075,#9106,#9114,.T.);
#9114 = LINE('',#9115,#9116);
#9115 = CARTESIAN_POINT('',(188.9625,-103.8375,0.));
#9116 = VECTOR('',#9117,1.);
#9117 = DIRECTION('',(1.,0.,0.));
#9118 = PLANE('',#9119);
#9119 = AXIS2_PLACEMENT_3D('',#9120,#9121,#9122);
#9120 = CARTESIAN_POINT('',(188.9625,-103.8375,0.));
#9121 = DIRECTION('',(0.,1.,0.));
#9122 = DIRECTION('',(1.,0.,0.));
#9123 = ADVANCED_FACE('',(#9124),#9149,.T.);
#9124 = FACE_BOUND('',#9125,.T.);
#9125 = EDGE_LOOP('',(#9126,#9127,#9135,#9143));
#9126 = ORIENTED_EDGE('',*,*,#9105,.T.);
#9127 = ORIENTED_EDGE('',*,*,#9128,.T.);
#9128 = EDGE_CURVE('',#9098,#9129,#9131,.T.);
#9129 = VERTEX_POINT('',#9130);
#9130 = CARTESIAN_POINT('',(202.5625,-102.8375,1.59));
#9131 = LINE('',#9132,#9133);
#9132 = CARTESIAN_POINT('',(201.5625,-103.8375,1.59));
#9133 = VECTOR('',#9134,1.);
#9134 = DIRECTION('',(0.707106781187,0.707106781187,0.));
#9135 = ORIENTED_EDGE('',*,*,#9136,.F.);
#9136 = EDGE_CURVE('',#9137,#9129,#9139,.T.);
#9137 = VERTEX_POINT('',#9138);
#9138 = CARTESIAN_POINT('',(202.5625,-102.8375,0.));
#9139 = LINE('',#9140,#9141);
#9140 = CARTESIAN_POINT('',(202.5625,-102.8375,0.));
#9141 = VECTOR('',#9142,1.);
#9142 = DIRECTION('',(0.,0.,1.));
#9143 = ORIENTED_EDGE('',*,*,#9144,.F.);
#9144 = EDGE_CURVE('',#9106,#9137,#9145,.T.);
#9145 = LINE('',#9146,#9147);
#9146 = CARTESIAN_POINT('',(201.5625,-103.8375,0.));
#9147 = VECTOR('',#9148,1.);
#9148 = DIRECTION('',(0.707106781187,0.707106781187,0.));
#9149 = PLANE('',#9150);
#9150 = AXIS2_PLACEMENT_3D('',#9151,#9152,#9153);
#9151 = CARTESIAN_POINT('',(201.5625,-103.8375,0.));
#9152 = DIRECTION('',(-0.707106781187,0.707106781187,0.));
#9153 = DIRECTION('',(0.707106781187,0.707106781187,0.));
#9154 = ADVANCED_FACE('',(#9155),#9180,.T.);
#9155 = FACE_BOUND('',#9156,.T.);
#9156 = EDGE_LOOP('',(#9157,#9158,#9166,#9174));
#9157 = ORIENTED_EDGE('',*,*,#9136,.T.);
#9158 = ORIENTED_EDGE('',*,*,#9159,.T.);
#9159 = EDGE_CURVE('',#9129,#9160,#9162,.T.);
#9160 = VERTEX_POINT('',#9161);
#9161 = CARTESIAN_POINT('',(202.5625,-90.8375,1.59));
#9162 = LINE('',#9163,#9164);
#9163 = CARTESIAN_POINT('',(202.5625,-102.8375,1.59));
#9164 = VECTOR('',#9165,1.);
#9165 = DIRECTION('',(0.,1.,0.));
#9166 = ORIENTED_EDGE('',*,*,#9167,.F.);
#9167 = EDGE_CURVE('',#9168,#9160,#9170,.T.);
#9168 = VERTEX_POINT('',#9169);
#9169 = CARTESIAN_POINT('',(202.5625,-90.8375,0.));
#9170 = LINE('',#9171,#9172);
#9171 = CARTESIAN_POINT('',(202.5625,-90.8375,0.));
#9172 = VECTOR('',#9173,1.);
#9173 = DIRECTION('',(0.,0.,1.));
#9174 = ORIENTED_EDGE('',*,*,#9175,.F.);
#9175 = EDGE_CURVE('',#9137,#9168,#9176,.T.);
#9176 = LINE('',#9177,#9178);
#9177 = CARTESIAN_POINT('',(202.5625,-102.8375,0.));
#9178 = VECTOR('',#9179,1.);
#9179 = DIRECTION('',(0.,1.,0.));
#9180 = PLANE('',#9181);
#9181 = AXIS2_PLACEMENT_3D('',#9182,#9183,#9184);
#9182 = CARTESIAN_POINT('',(202.5625,-102.8375,0.));
#9183 = DIRECTION('',(-1.,0.,0.));
#9184 = DIRECTION('',(0.,1.,0.));
#9185 = ADVANCED_FACE('',(#9186),#9211,.T.);
#9186 = FACE_BOUND('',#9187,.T.);
#9187 = EDGE_LOOP('',(#9188,#9189,#9197,#9205));
#9188 = ORIENTED_EDGE('',*,*,#9167,.T.);
#9189 = ORIENTED_EDGE('',*,*,#9190,.T.);
#9190 = EDGE_CURVE('',#9160,#9191,#9193,.T.);
#9191 = VERTEX_POINT('',#9192);
#9192 = CARTESIAN_POINT('',(201.5625,-89.8375,1.59));
#9193 = LINE('',#9194,#9195);
#9194 = CARTESIAN_POINT('',(202.5625,-90.8375,1.59));
#9195 = VECTOR('',#9196,1.);
#9196 = DIRECTION('',(-0.707106781187,0.707106781187,0.));
#9197 = ORIENTED_EDGE('',*,*,#9198,.F.);
#9198 = EDGE_CURVE('',#9199,#9191,#9201,.T.);
#9199 = VERTEX_POINT('',#9200);
#9200 = CARTESIAN_POINT('',(201.5625,-89.8375,0.));
#9201 = LINE('',#9202,#9203);
#9202 = CARTESIAN_POINT('',(201.5625,-89.8375,0.));
#9203 = VECTOR('',#9204,1.);
#9204 = DIRECTION('',(0.,0.,1.));
#9205 = ORIENTED_EDGE('',*,*,#9206,.F.);
#9206 = EDGE_CURVE('',#9168,#9199,#9207,.T.);
#9207 = LINE('',#9208,#9209);
#9208 = CARTESIAN_POINT('',(202.5625,-90.8375,0.));
#9209 = VECTOR('',#9210,1.);
#9210 = DIRECTION('',(-0.707106781187,0.707106781187,0.));
#9211 = PLANE('',#9212);
#9212 = AXIS2_PLACEMENT_3D('',#9213,#9214,#9215);
#9213 = CARTESIAN_POINT('',(202.5625,-90.8375,0.));
#9214 = DIRECTION('',(-0.707106781187,-0.707106781187,0.));
#9215 = DIRECTION('',(-0.707106781187,0.707106781187,0.));
#9216 = ADVANCED_FACE('',(#9217),#9242,.T.);
#9217 = FACE_BOUND('',#9218,.T.);
#9218 = EDGE_LOOP('',(#9219,#9220,#9228,#9236));
#9219 = ORIENTED_EDGE('',*,*,#9198,.T.);
#9220 = ORIENTED_EDGE('',*,*,#9221,.T.);
#9221 = EDGE_CURVE('',#9191,#9222,#9224,.T.);
#9222 = VERTEX_POINT('',#9223);
#9223 = CARTESIAN_POINT('',(188.9625,-89.8375,1.59));
#9224 = LINE('',#9225,#9226);
#9225 = CARTESIAN_POINT('',(201.5625,-89.8375,1.59));
#9226 = VECTOR('',#9227,1.);
#9227 = DIRECTION('',(-1.,0.,0.));
#9228 = ORIENTED_EDGE('',*,*,#9229,.F.);
#9229 = EDGE_CURVE('',#9230,#9222,#9232,.T.);
#9230 = VERTEX_POINT('',#9231);
#9231 = CARTESIAN_POINT('',(188.9625,-89.8375,0.));
#9232 = LINE('',#9233,#9234);
#9233 = CARTESIAN_POINT('',(188.9625,-89.8375,0.));
#9234 = VECTOR('',#9235,1.);
#9235 = DIRECTION('',(0.,0.,1.));
#9236 = ORIENTED_EDGE('',*,*,#9237,.F.);
#9237 = EDGE_CURVE('',#9199,#9230,#9238,.T.);
#9238 = LINE('',#9239,#9240);
#9239 = CARTESIAN_POINT('',(201.5625,-89.8375,0.));
#9240 = VECTOR('',#9241,1.);
#9241 = DIRECTION('',(-1.,0.,0.));
#9242 = PLANE('',#9243);
#9243 = AXIS2_PLACEMENT_3D('',#9244,#9245,#9246);
#9244 = CARTESIAN_POINT('',(201.5625,-89.8375,0.));
#9245 = DIRECTION('',(0.,-1.,0.));
#9246 = DIRECTION('',(-1.,0.,0.));
#9247 = ADVANCED_FACE('',(#9248),#9264,.T.);
#9248 = FACE_BOUND('',#9249,.T.);
#9249 = EDGE_LOOP('',(#9250,#9251,#9257,#9258));
#9250 = ORIENTED_EDGE('',*,*,#9229,.T.);
#9251 = ORIENTED_EDGE('',*,*,#9252,.T.);
#9252 = EDGE_CURVE('',#9222,#9028,#9253,.T.);
#9253 = LINE('',#9254,#9255);
#9254 = CARTESIAN_POINT('',(188.9625,-89.8375,1.59));
#9255 = VECTOR('',#9256,1.);
#9256 = DIRECTION('',(-0.707106781187,-0.707106781187,0.));
#9257 = ORIENTED_EDGE('',*,*,#9025,.F.);
#9258 = ORIENTED_EDGE('',*,*,#9259,.F.);
#9259 = EDGE_CURVE('',#9230,#9026,#9260,.T.);
#9260 = LINE('',#9261,#9262);
#9261 = CARTESIAN_POINT('',(188.9625,-89.8375,0.));
#9262 = VECTOR('',#9263,1.);
#9263 = DIRECTION('',(-0.707106781187,-0.707106781187,0.));
#9264 = PLANE('',#9265);
#9265 = AXIS2_PLACEMENT_3D('',#9266,#9267,#9268);
#9266 = CARTESIAN_POINT('',(188.9625,-89.8375,0.));
#9267 = DIRECTION('',(0.707106781187,-0.707106781187,0.));
#9268 = DIRECTION('',(-0.707106781187,-0.707106781187,0.));
#9269 = ADVANCED_FACE('',(#9270),#9304,.T.);
#9270 = FACE_BOUND('',#9271,.T.);
#9271 = EDGE_LOOP('',(#9272,#9282,#9290,#9298));
#9272 = ORIENTED_EDGE('',*,*,#9273,.T.);
#9273 = EDGE_CURVE('',#9274,#9276,#9278,.T.);
#9274 = VERTEX_POINT('',#9275);
#9275 = CARTESIAN_POINT('',(207.0125,-90.8375,0.));
#9276 = VERTEX_POINT('',#9277);
#9277 = CARTESIAN_POINT('',(207.0125,-90.8375,1.59));
#9278 = LINE('',#9279,#9280);
#9279 = CARTESIAN_POINT('',(207.0125,-90.8375,0.));
#9280 = VECTOR('',#9281,1.);
#9281 = DIRECTION('',(0.,0.,1.));
#9282 = ORIENTED_EDGE('',*,*,#9283,.T.);
#9283 = EDGE_CURVE('',#9276,#9284,#9286,.T.);
#9284 = VERTEX_POINT('',#9285);
#9285 = CARTESIAN_POINT('',(207.0125,-102.8375,1.59));
#9286 = LINE('',#9287,#9288);
#9287 = CARTESIAN_POINT('',(207.0125,-90.8375,1.59));
#9288 = VECTOR('',#9289,1.);
#9289 = DIRECTION('',(0.,-1.,0.));
#9290 = ORIENTED_EDGE('',*,*,#9291,.F.);
#9291 = EDGE_CURVE('',#9292,#9284,#9294,.T.);
#9292 = VERTEX_POINT('',#9293);
#9293 = CARTESIAN_POINT('',(207.0125,-102.8375,0.));
#9294 = LINE('',#9295,#9296);
#9295 = CARTESIAN_POINT('',(207.0125,-102.8375,0.));
#9296 = VECTOR('',#9297,1.);
#9297 = DIRECTION('',(0.,0.,1.));
#9298 = ORIENTED_EDGE('',*,*,#9299,.F.);
#9299 = EDGE_CURVE('',#9274,#9292,#9300,.T.);
#9300 = LINE('',#9301,#9302);
#9301 = CARTESIAN_POINT('',(207.0125,-90.8375,0.));
#9302 = VECTOR('',#9303,1.);
#9303 = DIRECTION('',(0.,-1.,0.));
#9304 = PLANE('',#9305);
#9305 = AXIS2_PLACEMENT_3D('',#9306,#9307,#9308);
#9306 = CARTESIAN_POINT('',(207.0125,-90.8375,0.));
#9307 = DIRECTION('',(1.,0.,-0.));
#9308 = DIRECTION('',(0.,-1.,0.));
#9309 = ADVANCED_FACE('',(#9310),#9335,.T.);
#9310 = FACE_BOUND('',#9311,.T.);
#9311 = EDGE_LOOP('',(#9312,#9313,#9321,#9329));
#9312 = ORIENTED_EDGE('',*,*,#9291,.T.);
#9313 = ORIENTED_EDGE('',*,*,#9314,.T.);
#9314 = EDGE_CURVE('',#9284,#9315,#9317,.T.);
#9315 = VERTEX_POINT('',#9316);
#9316 = CARTESIAN_POINT('',(208.0125,-103.8375,1.59));
#9317 = LINE('',#9318,#9319);
#9318 = CARTESIAN_POINT('',(207.0125,-102.8375,1.59));
#9319 = VECTOR('',#9320,1.);
#9320 = DIRECTION('',(0.707106781187,-0.707106781187,0.));
#9321 = ORIENTED_EDGE('',*,*,#9322,.F.);
#9322 = EDGE_CURVE('',#9323,#9315,#9325,.T.);
#9323 = VERTEX_POINT('',#9324);
#9324 = CARTESIAN_POINT('',(208.0125,-103.8375,0.));
#9325 = LINE('',#9326,#9327);
#9326 = CARTESIAN_POINT('',(208.0125,-103.8375,0.));
#9327 = VECTOR('',#9328,1.);
#9328 = DIRECTION('',(0.,0.,1.));
#9329 = ORIENTED_EDGE('',*,*,#9330,.F.);
#9330 = EDGE_CURVE('',#9292,#9323,#9331,.T.);
#9331 = LINE('',#9332,#9333);
#9332 = CARTESIAN_POINT('',(207.0125,-102.8375,0.));
#9333 = VECTOR('',#9334,1.);
#9334 = DIRECTION('',(0.707106781187,-0.707106781187,0.));
#9335 = PLANE('',#9336);
#9336 = AXIS2_PLACEMENT_3D('',#9337,#9338,#9339);
#9337 = CARTESIAN_POINT('',(207.0125,-102.8375,0.));
#9338 = DIRECTION('',(0.707106781187,0.707106781187,-0.));
#9339 = DIRECTION('',(0.707106781187,-0.707106781187,0.));
#9340 = ADVANCED_FACE('',(#9341),#9366,.T.);
#9341 = FACE_BOUND('',#9342,.T.);
#9342 = EDGE_LOOP('',(#9343,#9344,#9352,#9360));
#9343 = ORIENTED_EDGE('',*,*,#9322,.T.);
#9344 = ORIENTED_EDGE('',*,*,#9345,.T.);
#9345 = EDGE_CURVE('',#9315,#9346,#9348,.T.);
#9346 = VERTEX_POINT('',#9347);
#9347 = CARTESIAN_POINT('',(220.6125,-103.8375,1.59));
#9348 = LINE('',#9349,#9350);
#9349 = CARTESIAN_POINT('',(208.0125,-103.8375,1.59));
#9350 = VECTOR('',#9351,1.);
#9351 = DIRECTION('',(1.,0.,0.));
#9352 = ORIENTED_EDGE('',*,*,#9353,.F.);
#9353 = EDGE_CURVE('',#9354,#9346,#9356,.T.);
#9354 = VERTEX_POINT('',#9355);
#9355 = CARTESIAN_POINT('',(220.6125,-103.8375,0.));
#9356 = LINE('',#9357,#9358);
#9357 = CARTESIAN_POINT('',(220.6125,-103.8375,0.));
#9358 = VECTOR('',#9359,1.);
#9359 = DIRECTION('',(0.,0.,1.));
#9360 = ORIENTED_EDGE('',*,*,#9361,.F.);
#9361 = EDGE_CURVE('',#9323,#9354,#9362,.T.);
#9362 = LINE('',#9363,#9364);
#9363 = CARTESIAN_POINT('',(208.0125,-103.8375,0.));
#9364 = VECTOR('',#9365,1.);
#9365 = DIRECTION('',(1.,0.,0.));
#9366 = PLANE('',#9367);
#9367 = AXIS2_PLACEMENT_3D('',#9368,#9369,#9370);
#9368 = CARTESIAN_POINT('',(208.0125,-103.8375,0.));
#9369 = DIRECTION('',(0.,1.,0.));
#9370 = DIRECTION('',(1.,0.,0.));
#9371 = ADVANCED_FACE('',(#9372),#9397,.T.);
#9372 = FACE_BOUND('',#9373,.T.);
#9373 = EDGE_LOOP('',(#9374,#9375,#9383,#9391));
#9374 = ORIENTED_EDGE('',*,*,#9353,.T.);
#9375 = ORIENTED_EDGE('',*,*,#9376,.T.);
#9376 = EDGE_CURVE('',#9346,#9377,#9379,.T.);
#9377 = VERTEX_POINT('',#9378);
#9378 = CARTESIAN_POINT('',(221.6125,-102.8375,1.59));
#9379 = LINE('',#9380,#9381);
#9380 = CARTESIAN_POINT('',(220.6125,-103.8375,1.59));
#9381 = VECTOR('',#9382,1.);
#9382 = DIRECTION('',(0.707106781187,0.707106781187,0.));
#9383 = ORIENTED_EDGE('',*,*,#9384,.F.);
#9384 = EDGE_CURVE('',#9385,#9377,#9387,.T.);
#9385 = VERTEX_POINT('',#9386);
#9386 = CARTESIAN_POINT('',(221.6125,-102.8375,0.));
#9387 = LINE('',#9388,#9389);
#9388 = CARTESIAN_POINT('',(221.6125,-102.8375,0.));
#9389 = VECTOR('',#9390,1.);
#9390 = DIRECTION('',(0.,0.,1.));
#9391 = ORIENTED_EDGE('',*,*,#9392,.F.);
#9392 = EDGE_CURVE('',#9354,#9385,#9393,.T.);
#9393 = LINE('',#9394,#9395);
#9394 = CARTESIAN_POINT('',(220.6125,-103.8375,0.));
#9395 = VECTOR('',#9396,1.);
#9396 = DIRECTION('',(0.707106781187,0.707106781187,0.));
#9397 = PLANE('',#9398);
#9398 = AXIS2_PLACEMENT_3D('',#9399,#9400,#9401);
#9399 = CARTESIAN_POINT('',(220.6125,-103.8375,0.));
#9400 = DIRECTION('',(-0.707106781187,0.707106781187,0.));
#9401 = DIRECTION('',(0.707106781187,0.707106781187,0.));
#9402 = ADVANCED_FACE('',(#9403),#9428,.T.);
#9403 = FACE_BOUND('',#9404,.T.);
#9404 = EDGE_LOOP('',(#9405,#9406,#9414,#9422));
#9405 = ORIENTED_EDGE('',*,*,#9384,.T.);
#9406 = ORIENTED_EDGE('',*,*,#9407,.T.);
#9407 = EDGE_CURVE('',#9377,#9408,#9410,.T.);
#9408 = VERTEX_POINT('',#9409);
#9409 = CARTESIAN_POINT('',(221.6125,-90.8375,1.59));
#9410 = LINE('',#9411,#9412);
#9411 = CARTESIAN_POINT('',(221.6125,-102.8375,1.59));
#9412 = VECTOR('',#9413,1.);
#9413 = DIRECTION('',(0.,1.,0.));
#9414 = ORIENTED_EDGE('',*,*,#9415,.F.);
#9415 = EDGE_CURVE('',#9416,#9408,#9418,.T.);
#9416 = VERTEX_POINT('',#9417);
#9417 = CARTESIAN_POINT('',(221.6125,-90.8375,0.));
#9418 = LINE('',#9419,#9420);
#9419 = CARTESIAN_POINT('',(221.6125,-90.8375,0.));
#9420 = VECTOR('',#9421,1.);
#9421 = DIRECTION('',(0.,0.,1.));
#9422 = ORIENTED_EDGE('',*,*,#9423,.F.);
#9423 = EDGE_CURVE('',#9385,#9416,#9424,.T.);
#9424 = LINE('',#9425,#9426);
#9425 = CARTESIAN_POINT('',(221.6125,-102.8375,0.));
#9426 = VECTOR('',#9427,1.);
#9427 = DIRECTION('',(0.,1.,0.));
#9428 = PLANE('',#9429);
#9429 = AXIS2_PLACEMENT_3D('',#9430,#9431,#9432);
#9430 = CARTESIAN_POINT('',(221.6125,-102.8375,0.));
#9431 = DIRECTION('',(-1.,0.,0.));
#9432 = DIRECTION('',(0.,1.,0.));
#9433 = ADVANCED_FACE('',(#9434),#9459,.T.);
#9434 = FACE_BOUND('',#9435,.T.);
#9435 = EDGE_LOOP('',(#9436,#9437,#9445,#9453));
#9436 = ORIENTED_EDGE('',*,*,#9415,.T.);
#9437 = ORIENTED_EDGE('',*,*,#9438,.T.);
#9438 = EDGE_CURVE('',#9408,#9439,#9441,.T.);
#9439 = VERTEX_POINT('',#9440);
#9440 = CARTESIAN_POINT('',(220.6125,-89.8375,1.59));
#9441 = LINE('',#9442,#9443);
#9442 = CARTESIAN_POINT('',(221.6125,-90.8375,1.59));
#9443 = VECTOR('',#9444,1.);
#9444 = DIRECTION('',(-0.707106781187,0.707106781187,0.));
#9445 = ORIENTED_EDGE('',*,*,#9446,.F.);
#9446 = EDGE_CURVE('',#9447,#9439,#9449,.T.);
#9447 = VERTEX_POINT('',#9448);
#9448 = CARTESIAN_POINT('',(220.6125,-89.8375,0.));
#9449 = LINE('',#9450,#9451);
#9450 = CARTESIAN_POINT('',(220.6125,-89.8375,0.));
#9451 = VECTOR('',#9452,1.);
#9452 = DIRECTION('',(0.,0.,1.));
#9453 = ORIENTED_EDGE('',*,*,#9454,.F.);
#9454 = EDGE_CURVE('',#9416,#9447,#9455,.T.);
#9455 = LINE('',#9456,#9457);
#9456 = CARTESIAN_POINT('',(221.6125,-90.8375,0.));
#9457 = VECTOR('',#9458,1.);
#9458 = DIRECTION('',(-0.707106781187,0.707106781187,0.));
#9459 = PLANE('',#9460);
#9460 = AXIS2_PLACEMENT_3D('',#9461,#9462,#9463);
#9461 = CARTESIAN_POINT('',(221.6125,-90.8375,0.));
#9462 = DIRECTION('',(-0.707106781187,-0.707106781187,0.));
#9463 = DIRECTION('',(-0.707106781187,0.707106781187,0.));
#9464 = ADVANCED_FACE('',(#9465),#9490,.T.);
#9465 = FACE_BOUND('',#9466,.T.);
#9466 = EDGE_LOOP('',(#9467,#9468,#9476,#9484));
#9467 = ORIENTED_EDGE('',*,*,#9446,.T.);
#9468 = ORIENTED_EDGE('',*,*,#9469,.T.);
#9469 = EDGE_CURVE('',#9439,#9470,#9472,.T.);
#9470 = VERTEX_POINT('',#9471);
#9471 = CARTESIAN_POINT('',(208.0125,-89.8375,1.59));
#9472 = LINE('',#9473,#9474);
#9473 = CARTESIAN_POINT('',(220.6125,-89.8375,1.59));
#9474 = VECTOR('',#9475,1.);
#9475 = DIRECTION('',(-1.,0.,0.));
#9476 = ORIENTED_EDGE('',*,*,#9477,.F.);
#9477 = EDGE_CURVE('',#9478,#9470,#9480,.T.);
#9478 = VERTEX_POINT('',#9479);
#9479 = CARTESIAN_POINT('',(208.0125,-89.8375,0.));
#9480 = LINE('',#9481,#9482);
#9481 = CARTESIAN_POINT('',(208.0125,-89.8375,0.));
#9482 = VECTOR('',#9483,1.);
#9483 = DIRECTION('',(0.,0.,1.));
#9484 = ORIENTED_EDGE('',*,*,#9485,.F.);
#9485 = EDGE_CURVE('',#9447,#9478,#9486,.T.);
#9486 = LINE('',#9487,#9488);
#9487 = CARTESIAN_POINT('',(220.6125,-89.8375,0.));
#9488 = VECTOR('',#9489,1.);
#9489 = DIRECTION('',(-1.,0.,0.));
#9490 = PLANE('',#9491);
#9491 = AXIS2_PLACEMENT_3D('',#9492,#9493,#9494);
#9492 = CARTESIAN_POINT('',(220.6125,-89.8375,0.));
#9493 = DIRECTION('',(0.,-1.,0.));
#9494 = DIRECTION('',(-1.,0.,0.));
#9495 = ADVANCED_FACE('',(#9496),#9512,.T.);
#9496 = FACE_BOUND('',#9497,.T.);
#9497 = EDGE_LOOP('',(#9498,#9499,#9505,#9506));
#9498 = ORIENTED_EDGE('',*,*,#9477,.T.);
#9499 = ORIENTED_EDGE('',*,*,#9500,.T.);
#9500 = EDGE_CURVE('',#9470,#9276,#9501,.T.);
#9501 = LINE('',#9502,#9503);
#9502 = CARTESIAN_POINT('',(208.0125,-89.8375,1.59));
#9503 = VECTOR('',#9504,1.);
#9504 = DIRECTION('',(-0.707106781187,-0.707106781187,0.));
#9505 = ORIENTED_EDGE('',*,*,#9273,.F.);
#9506 = ORIENTED_EDGE('',*,*,#9507,.F.);
#9507 = EDGE_CURVE('',#9478,#9274,#9508,.T.);
#9508 = LINE('',#9509,#9510);
#9509 = CARTESIAN_POINT('',(208.0125,-89.8375,0.));
#9510 = VECTOR('',#9511,1.);
#9511 = DIRECTION('',(-0.707106781187,-0.707106781187,0.));
#9512 = PLANE('',#9513);
#9513 = AXIS2_PLACEMENT_3D('',#9514,#9515,#9516);
#9514 = CARTESIAN_POINT('',(208.0125,-89.8375,0.));
#9515 = DIRECTION('',(0.707106781187,-0.707106781187,0.));
#9516 = DIRECTION('',(-0.707106781187,-0.707106781187,0.));
#9517 = ADVANCED_FACE('',(#9518),#9552,.T.);
#9518 = FACE_BOUND('',#9519,.T.);
#9519 = EDGE_LOOP('',(#9520,#9530,#9538,#9546));
#9520 = ORIENTED_EDGE('',*,*,#9521,.T.);
#9521 = EDGE_CURVE('',#9522,#9524,#9526,.T.);
#9522 = VERTEX_POINT('',#9523);
#9523 = CARTESIAN_POINT('',(226.0625,-90.8375,0.));
#9524 = VERTEX_POINT('',#9525);
#9525 = CARTESIAN_POINT('',(226.0625,-90.8375,1.59));
#9526 = LINE('',#9527,#9528);
#9527 = CARTESIAN_POINT('',(226.0625,-90.8375,0.));
#9528 = VECTOR('',#9529,1.);
#9529 = DIRECTION('',(0.,0.,1.));
#9530 = ORIENTED_EDGE('',*,*,#9531,.T.);
#9531 = EDGE_CURVE('',#9524,#9532,#9534,.T.);
#9532 = VERTEX_POINT('',#9533);
#9533 = CARTESIAN_POINT('',(226.0625,-102.8375,1.59));
#9534 = LINE('',#9535,#9536);
#9535 = CARTESIAN_POINT('',(226.0625,-90.8375,1.59));
#9536 = VECTOR('',#9537,1.);
#9537 = DIRECTION('',(0.,-1.,0.));
#9538 = ORIENTED_EDGE('',*,*,#9539,.F.);
#9539 = EDGE_CURVE('',#9540,#9532,#9542,.T.);
#9540 = VERTEX_POINT('',#9541);
#9541 = CARTESIAN_POINT('',(226.0625,-102.8375,0.));
#9542 = LINE('',#9543,#9544);
#9543 = CARTESIAN_POINT('',(226.0625,-102.8375,0.));
#9544 = VECTOR('',#9545,1.);
#9545 = DIRECTION('',(0.,0.,1.));
#9546 = ORIENTED_EDGE('',*,*,#9547,.F.);
#9547 = EDGE_CURVE('',#9522,#9540,#9548,.T.);
#9548 = LINE('',#9549,#9550);
#9549 = CARTESIAN_POINT('',(226.0625,-90.8375,0.));
#9550 = VECTOR('',#9551,1.);
#9551 = DIRECTION('',(0.,-1.,0.));
#9552 = PLANE('',#9553);
#9553 = AXIS2_PLACEMENT_3D('',#9554,#9555,#9556);
#9554 = CARTESIAN_POINT('',(226.0625,-90.8375,0.));
#9555 = DIRECTION('',(1.,0.,-0.));
#9556 = DIRECTION('',(0.,-1.,0.));
#9557 = ADVANCED_FACE('',(#9558),#9583,.T.);
#9558 = FACE_BOUND('',#9559,.T.);
#9559 = EDGE_LOOP('',(#9560,#9561,#9569,#9577));
#9560 = ORIENTED_EDGE('',*,*,#9539,.T.);
#9561 = ORIENTED_EDGE('',*,*,#9562,.T.);
#9562 = EDGE_CURVE('',#9532,#9563,#9565,.T.);
#9563 = VERTEX_POINT('',#9564);
#9564 = CARTESIAN_POINT('',(227.0625,-103.8375,1.59));
#9565 = LINE('',#9566,#9567);
#9566 = CARTESIAN_POINT('',(226.0625,-102.8375,1.59));
#9567 = VECTOR('',#9568,1.);
#9568 = DIRECTION('',(0.707106781187,-0.707106781187,0.));
#9569 = ORIENTED_EDGE('',*,*,#9570,.F.);
#9570 = EDGE_CURVE('',#9571,#9563,#9573,.T.);
#9571 = VERTEX_POINT('',#9572);
#9572 = CARTESIAN_POINT('',(227.0625,-103.8375,0.));
#9573 = LINE('',#9574,#9575);
#9574 = CARTESIAN_POINT('',(227.0625,-103.8375,0.));
#9575 = VECTOR('',#9576,1.);
#9576 = DIRECTION('',(0.,0.,1.));
#9577 = ORIENTED_EDGE('',*,*,#9578,.F.);
#9578 = EDGE_CURVE('',#9540,#9571,#9579,.T.);
#9579 = LINE('',#9580,#9581);
#9580 = CARTESIAN_POINT('',(226.0625,-102.8375,0.));
#9581 = VECTOR('',#9582,1.);
#9582 = DIRECTION('',(0.707106781187,-0.707106781187,0.));
#9583 = PLANE('',#9584);
#9584 = AXIS2_PLACEMENT_3D('',#9585,#9586,#9587);
#9585 = CARTESIAN_POINT('',(226.0625,-102.8375,0.));
#9586 = DIRECTION('',(0.707106781187,0.707106781187,-0.));
#9587 = DIRECTION('',(0.707106781187,-0.707106781187,0.));
#9588 = ADVANCED_FACE('',(#9589),#9614,.T.);
#9589 = FACE_BOUND('',#9590,.T.);
#9590 = EDGE_LOOP('',(#9591,#9592,#9600,#9608));
#9591 = ORIENTED_EDGE('',*,*,#9570,.T.);
#9592 = ORIENTED_EDGE('',*,*,#9593,.T.);
#9593 = EDGE_CURVE('',#9563,#9594,#9596,.T.);
#9594 = VERTEX_POINT('',#9595);
#9595 = CARTESIAN_POINT('',(239.6625,-103.8375,1.59));
#9596 = LINE('',#9597,#9598);
#9597 = CARTESIAN_POINT('',(227.0625,-103.8375,1.59));
#9598 = VECTOR('',#9599,1.);
#9599 = DIRECTION('',(1.,0.,0.));
#9600 = ORIENTED_EDGE('',*,*,#9601,.F.);
#9601 = EDGE_CURVE('',#9602,#9594,#9604,.T.);
#9602 = VERTEX_POINT('',#9603);
#9603 = CARTESIAN_POINT('',(239.6625,-103.8375,0.));
#9604 = LINE('',#9605,#9606);
#9605 = CARTESIAN_POINT('',(239.6625,-103.8375,0.));
#9606 = VECTOR('',#9607,1.);
#9607 = DIRECTION('',(0.,0.,1.));
#9608 = ORIENTED_EDGE('',*,*,#9609,.F.);
#9609 = EDGE_CURVE('',#9571,#9602,#9610,.T.);
#9610 = LINE('',#9611,#9612);
#9611 = CARTESIAN_POINT('',(227.0625,-103.8375,0.));
#9612 = VECTOR('',#9613,1.);
#9613 = DIRECTION('',(1.,0.,0.));
#9614 = PLANE('',#9615);
#9615 = AXIS2_PLACEMENT_3D('',#9616,#9617,#9618);
#9616 = CARTESIAN_POINT('',(227.0625,-103.8375,0.));
#9617 = DIRECTION('',(0.,1.,0.));
#9618 = DIRECTION('',(1.,0.,0.));
#9619 = ADVANCED_FACE('',(#9620),#9645,.T.);
#9620 = FACE_BOUND('',#9621,.T.);
#9621 = EDGE_LOOP('',(#9622,#9623,#9631,#9639));
#9622 = ORIENTED_EDGE('',*,*,#9601,.T.);
#9623 = ORIENTED_EDGE('',*,*,#9624,.T.);
#9624 = EDGE_CURVE('',#9594,#9625,#9627,.T.);
#9625 = VERTEX_POINT('',#9626);
#9626 = CARTESIAN_POINT('',(240.6625,-102.8375,1.59));
#9627 = LINE('',#9628,#9629);
#9628 = CARTESIAN_POINT('',(239.6625,-103.8375,1.59));
#9629 = VECTOR('',#9630,1.);
#9630 = DIRECTION('',(0.707106781187,0.707106781187,0.));
#9631 = ORIENTED_EDGE('',*,*,#9632,.F.);
#9632 = EDGE_CURVE('',#9633,#9625,#9635,.T.);
#9633 = VERTEX_POINT('',#9634);
#9634 = CARTESIAN_POINT('',(240.6625,-102.8375,0.));
#9635 = LINE('',#9636,#9637);
#9636 = CARTESIAN_POINT('',(240.6625,-102.8375,0.));
#9637 = VECTOR('',#9638,1.);
#9638 = DIRECTION('',(0.,0.,1.));
#9639 = ORIENTED_EDGE('',*,*,#9640,.F.);
#9640 = EDGE_CURVE('',#9602,#9633,#9641,.T.);
#9641 = LINE('',#9642,#9643);
#9642 = CARTESIAN_POINT('',(239.6625,-103.8375,0.));
#9643 = VECTOR('',#9644,1.);
#9644 = DIRECTION('',(0.707106781187,0.707106781187,0.));
#9645 = PLANE('',#9646);
#9646 = AXIS2_PLACEMENT_3D('',#9647,#9648,#9649);
#9647 = CARTESIAN_POINT('',(239.6625,-103.8375,0.));
#9648 = DIRECTION('',(-0.707106781187,0.707106781187,0.));
#9649 = DIRECTION('',(0.707106781187,0.707106781187,0.));
#9650 = ADVANCED_FACE('',(#9651),#9676,.T.);
#9651 = FACE_BOUND('',#9652,.T.);
#9652 = EDGE_LOOP('',(#9653,#9654,#9662,#9670));
#9653 = ORIENTED_EDGE('',*,*,#9632,.T.);
#9654 = ORIENTED_EDGE('',*,*,#9655,.T.);
#9655 = EDGE_CURVE('',#9625,#9656,#9658,.T.);
#9656 = VERTEX_POINT('',#9657);
#9657 = CARTESIAN_POINT('',(240.6625,-90.8375,1.59));
#9658 = LINE('',#9659,#9660);
#9659 = CARTESIAN_POINT('',(240.6625,-102.8375,1.59));
#9660 = VECTOR('',#9661,1.);
#9661 = DIRECTION('',(0.,1.,0.));
#9662 = ORIENTED_EDGE('',*,*,#9663,.F.);
#9663 = EDGE_CURVE('',#9664,#9656,#9666,.T.);
#9664 = VERTEX_POINT('',#9665);
#9665 = CARTESIAN_POINT('',(240.6625,-90.8375,0.));
#9666 = LINE('',#9667,#9668);
#9667 = CARTESIAN_POINT('',(240.6625,-90.8375,0.));
#9668 = VECTOR('',#9669,1.);
#9669 = DIRECTION('',(0.,0.,1.));
#9670 = ORIENTED_EDGE('',*,*,#9671,.F.);
#9671 = EDGE_CURVE('',#9633,#9664,#9672,.T.);
#9672 = LINE('',#9673,#9674);
#9673 = CARTESIAN_POINT('',(240.6625,-102.8375,0.));
#9674 = VECTOR('',#9675,1.);
#9675 = DIRECTION('',(0.,1.,0.));
#9676 = PLANE('',#9677);
#9677 = AXIS2_PLACEMENT_3D('',#9678,#9679,#9680);
#9678 = CARTESIAN_POINT('',(240.6625,-102.8375,0.));
#9679 = DIRECTION('',(-1.,0.,0.));
#9680 = DIRECTION('',(0.,1.,0.));
#9681 = ADVANCED_FACE('',(#9682),#9707,.T.);
#9682 = FACE_BOUND('',#9683,.T.);
#9683 = EDGE_LOOP('',(#9684,#9685,#9693,#9701));
#9684 = ORIENTED_EDGE('',*,*,#9663,.T.);
#9685 = ORIENTED_EDGE('',*,*,#9686,.T.);
#9686 = EDGE_CURVE('',#9656,#9687,#9689,.T.);
#9687 = VERTEX_POINT('',#9688);
#9688 = CARTESIAN_POINT('',(239.6625,-89.8375,1.59));
#9689 = LINE('',#9690,#9691);
#9690 = CARTESIAN_POINT('',(240.6625,-90.8375,1.59));
#9691 = VECTOR('',#9692,1.);
#9692 = DIRECTION('',(-0.707106781187,0.707106781187,0.));
#9693 = ORIENTED_EDGE('',*,*,#9694,.F.);
#9694 = EDGE_CURVE('',#9695,#9687,#9697,.T.);
#9695 = VERTEX_POINT('',#9696);
#9696 = CARTESIAN_POINT('',(239.6625,-89.8375,0.));
#9697 = LINE('',#9698,#9699);
#9698 = CARTESIAN_POINT('',(239.6625,-89.8375,0.));
#9699 = VECTOR('',#9700,1.);
#9700 = DIRECTION('',(0.,0.,1.));
#9701 = ORIENTED_EDGE('',*,*,#9702,.F.);
#9702 = EDGE_CURVE('',#9664,#9695,#9703,.T.);
#9703 = LINE('',#9704,#9705);
#9704 = CARTESIAN_POINT('',(240.6625,-90.8375,0.));
#9705 = VECTOR('',#9706,1.);
#9706 = DIRECTION('',(-0.707106781187,0.707106781187,0.));
#9707 = PLANE('',#9708);
#9708 = AXIS2_PLACEMENT_3D('',#9709,#9710,#9711);
#9709 = CARTESIAN_POINT('',(240.6625,-90.8375,0.));
#9710 = DIRECTION('',(-0.707106781187,-0.707106781187,0.));
#9711 = DIRECTION('',(-0.707106781187,0.707106781187,0.));
#9712 = ADVANCED_FACE('',(#9713),#9738,.T.);
#9713 = FACE_BOUND('',#9714,.T.);
#9714 = EDGE_LOOP('',(#9715,#9716,#9724,#9732));
#9715 = ORIENTED_EDGE('',*,*,#9694,.T.);
#9716 = ORIENTED_EDGE('',*,*,#9717,.T.);
#9717 = EDGE_CURVE('',#9687,#9718,#9720,.T.);
#9718 = VERTEX_POINT('',#9719);
#9719 = CARTESIAN_POINT('',(227.0625,-89.8375,1.59));
#9720 = LINE('',#9721,#9722);
#9721 = CARTESIAN_POINT('',(239.6625,-89.8375,1.59));
#9722 = VECTOR('',#9723,1.);
#9723 = DIRECTION('',(-1.,0.,0.));
#9724 = ORIENTED_EDGE('',*,*,#9725,.F.);
#9725 = EDGE_CURVE('',#9726,#9718,#9728,.T.);
#9726 = VERTEX_POINT('',#9727);
#9727 = CARTESIAN_POINT('',(227.0625,-89.8375,0.));
#9728 = LINE('',#9729,#9730);
#9729 = CARTESIAN_POINT('',(227.0625,-89.8375,0.));
#9730 = VECTOR('',#9731,1.);
#9731 = DIRECTION('',(0.,0.,1.));
#9732 = ORIENTED_EDGE('',*,*,#9733,.F.);
#9733 = EDGE_CURVE('',#9695,#9726,#9734,.T.);
#9734 = LINE('',#9735,#9736);
#9735 = CARTESIAN_POINT('',(239.6625,-89.8375,0.));
#9736 = VECTOR('',#9737,1.);
#9737 = DIRECTION('',(-1.,0.,0.));
#9738 = PLANE('',#9739);
#9739 = AXIS2_PLACEMENT_3D('',#9740,#9741,#9742);
#9740 = CARTESIAN_POINT('',(239.6625,-89.8375,0.));
#9741 = DIRECTION('',(0.,-1.,0.));
#9742 = DIRECTION('',(-1.,0.,0.));
#9743 = ADVANCED_FACE('',(#9744),#9760,.T.);
#9744 = FACE_BOUND('',#9745,.T.);
#9745 = EDGE_LOOP('',(#9746,#9747,#9753,#9754));
#9746 = ORIENTED_EDGE('',*,*,#9725,.T.);
#9747 = ORIENTED_EDGE('',*,*,#9748,.T.);
#9748 = EDGE_CURVE('',#9718,#9524,#9749,.T.);
#9749 = LINE('',#9750,#9751);
#9750 = CARTESIAN_POINT('',(227.0625,-89.8375,1.59));
#9751 = VECTOR('',#9752,1.);
#9752 = DIRECTION('',(-0.707106781187,-0.707106781187,0.));
#9753 = ORIENTED_EDGE('',*,*,#9521,.F.);
#9754 = ORIENTED_EDGE('',*,*,#9755,.F.);
#9755 = EDGE_CURVE('',#9726,#9522,#9756,.T.);
#9756 = LINE('',#9757,#9758);
#9757 = CARTESIAN_POINT('',(227.0625,-89.8375,0.));
#9758 = VECTOR('',#9759,1.);
#9759 = DIRECTION('',(-0.707106781187,-0.707106781187,0.));
#9760 = PLANE('',#9761);
#9761 = AXIS2_PLACEMENT_3D('',#9762,#9763,#9764);
#9762 = CARTESIAN_POINT('',(227.0625,-89.8375,0.));
#9763 = DIRECTION('',(0.707106781187,-0.707106781187,0.));
#9764 = DIRECTION('',(-0.707106781187,-0.707106781187,0.));
#9765 = ADVANCED_FACE('',(#9766),#9800,.T.);
#9766 = FACE_BOUND('',#9767,.T.);
#9767 = EDGE_LOOP('',(#9768,#9778,#9786,#9794));
#9768 = ORIENTED_EDGE('',*,*,#9769,.T.);
#9769 = EDGE_CURVE('',#9770,#9772,#9774,.T.);
#9770 = VERTEX_POINT('',#9771);
#9771 = CARTESIAN_POINT('',(249.875,-90.8375,0.));
#9772 = VERTEX_POINT('',#9773);
#9773 = CARTESIAN_POINT('',(249.875,-90.8375,1.59));
#9774 = LINE('',#9775,#9776);
#9775 = CARTESIAN_POINT('',(249.875,-90.8375,0.));
#9776 = VECTOR('',#9777,1.);
#9777 = DIRECTION('',(0.,0.,1.));
#9778 = ORIENTED_EDGE('',*,*,#9779,.T.);
#9779 = EDGE_CURVE('',#9772,#9780,#9782,.T.);
#9780 = VERTEX_POINT('',#9781);
#9781 = CARTESIAN_POINT('',(249.875,-102.8375,1.59));
#9782 = LINE('',#9783,#9784);
#9783 = CARTESIAN_POINT('',(249.875,-90.8375,1.59));
#9784 = VECTOR('',#9785,1.);
#9785 = DIRECTION('',(0.,-1.,0.));
#9786 = ORIENTED_EDGE('',*,*,#9787,.F.);
#9787 = EDGE_CURVE('',#9788,#9780,#9790,.T.);
#9788 = VERTEX_POINT('',#9789);
#9789 = CARTESIAN_POINT('',(249.875,-102.8375,0.));
#9790 = LINE('',#9791,#9792);
#9791 = CARTESIAN_POINT('',(249.875,-102.8375,0.));
#9792 = VECTOR('',#9793,1.);
#9793 = DIRECTION('',(0.,0.,1.));
#9794 = ORIENTED_EDGE('',*,*,#9795,.F.);
#9795 = EDGE_CURVE('',#9770,#9788,#9796,.T.);
#9796 = LINE('',#9797,#9798);
#9797 = CARTESIAN_POINT('',(249.875,-90.8375,0.));
#9798 = VECTOR('',#9799,1.);
#9799 = DIRECTION('',(0.,-1.,0.));
#9800 = PLANE('',#9801);
#9801 = AXIS2_PLACEMENT_3D('',#9802,#9803,#9804);
#9802 = CARTESIAN_POINT('',(249.875,-90.8375,0.));
#9803 = DIRECTION('',(1.,0.,-0.));
#9804 = DIRECTION('',(0.,-1.,0.));
#9805 = ADVANCED_FACE('',(#9806),#9831,.T.);
#9806 = FACE_BOUND('',#9807,.T.);
#9807 = EDGE_LOOP('',(#9808,#9809,#9817,#9825));
#9808 = ORIENTED_EDGE('',*,*,#9787,.T.);
#9809 = ORIENTED_EDGE('',*,*,#9810,.T.);
#9810 = EDGE_CURVE('',#9780,#9811,#9813,.T.);
#9811 = VERTEX_POINT('',#9812);
#9812 = CARTESIAN_POINT('',(250.875,-103.8375,1.59));
#9813 = LINE('',#9814,#9815);
#9814 = CARTESIAN_POINT('',(249.875,-102.8375,1.59));
#9815 = VECTOR('',#9816,1.);
#9816 = DIRECTION('',(0.707106781187,-0.707106781187,0.));
#9817 = ORIENTED_EDGE('',*,*,#9818,.F.);
#9818 = EDGE_CURVE('',#9819,#9811,#9821,.T.);
#9819 = VERTEX_POINT('',#9820);
#9820 = CARTESIAN_POINT('',(250.875,-103.8375,0.));
#9821 = LINE('',#9822,#9823);
#9822 = CARTESIAN_POINT('',(250.875,-103.8375,0.));
#9823 = VECTOR('',#9824,1.);
#9824 = DIRECTION('',(0.,0.,1.));
#9825 = ORIENTED_EDGE('',*,*,#9826,.F.);
#9826 = EDGE_CURVE('',#9788,#9819,#9827,.T.);
#9827 = LINE('',#9828,#9829);
#9828 = CARTESIAN_POINT('',(249.875,-102.8375,0.));
#9829 = VECTOR('',#9830,1.);
#9830 = DIRECTION('',(0.707106781187,-0.707106781187,0.));
#9831 = PLANE('',#9832);
#9832 = AXIS2_PLACEMENT_3D('',#9833,#9834,#9835);
#9833 = CARTESIAN_POINT('',(249.875,-102.8375,0.));
#9834 = DIRECTION('',(0.707106781187,0.707106781187,-0.));
#9835 = DIRECTION('',(0.707106781187,-0.707106781187,0.));
#9836 = ADVANCED_FACE('',(#9837),#9862,.T.);
#9837 = FACE_BOUND('',#9838,.T.);
#9838 = EDGE_LOOP('',(#9839,#9840,#9848,#9856));
#9839 = ORIENTED_EDGE('',*,*,#9818,.T.);
#9840 = ORIENTED_EDGE('',*,*,#9841,.T.);
#9841 = EDGE_CURVE('',#9811,#9842,#9844,.T.);
#9842 = VERTEX_POINT('',#9843);
#9843 = CARTESIAN_POINT('',(263.475,-103.8375,1.59));
#9844 = LINE('',#9845,#9846);
#9845 = CARTESIAN_POINT('',(250.875,-103.8375,1.59));
#9846 = VECTOR('',#9847,1.);
#9847 = DIRECTION('',(1.,0.,0.));
#9848 = ORIENTED_EDGE('',*,*,#9849,.F.);
#9849 = EDGE_CURVE('',#9850,#9842,#9852,.T.);
#9850 = VERTEX_POINT('',#9851);
#9851 = CARTESIAN_POINT('',(263.475,-103.8375,0.));
#9852 = LINE('',#9853,#9854);
#9853 = CARTESIAN_POINT('',(263.475,-103.8375,0.));
#9854 = VECTOR('',#9855,1.);
#9855 = DIRECTION('',(0.,0.,1.));
#9856 = ORIENTED_EDGE('',*,*,#9857,.F.);
#9857 = EDGE_CURVE('',#9819,#9850,#9858,.T.);
#9858 = LINE('',#9859,#9860);
#9859 = CARTESIAN_POINT('',(250.875,-103.8375,0.));
#9860 = VECTOR('',#9861,1.);
#9861 = DIRECTION('',(1.,0.,0.));
#9862 = PLANE('',#9863);
#9863 = AXIS2_PLACEMENT_3D('',#9864,#9865,#9866);
#9864 = CARTESIAN_POINT('',(250.875,-103.8375,0.));
#9865 = DIRECTION('',(0.,1.,0.));
#9866 = DIRECTION('',(1.,0.,0.));
#9867 = ADVANCED_FACE('',(#9868),#9893,.T.);
#9868 = FACE_BOUND('',#9869,.T.);
#9869 = EDGE_LOOP('',(#9870,#9871,#9879,#9887));
#9870 = ORIENTED_EDGE('',*,*,#9849,.T.);
#9871 = ORIENTED_EDGE('',*,*,#9872,.T.);
#9872 = EDGE_CURVE('',#9842,#9873,#9875,.T.);
#9873 = VERTEX_POINT('',#9874);
#9874 = CARTESIAN_POINT('',(264.475,-102.8375,1.59));
#9875 = LINE('',#9876,#9877);
#9876 = CARTESIAN_POINT('',(263.475,-103.8375,1.59));
#9877 = VECTOR('',#9878,1.);
#9878 = DIRECTION('',(0.707106781187,0.707106781187,0.));
#9879 = ORIENTED_EDGE('',*,*,#9880,.F.);
#9880 = EDGE_CURVE('',#9881,#9873,#9883,.T.);
#9881 = VERTEX_POINT('',#9882);
#9882 = CARTESIAN_POINT('',(264.475,-102.8375,0.));
#9883 = LINE('',#9884,#9885);
#9884 = CARTESIAN_POINT('',(264.475,-102.8375,0.));
#9885 = VECTOR('',#9886,1.);
#9886 = DIRECTION('',(0.,0.,1.));
#9887 = ORIENTED_EDGE('',*,*,#9888,.F.);
#9888 = EDGE_CURVE('',#9850,#9881,#9889,.T.);
#9889 = LINE('',#9890,#9891);
#9890 = CARTESIAN_POINT('',(263.475,-103.8375,0.));
#9891 = VECTOR('',#9892,1.);
#9892 = DIRECTION('',(0.707106781187,0.707106781187,0.));
#9893 = PLANE('',#9894);
#9894 = AXIS2_PLACEMENT_3D('',#9895,#9896,#9897);
#9895 = CARTESIAN_POINT('',(263.475,-103.8375,0.));
#9896 = DIRECTION('',(-0.707106781187,0.707106781187,0.));
#9897 = DIRECTION('',(0.707106781187,0.707106781187,0.));
#9898 = ADVANCED_FACE('',(#9899),#9924,.T.);
#9899 = FACE_BOUND('',#9900,.T.);
#9900 = EDGE_LOOP('',(#9901,#9902,#9910,#9918));
#9901 = ORIENTED_EDGE('',*,*,#9880,.T.);
#9902 = ORIENTED_EDGE('',*,*,#9903,.T.);
#9903 = EDGE_CURVE('',#9873,#9904,#9906,.T.);
#9904 = VERTEX_POINT('',#9905);
#9905 = CARTESIAN_POINT('',(264.475,-90.8375,1.59));
#9906 = LINE('',#9907,#9908);
#9907 = CARTESIAN_POINT('',(264.475,-102.8375,1.59));
#9908 = VECTOR('',#9909,1.);
#9909 = DIRECTION('',(0.,1.,0.));
#9910 = ORIENTED_EDGE('',*,*,#9911,.F.);
#9911 = EDGE_CURVE('',#9912,#9904,#9914,.T.);
#9912 = VERTEX_POINT('',#9913);
#9913 = CARTESIAN_POINT('',(264.475,-90.8375,0.));
#9914 = LINE('',#9915,#9916);
#9915 = CARTESIAN_POINT('',(264.475,-90.8375,0.));
#9916 = VECTOR('',#9917,1.);
#9917 = DIRECTION('',(0.,0.,1.));
#9918 = ORIENTED_EDGE('',*,*,#9919,.F.);
#9919 = EDGE_CURVE('',#9881,#9912,#9920,.T.);
#9920 = LINE('',#9921,#9922);
#9921 = CARTESIAN_POINT('',(264.475,-102.8375,0.));
#9922 = VECTOR('',#9923,1.);
#9923 = DIRECTION('',(0.,1.,0.));
#9924 = PLANE('',#9925);
#9925 = AXIS2_PLACEMENT_3D('',#9926,#9927,#9928);
#9926 = CARTESIAN_POINT('',(264.475,-102.8375,0.));
#9927 = DIRECTION('',(-1.,0.,0.));
#9928 = DIRECTION('',(0.,1.,0.));
#9929 = ADVANCED_FACE('',(#9930),#9955,.T.);
#9930 = FACE_BOUND('',#9931,.T.);
#9931 = EDGE_LOOP('',(#9932,#9933,#9941,#9949));
#9932 = ORIENTED_EDGE('',*,*,#9911,.T.);
#9933 = ORIENTED_EDGE('',*,*,#9934,.T.);
#9934 = EDGE_CURVE('',#9904,#9935,#9937,.T.);
#9935 = VERTEX_POINT('',#9936);
#9936 = CARTESIAN_POINT('',(263.475,-89.8375,1.59));
#9937 = LINE('',#9938,#9939);
#9938 = CARTESIAN_POINT('',(264.475,-90.8375,1.59));
#9939 = VECTOR('',#9940,1.);
#9940 = DIRECTION('',(-0.707106781187,0.707106781187,0.));
#9941 = ORIENTED_EDGE('',*,*,#9942,.F.);
#9942 = EDGE_CURVE('',#9943,#9935,#9945,.T.);
#9943 = VERTEX_POINT('',#9944);
#9944 = CARTESIAN_POINT('',(263.475,-89.8375,0.));
#9945 = LINE('',#9946,#9947);
#9946 = CARTESIAN_POINT('',(263.475,-89.8375,0.));
#9947 = VECTOR('',#9948,1.);
#9948 = DIRECTION('',(0.,0.,1.));
#9949 = ORIENTED_EDGE('',*,*,#9950,.F.);
#9950 = EDGE_CURVE('',#9912,#9943,#9951,.T.);
#9951 = LINE('',#9952,#9953);
#9952 = CARTESIAN_POINT('',(264.475,-90.8375,0.));
#9953 = VECTOR('',#9954,1.);
#9954 = DIRECTION('',(-0.707106781187,0.707106781187,0.));
#9955 = PLANE('',#9956);
#9956 = AXIS2_PLACEMENT_3D('',#9957,#9958,#9959);
#9957 = CARTESIAN_POINT('',(264.475,-90.8375,0.));
#9958 = DIRECTION('',(-0.707106781187,-0.707106781187,0.));
#9959 = DIRECTION('',(-0.707106781187,0.707106781187,0.));
#9960 = ADVANCED_FACE('',(#9961),#9986,.T.);
#9961 = FACE_BOUND('',#9962,.T.);
#9962 = EDGE_LOOP('',(#9963,#9964,#9972,#9980));
#9963 = ORIENTED_EDGE('',*,*,#9942,.T.);
#9964 = ORIENTED_EDGE('',*,*,#9965,.T.);
#9965 = EDGE_CURVE('',#9935,#9966,#9968,.T.);
#9966 = VERTEX_POINT('',#9967);
#9967 = CARTESIAN_POINT('',(250.875,-89.8375,1.59));
#9968 = LINE('',#9969,#9970);
#9969 = CARTESIAN_POINT('',(263.475,-89.8375,1.59));
#9970 = VECTOR('',#9971,1.);
#9971 = DIRECTION('',(-1.,0.,0.));
#9972 = ORIENTED_EDGE('',*,*,#9973,.F.);
#9973 = EDGE_CURVE('',#9974,#9966,#9976,.T.);
#9974 = VERTEX_POINT('',#9975);
#9975 = CARTESIAN_POINT('',(250.875,-89.8375,0.));
#9976 = LINE('',#9977,#9978);
#9977 = CARTESIAN_POINT('',(250.875,-89.8375,0.));
#9978 = VECTOR('',#9979,1.);
#9979 = DIRECTION('',(0.,0.,1.));
#9980 = ORIENTED_EDGE('',*,*,#9981,.F.);
#9981 = EDGE_CURVE('',#9943,#9974,#9982,.T.);
#9982 = LINE('',#9983,#9984);
#9983 = CARTESIAN_POINT('',(263.475,-89.8375,0.));
#9984 = VECTOR('',#9985,1.);
#9985 = DIRECTION('',(-1.,0.,0.));
#9986 = PLANE('',#9987);
#9987 = AXIS2_PLACEMENT_3D('',#9988,#9989,#9990);
#9988 = CARTESIAN_POINT('',(263.475,-89.8375,0.));
#9989 = DIRECTION('',(0.,-1.,0.));
#9990 = DIRECTION('',(-1.,0.,0.));
#9991 = ADVANCED_FACE('',(#9992),#10008,.T.);
#9992 = FACE_BOUND('',#9993,.T.);
#9993 = EDGE_LOOP('',(#9994,#9995,#10001,#10002));
#9994 = ORIENTED_EDGE('',*,*,#9973,.T.);
#9995 = ORIENTED_EDGE('',*,*,#9996,.T.);
#9996 = EDGE_CURVE('',#9966,#9772,#9997,.T.);
#9997 = LINE('',#9998,#9999);
#9998 = CARTESIAN_POINT('',(250.875,-89.8375,1.59));
#9999 = VECTOR('',#10000,1.);
#10000 = DIRECTION('',(-0.707106781187,-0.707106781187,0.));
#10001 = ORIENTED_EDGE('',*,*,#9769,.F.);
#10002 = ORIENTED_EDGE('',*,*,#10003,.F.);
#10003 = EDGE_CURVE('',#9974,#9770,#10004,.T.);
#10004 = LINE('',#10005,#10006);
#10005 = CARTESIAN_POINT('',(250.875,-89.8375,0.));
#10006 = VECTOR('',#10007,1.);
#10007 = DIRECTION('',(-0.707106781187,-0.707106781187,0.));
#10008 = PLANE('',#10009);
#10009 = AXIS2_PLACEMENT_3D('',#10010,#10011,#10012);
#10010 = CARTESIAN_POINT('',(250.875,-89.8375,0.));
#10011 = DIRECTION('',(0.707106781187,-0.707106781187,0.));
#10012 = DIRECTION('',(-0.707106781187,-0.707106781187,0.));
#10013 = ADVANCED_FACE('',(#10014),#10041,.F.);
#10014 = FACE_BOUND('',#10015,.T.);
#10015 = EDGE_LOOP('',(#10016,#10026,#10033,#10034));
#10016 = ORIENTED_EDGE('',*,*,#10017,.T.);
#10017 = EDGE_CURVE('',#10018,#10020,#10022,.T.);
#10018 = VERTEX_POINT('',#10019);
#10019 = CARTESIAN_POINT('',(31.75625,-96.8375,0.));
#10020 = VERTEX_POINT('',#10021);
#10021 = CARTESIAN_POINT('',(31.75625,-96.8375,1.59));
#10022 = LINE('',#10023,#10024);
#10023 = CARTESIAN_POINT('',(31.75625,-96.8375,0.));
#10024 = VECTOR('',#10025,1.);
#10025 = DIRECTION('',(0.,0.,1.));
#10026 = ORIENTED_EDGE('',*,*,#10027,.T.);
#10027 = EDGE_CURVE('',#10020,#10020,#10028,.T.);
#10028 = CIRCLE('',#10029,0.8);
#10029 = AXIS2_PLACEMENT_3D('',#10030,#10031,#10032);
#10030 = CARTESIAN_POINT('',(30.95625,-96.8375,1.59));
#10031 = DIRECTION('',(0.,0.,1.));
#10032 = DIRECTION('',(1.,0.,-0.));
#10033 = ORIENTED_EDGE('',*,*,#10017,.F.);
#10034 = ORIENTED_EDGE('',*,*,#10035,.F.);
#10035 = EDGE_CURVE('',#10018,#10018,#10036,.T.);
#10036 = CIRCLE('',#10037,0.8);
#10037 = AXIS2_PLACEMENT_3D('',#10038,#10039,#10040);
#10038 = CARTESIAN_POINT('',(30.95625,-96.8375,0.));
#10039 = DIRECTION('',(0.,0.,1.));
#10040 = DIRECTION('',(1.,0.,-0.));
#10041 = CYLINDRICAL_SURFACE('',#10042,0.8);
#10042 = AXIS2_PLACEMENT_3D('',#10043,#10044,#10045);
#10043 = CARTESIAN_POINT('',(30.95625,-96.8375,0.));
#10044 = DIRECTION('',(-0.,-0.,-1.));
#10045 = DIRECTION('',(1.,0.,-0.));
#10046 = ADVANCED_FACE('',(#10047),#10074,.F.);
#10047 = FACE_BOUND('',#10048,.T.);
#10048 = EDGE_LOOP('',(#10049,#10059,#10066,#10067));
#10049 = ORIENTED_EDGE('',*,*,#10050,.T.);
#10050 = EDGE_CURVE('',#10051,#10053,#10055,.T.);
#10051 = VERTEX_POINT('',#10052);
#10052 = CARTESIAN_POINT('',(72.2375,-96.8375,0.));
#10053 = VERTEX_POINT('',#10054);
#10054 = CARTESIAN_POINT('',(72.2375,-96.8375,1.59));
#10055 = LINE('',#10056,#10057);
#10056 = CARTESIAN_POINT('',(72.2375,-96.8375,0.));
#10057 = VECTOR('',#10058,1.);
#10058 = DIRECTION('',(0.,0.,1.));
#10059 = ORIENTED_EDGE('',*,*,#10060,.T.);
#10060 = EDGE_CURVE('',#10053,#10053,#10061,.T.);
#10061 = CIRCLE('',#10062,0.8);
#10062 = AXIS2_PLACEMENT_3D('',#10063,#10064,#10065);
#10063 = CARTESIAN_POINT('',(71.4375,-96.8375,1.59));
#10064 = DIRECTION('',(0.,0.,1.));
#10065 = DIRECTION('',(1.,0.,-0.));
#10066 = ORIENTED_EDGE('',*,*,#10050,.F.);
#10067 = ORIENTED_EDGE('',*,*,#10068,.F.);
#10068 = EDGE_CURVE('',#10051,#10051,#10069,.T.);
#10069 = CIRCLE('',#10070,0.8);
#10070 = AXIS2_PLACEMENT_3D('',#10071,#10072,#10073);
#10071 = CARTESIAN_POINT('',(71.4375,-96.8375,0.));
#10072 = DIRECTION('',(0.,0.,1.));
#10073 = DIRECTION('',(1.,0.,-0.));
#10074 = CYLINDRICAL_SURFACE('',#10075,0.8);
#10075 = AXIS2_PLACEMENT_3D('',#10076,#10077,#10078);
#10076 = CARTESIAN_POINT('',(71.4375,-96.8375,0.));
#10077 = DIRECTION('',(-0.,-0.,-1.));
#10078 = DIRECTION('',(1.,0.,-0.));
#10079 = ADVANCED_FACE('',(#10080),#10107,.F.);
#10080 = FACE_BOUND('',#10081,.T.);
#10081 = EDGE_LOOP('',(#10082,#10092,#10099,#10100));
#10082 = ORIENTED_EDGE('',*,*,#10083,.T.);
#10083 = EDGE_CURVE('',#10084,#10086,#10088,.T.);
#10084 = VERTEX_POINT('',#10085);
#10085 = CARTESIAN_POINT('',(110.3375,-96.8375,0.));
#10086 = VERTEX_POINT('',#10087);
#10087 = CARTESIAN_POINT('',(110.3375,-96.8375,1.59));
#10088 = LINE('',#10089,#10090);
#10089 = CARTESIAN_POINT('',(110.3375,-96.8375,0.));
#10090 = VECTOR('',#10091,1.);
#10091 = DIRECTION('',(0.,0.,1.));
#10092 = ORIENTED_EDGE('',*,*,#10093,.T.);
#10093 = EDGE_CURVE('',#10086,#10086,#10094,.T.);
#10094 = CIRCLE('',#10095,0.8);
#10095 = AXIS2_PLACEMENT_3D('',#10096,#10097,#10098);
#10096 = CARTESIAN_POINT('',(109.5375,-96.8375,1.59));
#10097 = DIRECTION('',(0.,0.,1.));
#10098 = DIRECTION('',(1.,0.,-0.));
#10099 = ORIENTED_EDGE('',*,*,#10083,.F.);
#10100 = ORIENTED_EDGE('',*,*,#10101,.F.);
#10101 = EDGE_CURVE('',#10084,#10084,#10102,.T.);
#10102 = CIRCLE('',#10103,0.8);
#10103 = AXIS2_PLACEMENT_3D('',#10104,#10105,#10106);
#10104 = CARTESIAN_POINT('',(109.5375,-96.8375,0.));
#10105 = DIRECTION('',(0.,0.,1.));
#10106 = DIRECTION('',(1.,0.,-0.));
#10107 = CYLINDRICAL_SURFACE('',#10108,0.8);
#10108 = AXIS2_PLACEMENT_3D('',#10109,#10110,#10111);
#10109 = CARTESIAN_POINT('',(109.5375,-96.8375,0.));
#10110 = DIRECTION('',(-0.,-0.,-1.));
#10111 = DIRECTION('',(1.,0.,-0.));
#10112 = ADVANCED_FACE('',(#10113),#10140,.F.);
#10113 = FACE_BOUND('',#10114,.T.);
#10114 = EDGE_LOOP('',(#10115,#10125,#10132,#10133));
#10115 = ORIENTED_EDGE('',*,*,#10116,.T.);
#10116 = EDGE_CURVE('',#10117,#10119,#10121,.T.);
#10117 = VERTEX_POINT('',#10118);
#10118 = CARTESIAN_POINT('',(148.4375,-96.8375,0.));
#10119 = VERTEX_POINT('',#10120);
#10120 = CARTESIAN_POINT('',(148.4375,-96.8375,1.59));
#10121 = LINE('',#10122,#10123);
#10122 = CARTESIAN_POINT('',(148.4375,-96.8375,0.));
#10123 = VECTOR('',#10124,1.);
#10124 = DIRECTION('',(0.,0.,1.));
#10125 = ORIENTED_EDGE('',*,*,#10126,.T.);
#10126 = EDGE_CURVE('',#10119,#10119,#10127,.T.);
#10127 = CIRCLE('',#10128,0.8);
#10128 = AXIS2_PLACEMENT_3D('',#10129,#10130,#10131);
#10129 = CARTESIAN_POINT('',(147.6375,-96.8375,1.59));
#10130 = DIRECTION('',(0.,0.,1.));
#10131 = DIRECTION('',(1.,0.,-0.));
#10132 = ORIENTED_EDGE('',*,*,#10116,.F.);
#10133 = ORIENTED_EDGE('',*,*,#10134,.F.);
#10134 = EDGE_CURVE('',#10117,#10117,#10135,.T.);
#10135 = CIRCLE('',#10136,0.8);
#10136 = AXIS2_PLACEMENT_3D('',#10137,#10138,#10139);
#10137 = CARTESIAN_POINT('',(147.6375,-96.8375,0.));
#10138 = DIRECTION('',(0.,0.,1.));
#10139 = DIRECTION('',(1.,0.,-0.));
#10140 = CYLINDRICAL_SURFACE('',#10141,0.8);
#10141 = AXIS2_PLACEMENT_3D('',#10142,#10143,#10144);
#10142 = CARTESIAN_POINT('',(147.6375,-96.8375,0.));
#10143 = DIRECTION('',(-0.,-0.,-1.));
#10144 = DIRECTION('',(1.,0.,-0.));
#10145 = ADVANCED_FACE('',(#10146),#10173,.F.);
#10146 = FACE_BOUND('',#10147,.T.);
#10147 = EDGE_LOOP('',(#10148,#10158,#10165,#10166));
#10148 = ORIENTED_EDGE('',*,*,#10149,.T.);
#10149 = EDGE_CURVE('',#10150,#10152,#10154,.T.);
#10150 = VERTEX_POINT('',#10151);
#10151 = CARTESIAN_POINT('',(205.5875,-96.8375,0.));
#10152 = VERTEX_POINT('',#10153);
#10153 = CARTESIAN_POINT('',(205.5875,-96.8375,1.59));
#10154 = LINE('',#10155,#10156);
#10155 = CARTESIAN_POINT('',(205.5875,-96.8375,0.));
#10156 = VECTOR('',#10157,1.);
#10157 = DIRECTION('',(0.,0.,1.));
#10158 = ORIENTED_EDGE('',*,*,#10159,.T.);
#10159 = EDGE_CURVE('',#10152,#10152,#10160,.T.);
#10160 = CIRCLE('',#10161,0.8);
#10161 = AXIS2_PLACEMENT_3D('',#10162,#10163,#10164);
#10162 = CARTESIAN_POINT('',(204.7875,-96.8375,1.59));
#10163 = DIRECTION('',(0.,0.,1.));
#10164 = DIRECTION('',(1.,0.,-0.));
#10165 = ORIENTED_EDGE('',*,*,#10149,.F.);
#10166 = ORIENTED_EDGE('',*,*,#10167,.F.);
#10167 = EDGE_CURVE('',#10150,#10150,#10168,.T.);
#10168 = CIRCLE('',#10169,0.8);
#10169 = AXIS2_PLACEMENT_3D('',#10170,#10171,#10172);
#10170 = CARTESIAN_POINT('',(204.7875,-96.8375,0.));
#10171 = DIRECTION('',(0.,0.,1.));
#10172 = DIRECTION('',(1.,0.,-0.));
#10173 = CYLINDRICAL_SURFACE('',#10174,0.8);
#10174 = AXIS2_PLACEMENT_3D('',#10175,#10176,#10177);
#10175 = CARTESIAN_POINT('',(204.7875,-96.8375,0.));
#10176 = DIRECTION('',(-0.,-0.,-1.));
#10177 = DIRECTION('',(1.,0.,-0.));
#10178 = ADVANCED_FACE('',(#10179),#10206,.F.);
#10179 = FACE_BOUND('',#10180,.T.);
#10180 = EDGE_LOOP('',(#10181,#10191,#10198,#10199));
#10181 = ORIENTED_EDGE('',*,*,#10182,.T.);
#10182 = EDGE_CURVE('',#10183,#10185,#10187,.T.);
#10183 = VERTEX_POINT('',#10184);
#10184 = CARTESIAN_POINT('',(248.45,-96.8375,0.));
#10185 = VERTEX_POINT('',#10186);
#10186 = CARTESIAN_POINT('',(248.45,-96.8375,1.59));
#10187 = LINE('',#10188,#10189);
#10188 = CARTESIAN_POINT('',(248.45,-96.8375,0.));
#10189 = VECTOR('',#10190,1.);
#10190 = DIRECTION('',(0.,0.,1.));
#10191 = ORIENTED_EDGE('',*,*,#10192,.T.);
#10192 = EDGE_CURVE('',#10185,#10185,#10193,.T.);
#10193 = CIRCLE('',#10194,0.8);
#10194 = AXIS2_PLACEMENT_3D('',#10195,#10196,#10197);
#10195 = CARTESIAN_POINT('',(247.65,-96.8375,1.59));
#10196 = DIRECTION('',(0.,0.,1.));
#10197 = DIRECTION('',(1.,0.,-0.));
#10198 = ORIENTED_EDGE('',*,*,#10182,.F.);
#10199 = ORIENTED_EDGE('',*,*,#10200,.F.);
#10200 = EDGE_CURVE('',#10183,#10183,#10201,.T.);
#10201 = CIRCLE('',#10202,0.8);
#10202 = AXIS2_PLACEMENT_3D('',#10203,#10204,#10205);
#10203 = CARTESIAN_POINT('',(247.65,-96.8375,0.));
#10204 = DIRECTION('',(0.,0.,1.));
#10205 = DIRECTION('',(1.,0.,-0.));
#10206 = CYLINDRICAL_SURFACE('',#10207,0.8);
#10207 = AXIS2_PLACEMENT_3D('',#10208,#10209,#10210);
#10208 = CARTESIAN_POINT('',(247.65,-96.8375,0.));
#10209 = DIRECTION('',(-0.,-0.,-1.));
#10210 = DIRECTION('',(1.,0.,-0.));
#10211 = ADVANCED_FACE('',(#10212),#10246,.T.);
#10212 = FACE_BOUND('',#10213,.T.);
#10213 = EDGE_LOOP('',(#10214,#10224,#10232,#10240));
#10214 = ORIENTED_EDGE('',*,*,#10215,.T.);
#10215 = EDGE_CURVE('',#10216,#10218,#10220,.T.);
#10216 = VERTEX_POINT('',#10217);
#10217 = CARTESIAN_POINT('',(30.8,-71.7875,0.));
#10218 = VERTEX_POINT('',#10219);
#10219 = CARTESIAN_POINT('',(30.8,-71.7875,1.59));
#10220 = LINE('',#10221,#10222);
#10221 = CARTESIAN_POINT('',(30.8,-71.7875,0.));
#10222 = VECTOR('',#10223,1.);
#10223 = DIRECTION('',(0.,0.,1.));
#10224 = ORIENTED_EDGE('',*,*,#10225,.T.);
#10225 = EDGE_CURVE('',#10218,#10226,#10228,.T.);
#10226 = VERTEX_POINT('',#10227);
#10227 = CARTESIAN_POINT('',(30.8,-83.7875,1.59));
#10228 = LINE('',#10229,#10230);
#10229 = CARTESIAN_POINT('',(30.8,-71.7875,1.59));
#10230 = VECTOR('',#10231,1.);
#10231 = DIRECTION('',(0.,-1.,0.));
#10232 = ORIENTED_EDGE('',*,*,#10233,.F.);
#10233 = EDGE_CURVE('',#10234,#10226,#10236,.T.);
#10234 = VERTEX_POINT('',#10235);
#10235 = CARTESIAN_POINT('',(30.8,-83.7875,0.));
#10236 = LINE('',#10237,#10238);
#10237 = CARTESIAN_POINT('',(30.8,-83.7875,0.));
#10238 = VECTOR('',#10239,1.);
#10239 = DIRECTION('',(0.,0.,1.));
#10240 = ORIENTED_EDGE('',*,*,#10241,.F.);
#10241 = EDGE_CURVE('',#10216,#10234,#10242,.T.);
#10242 = LINE('',#10243,#10244);
#10243 = CARTESIAN_POINT('',(30.8,-71.7875,0.));
#10244 = VECTOR('',#10245,1.);
#10245 = DIRECTION('',(0.,-1.,0.));
#10246 = PLANE('',#10247);
#10247 = AXIS2_PLACEMENT_3D('',#10248,#10249,#10250);
#10248 = CARTESIAN_POINT('',(30.8,-71.7875,0.));
#10249 = DIRECTION('',(1.,0.,-0.));
#10250 = DIRECTION('',(0.,-1.,0.));
#10251 = ADVANCED_FACE('',(#10252),#10277,.T.);
#10252 = FACE_BOUND('',#10253,.T.);
#10253 = EDGE_LOOP('',(#10254,#10255,#10263,#10271));
#10254 = ORIENTED_EDGE('',*,*,#10233,.T.);
#10255 = ORIENTED_EDGE('',*,*,#10256,.T.);
#10256 = EDGE_CURVE('',#10226,#10257,#10259,.T.);
#10257 = VERTEX_POINT('',#10258);
#10258 = CARTESIAN_POINT('',(31.8,-84.7875,1.59));
#10259 = LINE('',#10260,#10261);
#10260 = CARTESIAN_POINT('',(30.8,-83.7875,1.59));
#10261 = VECTOR('',#10262,1.);
#10262 = DIRECTION('',(0.707106781187,-0.707106781187,0.));
#10263 = ORIENTED_EDGE('',*,*,#10264,.F.);
#10264 = EDGE_CURVE('',#10265,#10257,#10267,.T.);
#10265 = VERTEX_POINT('',#10266);
#10266 = CARTESIAN_POINT('',(31.8,-84.7875,0.));
#10267 = LINE('',#10268,#10269);
#10268 = CARTESIAN_POINT('',(31.8,-84.7875,0.));
#10269 = VECTOR('',#10270,1.);
#10270 = DIRECTION('',(0.,0.,1.));
#10271 = ORIENTED_EDGE('',*,*,#10272,.F.);
#10272 = EDGE_CURVE('',#10234,#10265,#10273,.T.);
#10273 = LINE('',#10274,#10275);
#10274 = CARTESIAN_POINT('',(30.8,-83.7875,0.));
#10275 = VECTOR('',#10276,1.);
#10276 = DIRECTION('',(0.707106781187,-0.707106781187,0.));
#10277 = PLANE('',#10278);
#10278 = AXIS2_PLACEMENT_3D('',#10279,#10280,#10281);
#10279 = CARTESIAN_POINT('',(30.8,-83.7875,0.));
#10280 = DIRECTION('',(0.707106781187,0.707106781187,-0.));
#10281 = DIRECTION('',(0.707106781187,-0.707106781187,0.));
#10282 = ADVANCED_FACE('',(#10283),#10308,.T.);
#10283 = FACE_BOUND('',#10284,.T.);
#10284 = EDGE_LOOP('',(#10285,#10286,#10294,#10302));
#10285 = ORIENTED_EDGE('',*,*,#10264,.T.);
#10286 = ORIENTED_EDGE('',*,*,#10287,.T.);
#10287 = EDGE_CURVE('',#10257,#10288,#10290,.T.);
#10288 = VERTEX_POINT('',#10289);
#10289 = CARTESIAN_POINT('',(44.4,-84.7875,1.59));
#10290 = LINE('',#10291,#10292);
#10291 = CARTESIAN_POINT('',(31.8,-84.7875,1.59));
#10292 = VECTOR('',#10293,1.);
#10293 = DIRECTION('',(1.,0.,0.));
#10294 = ORIENTED_EDGE('',*,*,#10295,.F.);
#10295 = EDGE_CURVE('',#10296,#10288,#10298,.T.);
#10296 = VERTEX_POINT('',#10297);
#10297 = CARTESIAN_POINT('',(44.4,-84.7875,0.));
#10298 = LINE('',#10299,#10300);
#10299 = CARTESIAN_POINT('',(44.4,-84.7875,0.));
#10300 = VECTOR('',#10301,1.);
#10301 = DIRECTION('',(0.,0.,1.));
#10302 = ORIENTED_EDGE('',*,*,#10303,.F.);
#10303 = EDGE_CURVE('',#10265,#10296,#10304,.T.);
#10304 = LINE('',#10305,#10306);
#10305 = CARTESIAN_POINT('',(31.8,-84.7875,0.));
#10306 = VECTOR('',#10307,1.);
#10307 = DIRECTION('',(1.,0.,0.));
#10308 = PLANE('',#10309);
#10309 = AXIS2_PLACEMENT_3D('',#10310,#10311,#10312);
#10310 = CARTESIAN_POINT('',(31.8,-84.7875,0.));
#10311 = DIRECTION('',(0.,1.,0.));
#10312 = DIRECTION('',(1.,0.,0.));
#10313 = ADVANCED_FACE('',(#10314),#10339,.T.);
#10314 = FACE_BOUND('',#10315,.T.);
#10315 = EDGE_LOOP('',(#10316,#10317,#10325,#10333));
#10316 = ORIENTED_EDGE('',*,*,#10295,.T.);
#10317 = ORIENTED_EDGE('',*,*,#10318,.T.);
#10318 = EDGE_CURVE('',#10288,#10319,#10321,.T.);
#10319 = VERTEX_POINT('',#10320);
#10320 = CARTESIAN_POINT('',(45.4,-83.7875,1.59));
#10321 = LINE('',#10322,#10323);
#10322 = CARTESIAN_POINT('',(44.4,-84.7875,1.59));
#10323 = VECTOR('',#10324,1.);
#10324 = DIRECTION('',(0.707106781187,0.707106781187,0.));
#10325 = ORIENTED_EDGE('',*,*,#10326,.F.);
#10326 = EDGE_CURVE('',#10327,#10319,#10329,.T.);
#10327 = VERTEX_POINT('',#10328);
#10328 = CARTESIAN_POINT('',(45.4,-83.7875,0.));
#10329 = LINE('',#10330,#10331);
#10330 = CARTESIAN_POINT('',(45.4,-83.7875,0.));
#10331 = VECTOR('',#10332,1.);
#10332 = DIRECTION('',(0.,0.,1.));
#10333 = ORIENTED_EDGE('',*,*,#10334,.F.);
#10334 = EDGE_CURVE('',#10296,#10327,#10335,.T.);
#10335 = LINE('',#10336,#10337);
#10336 = CARTESIAN_POINT('',(44.4,-84.7875,0.));
#10337 = VECTOR('',#10338,1.);
#10338 = DIRECTION('',(0.707106781187,0.707106781187,0.));
#10339 = PLANE('',#10340);
#10340 = AXIS2_PLACEMENT_3D('',#10341,#10342,#10343);
#10341 = CARTESIAN_POINT('',(44.4,-84.7875,0.));
#10342 = DIRECTION('',(-0.707106781187,0.707106781187,0.));
#10343 = DIRECTION('',(0.707106781187,0.707106781187,0.));
#10344 = ADVANCED_FACE('',(#10345),#10370,.T.);
#10345 = FACE_BOUND('',#10346,.T.);
#10346 = EDGE_LOOP('',(#10347,#10348,#10356,#10364));
#10347 = ORIENTED_EDGE('',*,*,#10326,.T.);
#10348 = ORIENTED_EDGE('',*,*,#10349,.T.);
#10349 = EDGE_CURVE('',#10319,#10350,#10352,.T.);
#10350 = VERTEX_POINT('',#10351);
#10351 = CARTESIAN_POINT('',(45.4,-71.7875,1.59));
#10352 = LINE('',#10353,#10354);
#10353 = CARTESIAN_POINT('',(45.4,-83.7875,1.59));
#10354 = VECTOR('',#10355,1.);
#10355 = DIRECTION('',(0.,1.,0.));
#10356 = ORIENTED_EDGE('',*,*,#10357,.F.);
#10357 = EDGE_CURVE('',#10358,#10350,#10360,.T.);
#10358 = VERTEX_POINT('',#10359);
#10359 = CARTESIAN_POINT('',(45.4,-71.7875,0.));
#10360 = LINE('',#10361,#10362);
#10361 = CARTESIAN_POINT('',(45.4,-71.7875,0.));
#10362 = VECTOR('',#10363,1.);
#10363 = DIRECTION('',(0.,0.,1.));
#10364 = ORIENTED_EDGE('',*,*,#10365,.F.);
#10365 = EDGE_CURVE('',#10327,#10358,#10366,.T.);
#10366 = LINE('',#10367,#10368);
#10367 = CARTESIAN_POINT('',(45.4,-83.7875,0.));
#10368 = VECTOR('',#10369,1.);
#10369 = DIRECTION('',(0.,1.,0.));
#10370 = PLANE('',#10371);
#10371 = AXIS2_PLACEMENT_3D('',#10372,#10373,#10374);
#10372 = CARTESIAN_POINT('',(45.4,-83.7875,0.));
#10373 = DIRECTION('',(-1.,0.,0.));
#10374 = DIRECTION('',(0.,1.,0.));
#10375 = ADVANCED_FACE('',(#10376),#10401,.T.);
#10376 = FACE_BOUND('',#10377,.T.);
#10377 = EDGE_LOOP('',(#10378,#10379,#10387,#10395));
#10378 = ORIENTED_EDGE('',*,*,#10357,.T.);
#10379 = ORIENTED_EDGE('',*,*,#10380,.T.);
#10380 = EDGE_CURVE('',#10350,#10381,#10383,.T.);
#10381 = VERTEX_POINT('',#10382);
#10382 = CARTESIAN_POINT('',(44.4,-70.7875,1.59));
#10383 = LINE('',#10384,#10385);
#10384 = CARTESIAN_POINT('',(45.4,-71.7875,1.59));
#10385 = VECTOR('',#10386,1.);
#10386 = DIRECTION('',(-0.707106781187,0.707106781187,0.));
#10387 = ORIENTED_EDGE('',*,*,#10388,.F.);
#10388 = EDGE_CURVE('',#10389,#10381,#10391,.T.);
#10389 = VERTEX_POINT('',#10390);
#10390 = CARTESIAN_POINT('',(44.4,-70.7875,0.));
#10391 = LINE('',#10392,#10393);
#10392 = CARTESIAN_POINT('',(44.4,-70.7875,0.));
#10393 = VECTOR('',#10394,1.);
#10394 = DIRECTION('',(0.,0.,1.));
#10395 = ORIENTED_EDGE('',*,*,#10396,.F.);
#10396 = EDGE_CURVE('',#10358,#10389,#10397,.T.);
#10397 = LINE('',#10398,#10399);
#10398 = CARTESIAN_POINT('',(45.4,-71.7875,0.));
#10399 = VECTOR('',#10400,1.);
#10400 = DIRECTION('',(-0.707106781187,0.707106781187,0.));
#10401 = PLANE('',#10402);
#10402 = AXIS2_PLACEMENT_3D('',#10403,#10404,#10405);
#10403 = CARTESIAN_POINT('',(45.4,-71.7875,0.));
#10404 = DIRECTION('',(-0.707106781187,-0.707106781187,0.));
#10405 = DIRECTION('',(-0.707106781187,0.707106781187,0.));
#10406 = ADVANCED_FACE('',(#10407),#10432,.T.);
#10407 = FACE_BOUND('',#10408,.T.);
#10408 = EDGE_LOOP('',(#10409,#10410,#10418,#10426));
#10409 = ORIENTED_EDGE('',*,*,#10388,.T.);
#10410 = ORIENTED_EDGE('',*,*,#10411,.T.);
#10411 = EDGE_CURVE('',#10381,#10412,#10414,.T.);
#10412 = VERTEX_POINT('',#10413);
#10413 = CARTESIAN_POINT('',(31.8,-70.7875,1.59));
#10414 = LINE('',#10415,#10416);
#10415 = CARTESIAN_POINT('',(44.4,-70.7875,1.59));
#10416 = VECTOR('',#10417,1.);
#10417 = DIRECTION('',(-1.,0.,0.));
#10418 = ORIENTED_EDGE('',*,*,#10419,.F.);
#10419 = EDGE_CURVE('',#10420,#10412,#10422,.T.);
#10420 = VERTEX_POINT('',#10421);
#10421 = CARTESIAN_POINT('',(31.8,-70.7875,0.));
#10422 = LINE('',#10423,#10424);
#10423 = CARTESIAN_POINT('',(31.8,-70.7875,0.));
#10424 = VECTOR('',#10425,1.);
#10425 = DIRECTION('',(0.,0.,1.));
#10426 = ORIENTED_EDGE('',*,*,#10427,.F.);
#10427 = EDGE_CURVE('',#10389,#10420,#10428,.T.);
#10428 = LINE('',#10429,#10430);
#10429 = CARTESIAN_POINT('',(44.4,-70.7875,0.));
#10430 = VECTOR('',#10431,1.);
#10431 = DIRECTION('',(-1.,0.,0.));
#10432 = PLANE('',#10433);
#10433 = AXIS2_PLACEMENT_3D('',#10434,#10435,#10436);
#10434 = CARTESIAN_POINT('',(44.4,-70.7875,0.));
#10435 = DIRECTION('',(0.,-1.,0.));
#10436 = DIRECTION('',(-1.,0.,0.));
#10437 = ADVANCED_FACE('',(#10438),#10454,.T.);
#10438 = FACE_BOUND('',#10439,.T.);
#10439 = EDGE_LOOP('',(#10440,#10441,#10447,#10448));
#10440 = ORIENTED_EDGE('',*,*,#10419,.T.);
#10441 = ORIENTED_EDGE('',*,*,#10442,.T.);
#10442 = EDGE_CURVE('',#10412,#10218,#10443,.T.);
#10443 = LINE('',#10444,#10445);
#10444 = CARTESIAN_POINT('',(31.8,-70.7875,1.59));
#10445 = VECTOR('',#10446,1.);
#10446 = DIRECTION('',(-0.707106781187,-0.707106781187,0.));
#10447 = ORIENTED_EDGE('',*,*,#10215,.F.);
#10448 = ORIENTED_EDGE('',*,*,#10449,.F.);
#10449 = EDGE_CURVE('',#10420,#10216,#10450,.T.);
#10450 = LINE('',#10451,#10452);
#10451 = CARTESIAN_POINT('',(31.8,-70.7875,0.));
#10452 = VECTOR('',#10453,1.);
#10453 = DIRECTION('',(-0.707106781187,-0.707106781187,0.));
#10454 = PLANE('',#10455);
#10455 = AXIS2_PLACEMENT_3D('',#10456,#10457,#10458);
#10456 = CARTESIAN_POINT('',(31.8,-70.7875,0.));
#10457 = DIRECTION('',(0.707106781187,-0.707106781187,0.));
#10458 = DIRECTION('',(-0.707106781187,-0.707106781187,0.));
#10459 = ADVANCED_FACE('',(#10460),#10494,.T.);
#10460 = FACE_BOUND('',#10461,.T.);
#10461 = EDGE_LOOP('',(#10462,#10472,#10480,#10488));
#10462 = ORIENTED_EDGE('',*,*,#10463,.T.);
#10463 = EDGE_CURVE('',#10464,#10466,#10468,.T.);
#10464 = VERTEX_POINT('',#10465);
#10465 = CARTESIAN_POINT('',(49.85,-71.7875,0.));
#10466 = VERTEX_POINT('',#10467);
#10467 = CARTESIAN_POINT('',(49.85,-71.7875,1.59));
#10468 = LINE('',#10469,#10470);
#10469 = CARTESIAN_POINT('',(49.85,-71.7875,0.));
#10470 = VECTOR('',#10471,1.);
#10471 = DIRECTION('',(0.,0.,1.));
#10472 = ORIENTED_EDGE('',*,*,#10473,.T.);
#10473 = EDGE_CURVE('',#10466,#10474,#10476,.T.);
#10474 = VERTEX_POINT('',#10475);
#10475 = CARTESIAN_POINT('',(49.85,-83.7875,1.59));
#10476 = LINE('',#10477,#10478);
#10477 = CARTESIAN_POINT('',(49.85,-71.7875,1.59));
#10478 = VECTOR('',#10479,1.);
#10479 = DIRECTION('',(0.,-1.,0.));
#10480 = ORIENTED_EDGE('',*,*,#10481,.F.);
#10481 = EDGE_CURVE('',#10482,#10474,#10484,.T.);
#10482 = VERTEX_POINT('',#10483);
#10483 = CARTESIAN_POINT('',(49.85,-83.7875,0.));
#10484 = LINE('',#10485,#10486);
#10485 = CARTESIAN_POINT('',(49.85,-83.7875,0.));
#10486 = VECTOR('',#10487,1.);
#10487 = DIRECTION('',(0.,0.,1.));
#10488 = ORIENTED_EDGE('',*,*,#10489,.F.);
#10489 = EDGE_CURVE('',#10464,#10482,#10490,.T.);
#10490 = LINE('',#10491,#10492);
#10491 = CARTESIAN_POINT('',(49.85,-71.7875,0.));
#10492 = VECTOR('',#10493,1.);
#10493 = DIRECTION('',(0.,-1.,0.));
#10494 = PLANE('',#10495);
#10495 = AXIS2_PLACEMENT_3D('',#10496,#10497,#10498);
#10496 = CARTESIAN_POINT('',(49.85,-71.7875,0.));
#10497 = DIRECTION('',(1.,0.,-0.));
#10498 = DIRECTION('',(0.,-1.,0.));
#10499 = ADVANCED_FACE('',(#10500),#10525,.T.);
#10500 = FACE_BOUND('',#10501,.T.);
#10501 = EDGE_LOOP('',(#10502,#10503,#10511,#10519));
#10502 = ORIENTED_EDGE('',*,*,#10481,.T.);
#10503 = ORIENTED_EDGE('',*,*,#10504,.T.);
#10504 = EDGE_CURVE('',#10474,#10505,#10507,.T.);
#10505 = VERTEX_POINT('',#10506);
#10506 = CARTESIAN_POINT('',(50.85,-84.7875,1.59));
#10507 = LINE('',#10508,#10509);
#10508 = CARTESIAN_POINT('',(49.85,-83.7875,1.59));
#10509 = VECTOR('',#10510,1.);
#10510 = DIRECTION('',(0.707106781187,-0.707106781187,0.));
#10511 = ORIENTED_EDGE('',*,*,#10512,.F.);
#10512 = EDGE_CURVE('',#10513,#10505,#10515,.T.);
#10513 = VERTEX_POINT('',#10514);
#10514 = CARTESIAN_POINT('',(50.85,-84.7875,0.));
#10515 = LINE('',#10516,#10517);
#10516 = CARTESIAN_POINT('',(50.85,-84.7875,0.));
#10517 = VECTOR('',#10518,1.);
#10518 = DIRECTION('',(0.,0.,1.));
#10519 = ORIENTED_EDGE('',*,*,#10520,.F.);
#10520 = EDGE_CURVE('',#10482,#10513,#10521,.T.);
#10521 = LINE('',#10522,#10523);
#10522 = CARTESIAN_POINT('',(49.85,-83.7875,0.));
#10523 = VECTOR('',#10524,1.);
#10524 = DIRECTION('',(0.707106781187,-0.707106781187,0.));
#10525 = PLANE('',#10526);
#10526 = AXIS2_PLACEMENT_3D('',#10527,#10528,#10529);
#10527 = CARTESIAN_POINT('',(49.85,-83.7875,0.));
#10528 = DIRECTION('',(0.707106781187,0.707106781187,-0.));
#10529 = DIRECTION('',(0.707106781187,-0.707106781187,0.));
#10530 = ADVANCED_FACE('',(#10531),#10556,.T.);
#10531 = FACE_BOUND('',#10532,.T.);
#10532 = EDGE_LOOP('',(#10533,#10534,#10542,#10550));
#10533 = ORIENTED_EDGE('',*,*,#10512,.T.);
#10534 = ORIENTED_EDGE('',*,*,#10535,.T.);
#10535 = EDGE_CURVE('',#10505,#10536,#10538,.T.);
#10536 = VERTEX_POINT('',#10537);
#10537 = CARTESIAN_POINT('',(63.45,-84.7875,1.59));
#10538 = LINE('',#10539,#10540);
#10539 = CARTESIAN_POINT('',(50.85,-84.7875,1.59));
#10540 = VECTOR('',#10541,1.);
#10541 = DIRECTION('',(1.,0.,0.));
#10542 = ORIENTED_EDGE('',*,*,#10543,.F.);
#10543 = EDGE_CURVE('',#10544,#10536,#10546,.T.);
#10544 = VERTEX_POINT('',#10545);
#10545 = CARTESIAN_POINT('',(63.45,-84.7875,0.));
#10546 = LINE('',#10547,#10548);
#10547 = CARTESIAN_POINT('',(63.45,-84.7875,0.));
#10548 = VECTOR('',#10549,1.);
#10549 = DIRECTION('',(0.,0.,1.));
#10550 = ORIENTED_EDGE('',*,*,#10551,.F.);
#10551 = EDGE_CURVE('',#10513,#10544,#10552,.T.);
#10552 = LINE('',#10553,#10554);
#10553 = CARTESIAN_POINT('',(50.85,-84.7875,0.));
#10554 = VECTOR('',#10555,1.);
#10555 = DIRECTION('',(1.,0.,0.));
#10556 = PLANE('',#10557);
#10557 = AXIS2_PLACEMENT_3D('',#10558,#10559,#10560);
#10558 = CARTESIAN_POINT('',(50.85,-84.7875,0.));
#10559 = DIRECTION('',(0.,1.,0.));
#10560 = DIRECTION('',(1.,0.,0.));
#10561 = ADVANCED_FACE('',(#10562),#10587,.T.);
#10562 = FACE_BOUND('',#10563,.T.);
#10563 = EDGE_LOOP('',(#10564,#10565,#10573,#10581));
#10564 = ORIENTED_EDGE('',*,*,#10543,.T.);
#10565 = ORIENTED_EDGE('',*,*,#10566,.T.);
#10566 = EDGE_CURVE('',#10536,#10567,#10569,.T.);
#10567 = VERTEX_POINT('',#10568);
#10568 = CARTESIAN_POINT('',(64.45,-83.7875,1.59));
#10569 = LINE('',#10570,#10571);
#10570 = CARTESIAN_POINT('',(63.45,-84.7875,1.59));
#10571 = VECTOR('',#10572,1.);
#10572 = DIRECTION('',(0.707106781187,0.707106781187,0.));
#10573 = ORIENTED_EDGE('',*,*,#10574,.F.);
#10574 = EDGE_CURVE('',#10575,#10567,#10577,.T.);
#10575 = VERTEX_POINT('',#10576);
#10576 = CARTESIAN_POINT('',(64.45,-83.7875,0.));
#10577 = LINE('',#10578,#10579);
#10578 = CARTESIAN_POINT('',(64.45,-83.7875,0.));
#10579 = VECTOR('',#10580,1.);
#10580 = DIRECTION('',(0.,0.,1.));
#10581 = ORIENTED_EDGE('',*,*,#10582,.F.);
#10582 = EDGE_CURVE('',#10544,#10575,#10583,.T.);
#10583 = LINE('',#10584,#10585);
#10584 = CARTESIAN_POINT('',(63.45,-84.7875,0.));
#10585 = VECTOR('',#10586,1.);
#10586 = DIRECTION('',(0.707106781187,0.707106781187,0.));
#10587 = PLANE('',#10588);
#10588 = AXIS2_PLACEMENT_3D('',#10589,#10590,#10591);
#10589 = CARTESIAN_POINT('',(63.45,-84.7875,0.));
#10590 = DIRECTION('',(-0.707106781187,0.707106781187,0.));
#10591 = DIRECTION('',(0.707106781187,0.707106781187,0.));
#10592 = ADVANCED_FACE('',(#10593),#10618,.T.);
#10593 = FACE_BOUND('',#10594,.T.);
#10594 = EDGE_LOOP('',(#10595,#10596,#10604,#10612));
#10595 = ORIENTED_EDGE('',*,*,#10574,.T.);
#10596 = ORIENTED_EDGE('',*,*,#10597,.T.);
#10597 = EDGE_CURVE('',#10567,#10598,#10600,.T.);
#10598 = VERTEX_POINT('',#10599);
#10599 = CARTESIAN_POINT('',(64.45,-71.7875,1.59));
#10600 = LINE('',#10601,#10602);
#10601 = CARTESIAN_POINT('',(64.45,-83.7875,1.59));
#10602 = VECTOR('',#10603,1.);
#10603 = DIRECTION('',(0.,1.,0.));
#10604 = ORIENTED_EDGE('',*,*,#10605,.F.);
#10605 = EDGE_CURVE('',#10606,#10598,#10608,.T.);
#10606 = VERTEX_POINT('',#10607);
#10607 = CARTESIAN_POINT('',(64.45,-71.7875,0.));
#10608 = LINE('',#10609,#10610);
#10609 = CARTESIAN_POINT('',(64.45,-71.7875,0.));
#10610 = VECTOR('',#10611,1.);
#10611 = DIRECTION('',(0.,0.,1.));
#10612 = ORIENTED_EDGE('',*,*,#10613,.F.);
#10613 = EDGE_CURVE('',#10575,#10606,#10614,.T.);
#10614 = LINE('',#10615,#10616);
#10615 = CARTESIAN_POINT('',(64.45,-83.7875,0.));
#10616 = VECTOR('',#10617,1.);
#10617 = DIRECTION('',(0.,1.,0.));
#10618 = PLANE('',#10619);
#10619 = AXIS2_PLACEMENT_3D('',#10620,#10621,#10622);
#10620 = CARTESIAN_POINT('',(64.45,-83.7875,0.));
#10621 = DIRECTION('',(-1.,0.,0.));
#10622 = DIRECTION('',(0.,1.,0.));
#10623 = ADVANCED_FACE('',(#10624),#10649,.T.);
#10624 = FACE_BOUND('',#10625,.T.);
#10625 = EDGE_LOOP('',(#10626,#10627,#10635,#10643));
#10626 = ORIENTED_EDGE('',*,*,#10605,.T.);
#10627 = ORIENTED_EDGE('',*,*,#10628,.T.);
#10628 = EDGE_CURVE('',#10598,#10629,#10631,.T.);
#10629 = VERTEX_POINT('',#10630);
#10630 = CARTESIAN_POINT('',(63.45,-70.7875,1.59));
#10631 = LINE('',#10632,#10633);
#10632 = CARTESIAN_POINT('',(64.45,-71.7875,1.59));
#10633 = VECTOR('',#10634,1.);
#10634 = DIRECTION('',(-0.707106781187,0.707106781187,0.));
#10635 = ORIENTED_EDGE('',*,*,#10636,.F.);
#10636 = EDGE_CURVE('',#10637,#10629,#10639,.T.);
#10637 = VERTEX_POINT('',#10638);
#10638 = CARTESIAN_POINT('',(63.45,-70.7875,0.));
#10639 = LINE('',#10640,#10641);
#10640 = CARTESIAN_POINT('',(63.45,-70.7875,0.));
#10641 = VECTOR('',#10642,1.);
#10642 = DIRECTION('',(0.,0.,1.));
#10643 = ORIENTED_EDGE('',*,*,#10644,.F.);
#10644 = EDGE_CURVE('',#10606,#10637,#10645,.T.);
#10645 = LINE('',#10646,#10647);
#10646 = CARTESIAN_POINT('',(64.45,-71.7875,0.));
#10647 = VECTOR('',#10648,1.);
#10648 = DIRECTION('',(-0.707106781187,0.707106781187,0.));
#10649 = PLANE('',#10650);
#10650 = AXIS2_PLACEMENT_3D('',#10651,#10652,#10653);
#10651 = CARTESIAN_POINT('',(64.45,-71.7875,0.));
#10652 = DIRECTION('',(-0.707106781187,-0.707106781187,0.));
#10653 = DIRECTION('',(-0.707106781187,0.707106781187,0.));
#10654 = ADVANCED_FACE('',(#10655),#10680,.T.);
#10655 = FACE_BOUND('',#10656,.T.);
#10656 = EDGE_LOOP('',(#10657,#10658,#10666,#10674));
#10657 = ORIENTED_EDGE('',*,*,#10636,.T.);
#10658 = ORIENTED_EDGE('',*,*,#10659,.T.);
#10659 = EDGE_CURVE('',#10629,#10660,#10662,.T.);
#10660 = VERTEX_POINT('',#10661);
#10661 = CARTESIAN_POINT('',(50.85,-70.7875,1.59));
#10662 = LINE('',#10663,#10664);
#10663 = CARTESIAN_POINT('',(63.45,-70.7875,1.59));
#10664 = VECTOR('',#10665,1.);
#10665 = DIRECTION('',(-1.,0.,0.));
#10666 = ORIENTED_EDGE('',*,*,#10667,.F.);
#10667 = EDGE_CURVE('',#10668,#10660,#10670,.T.);
#10668 = VERTEX_POINT('',#10669);
#10669 = CARTESIAN_POINT('',(50.85,-70.7875,0.));
#10670 = LINE('',#10671,#10672);
#10671 = CARTESIAN_POINT('',(50.85,-70.7875,0.));
#10672 = VECTOR('',#10673,1.);
#10673 = DIRECTION('',(0.,0.,1.));
#10674 = ORIENTED_EDGE('',*,*,#10675,.F.);
#10675 = EDGE_CURVE('',#10637,#10668,#10676,.T.);
#10676 = LINE('',#10677,#10678);
#10677 = CARTESIAN_POINT('',(63.45,-70.7875,0.));
#10678 = VECTOR('',#10679,1.);
#10679 = DIRECTION('',(-1.,0.,0.));
#10680 = PLANE('',#10681);
#10681 = AXIS2_PLACEMENT_3D('',#10682,#10683,#10684);
#10682 = CARTESIAN_POINT('',(63.45,-70.7875,0.));
#10683 = DIRECTION('',(0.,-1.,0.));
#10684 = DIRECTION('',(-1.,0.,0.));
#10685 = ADVANCED_FACE('',(#10686),#10702,.T.);
#10686 = FACE_BOUND('',#10687,.T.);
#10687 = EDGE_LOOP('',(#10688,#10689,#10695,#10696));
#10688 = ORIENTED_EDGE('',*,*,#10667,.T.);
#10689 = ORIENTED_EDGE('',*,*,#10690,.T.);
#10690 = EDGE_CURVE('',#10660,#10466,#10691,.T.);
#10691 = LINE('',#10692,#10693);
#10692 = CARTESIAN_POINT('',(50.85,-70.7875,1.59));
#10693 = VECTOR('',#10694,1.);
#10694 = DIRECTION('',(-0.707106781187,-0.707106781187,0.));
#10695 = ORIENTED_EDGE('',*,*,#10463,.F.);
#10696 = ORIENTED_EDGE('',*,*,#10697,.F.);
#10697 = EDGE_CURVE('',#10668,#10464,#10698,.T.);
#10698 = LINE('',#10699,#10700);
#10699 = CARTESIAN_POINT('',(50.85,-70.7875,0.));
#10700 = VECTOR('',#10701,1.);
#10701 = DIRECTION('',(-0.707106781187,-0.707106781187,0.));
#10702 = PLANE('',#10703);
#10703 = AXIS2_PLACEMENT_3D('',#10704,#10705,#10706);
#10704 = CARTESIAN_POINT('',(50.85,-70.7875,0.));
#10705 = DIRECTION('',(0.707106781187,-0.707106781187,0.));
#10706 = DIRECTION('',(-0.707106781187,-0.707106781187,0.));
#10707 = ADVANCED_FACE('',(#10708),#10742,.T.);
#10708 = FACE_BOUND('',#10709,.T.);
#10709 = EDGE_LOOP('',(#10710,#10720,#10728,#10736));
#10710 = ORIENTED_EDGE('',*,*,#10711,.T.);
#10711 = EDGE_CURVE('',#10712,#10714,#10716,.T.);
#10712 = VERTEX_POINT('',#10713);
#10713 = CARTESIAN_POINT('',(68.9,-71.7875,0.));
#10714 = VERTEX_POINT('',#10715);
#10715 = CARTESIAN_POINT('',(68.9,-71.7875,1.59));
#10716 = LINE('',#10717,#10718);
#10717 = CARTESIAN_POINT('',(68.9,-71.7875,0.));
#10718 = VECTOR('',#10719,1.);
#10719 = DIRECTION('',(0.,0.,1.));
#10720 = ORIENTED_EDGE('',*,*,#10721,.T.);
#10721 = EDGE_CURVE('',#10714,#10722,#10724,.T.);
#10722 = VERTEX_POINT('',#10723);
#10723 = CARTESIAN_POINT('',(68.9,-83.7875,1.59));
#10724 = LINE('',#10725,#10726);
#10725 = CARTESIAN_POINT('',(68.9,-71.7875,1.59));
#10726 = VECTOR('',#10727,1.);
#10727 = DIRECTION('',(0.,-1.,0.));
#10728 = ORIENTED_EDGE('',*,*,#10729,.F.);
#10729 = EDGE_CURVE('',#10730,#10722,#10732,.T.);
#10730 = VERTEX_POINT('',#10731);
#10731 = CARTESIAN_POINT('',(68.9,-83.7875,0.));
#10732 = LINE('',#10733,#10734);
#10733 = CARTESIAN_POINT('',(68.9,-83.7875,0.));
#10734 = VECTOR('',#10735,1.);
#10735 = DIRECTION('',(0.,0.,1.));
#10736 = ORIENTED_EDGE('',*,*,#10737,.F.);
#10737 = EDGE_CURVE('',#10712,#10730,#10738,.T.);
#10738 = LINE('',#10739,#10740);
#10739 = CARTESIAN_POINT('',(68.9,-71.7875,0.));
#10740 = VECTOR('',#10741,1.);
#10741 = DIRECTION('',(0.,-1.,0.));
#10742 = PLANE('',#10743);
#10743 = AXIS2_PLACEMENT_3D('',#10744,#10745,#10746);
#10744 = CARTESIAN_POINT('',(68.9,-71.7875,0.));
#10745 = DIRECTION('',(1.,0.,-0.));
#10746 = DIRECTION('',(0.,-1.,0.));
#10747 = ADVANCED_FACE('',(#10748),#10773,.T.);
#10748 = FACE_BOUND('',#10749,.T.);
#10749 = EDGE_LOOP('',(#10750,#10751,#10759,#10767));
#10750 = ORIENTED_EDGE('',*,*,#10729,.T.);
#10751 = ORIENTED_EDGE('',*,*,#10752,.T.);
#10752 = EDGE_CURVE('',#10722,#10753,#10755,.T.);
#10753 = VERTEX_POINT('',#10754);
#10754 = CARTESIAN_POINT('',(69.9,-84.7875,1.59));
#10755 = LINE('',#10756,#10757);
#10756 = CARTESIAN_POINT('',(68.9,-83.7875,1.59));
#10757 = VECTOR('',#10758,1.);
#10758 = DIRECTION('',(0.707106781187,-0.707106781187,0.));
#10759 = ORIENTED_EDGE('',*,*,#10760,.F.);
#10760 = EDGE_CURVE('',#10761,#10753,#10763,.T.);
#10761 = VERTEX_POINT('',#10762);
#10762 = CARTESIAN_POINT('',(69.9,-84.7875,0.));
#10763 = LINE('',#10764,#10765);
#10764 = CARTESIAN_POINT('',(69.9,-84.7875,0.));
#10765 = VECTOR('',#10766,1.);
#10766 = DIRECTION('',(0.,0.,1.));
#10767 = ORIENTED_EDGE('',*,*,#10768,.F.);
#10768 = EDGE_CURVE('',#10730,#10761,#10769,.T.);
#10769 = LINE('',#10770,#10771);
#10770 = CARTESIAN_POINT('',(68.9,-83.7875,0.));
#10771 = VECTOR('',#10772,1.);
#10772 = DIRECTION('',(0.707106781187,-0.707106781187,0.));
#10773 = PLANE('',#10774);
#10774 = AXIS2_PLACEMENT_3D('',#10775,#10776,#10777);
#10775 = CARTESIAN_POINT('',(68.9,-83.7875,0.));
#10776 = DIRECTION('',(0.707106781187,0.707106781187,-0.));
#10777 = DIRECTION('',(0.707106781187,-0.707106781187,0.));
#10778 = ADVANCED_FACE('',(#10779),#10804,.T.);
#10779 = FACE_BOUND('',#10780,.T.);
#10780 = EDGE_LOOP('',(#10781,#10782,#10790,#10798));
#10781 = ORIENTED_EDGE('',*,*,#10760,.T.);
#10782 = ORIENTED_EDGE('',*,*,#10783,.T.);
#10783 = EDGE_CURVE('',#10753,#10784,#10786,.T.);
#10784 = VERTEX_POINT('',#10785);
#10785 = CARTESIAN_POINT('',(82.5,-84.7875,1.59));
#10786 = LINE('',#10787,#10788);
#10787 = CARTESIAN_POINT('',(69.9,-84.7875,1.59));
#10788 = VECTOR('',#10789,1.);
#10789 = DIRECTION('',(1.,0.,0.));
#10790 = ORIENTED_EDGE('',*,*,#10791,.F.);
#10791 = EDGE_CURVE('',#10792,#10784,#10794,.T.);
#10792 = VERTEX_POINT('',#10793);
#10793 = CARTESIAN_POINT('',(82.5,-84.7875,0.));
#10794 = LINE('',#10795,#10796);
#10795 = CARTESIAN_POINT('',(82.5,-84.7875,0.));
#10796 = VECTOR('',#10797,1.);
#10797 = DIRECTION('',(0.,0.,1.));
#10798 = ORIENTED_EDGE('',*,*,#10799,.F.);
#10799 = EDGE_CURVE('',#10761,#10792,#10800,.T.);
#10800 = LINE('',#10801,#10802);
#10801 = CARTESIAN_POINT('',(69.9,-84.7875,0.));
#10802 = VECTOR('',#10803,1.);
#10803 = DIRECTION('',(1.,0.,0.));
#10804 = PLANE('',#10805);
#10805 = AXIS2_PLACEMENT_3D('',#10806,#10807,#10808);
#10806 = CARTESIAN_POINT('',(69.9,-84.7875,0.));
#10807 = DIRECTION('',(0.,1.,0.));
#10808 = DIRECTION('',(1.,0.,0.));
#10809 = ADVANCED_FACE('',(#10810),#10835,.T.);
#10810 = FACE_BOUND('',#10811,.T.);
#10811 = EDGE_LOOP('',(#10812,#10813,#10821,#10829));
#10812 = ORIENTED_EDGE('',*,*,#10791,.T.);
#10813 = ORIENTED_EDGE('',*,*,#10814,.T.);
#10814 = EDGE_CURVE('',#10784,#10815,#10817,.T.);
#10815 = VERTEX_POINT('',#10816);
#10816 = CARTESIAN_POINT('',(83.5,-83.7875,1.59));
#10817 = LINE('',#10818,#10819);
#10818 = CARTESIAN_POINT('',(82.5,-84.7875,1.59));
#10819 = VECTOR('',#10820,1.);
#10820 = DIRECTION('',(0.707106781187,0.707106781187,0.));
#10821 = ORIENTED_EDGE('',*,*,#10822,.F.);
#10822 = EDGE_CURVE('',#10823,#10815,#10825,.T.);
#10823 = VERTEX_POINT('',#10824);
#10824 = CARTESIAN_POINT('',(83.5,-83.7875,0.));
#10825 = LINE('',#10826,#10827);
#10826 = CARTESIAN_POINT('',(83.5,-83.7875,0.));
#10827 = VECTOR('',#10828,1.);
#10828 = DIRECTION('',(0.,0.,1.));
#10829 = ORIENTED_EDGE('',*,*,#10830,.F.);
#10830 = EDGE_CURVE('',#10792,#10823,#10831,.T.);
#10831 = LINE('',#10832,#10833);
#10832 = CARTESIAN_POINT('',(82.5,-84.7875,0.));
#10833 = VECTOR('',#10834,1.);
#10834 = DIRECTION('',(0.707106781187,0.707106781187,0.));
#10835 = PLANE('',#10836);
#10836 = AXIS2_PLACEMENT_3D('',#10837,#10838,#10839);
#10837 = CARTESIAN_POINT('',(82.5,-84.7875,0.));
#10838 = DIRECTION('',(-0.707106781187,0.707106781187,0.));
#10839 = DIRECTION('',(0.707106781187,0.707106781187,0.));
#10840 = ADVANCED_FACE('',(#10841),#10866,.T.);
#10841 = FACE_BOUND('',#10842,.T.);
#10842 = EDGE_LOOP('',(#10843,#10844,#10852,#10860));
#10843 = ORIENTED_EDGE('',*,*,#10822,.T.);
#10844 = ORIENTED_EDGE('',*,*,#10845,.T.);
#10845 = EDGE_CURVE('',#10815,#10846,#10848,.T.);
#10846 = VERTEX_POINT('',#10847);
#10847 = CARTESIAN_POINT('',(83.5,-71.7875,1.59));
#10848 = LINE('',#10849,#10850);
#10849 = CARTESIAN_POINT('',(83.5,-83.7875,1.59));
#10850 = VECTOR('',#10851,1.);
#10851 = DIRECTION('',(0.,1.,0.));
#10852 = ORIENTED_EDGE('',*,*,#10853,.F.);
#10853 = EDGE_CURVE('',#10854,#10846,#10856,.T.);
#10854 = VERTEX_POINT('',#10855);
#10855 = CARTESIAN_POINT('',(83.5,-71.7875,0.));
#10856 = LINE('',#10857,#10858);
#10857 = CARTESIAN_POINT('',(83.5,-71.7875,0.));
#10858 = VECTOR('',#10859,1.);
#10859 = DIRECTION('',(0.,0.,1.));
#10860 = ORIENTED_EDGE('',*,*,#10861,.F.);
#10861 = EDGE_CURVE('',#10823,#10854,#10862,.T.);
#10862 = LINE('',#10863,#10864);
#10863 = CARTESIAN_POINT('',(83.5,-83.7875,0.));
#10864 = VECTOR('',#10865,1.);
#10865 = DIRECTION('',(0.,1.,0.));
#10866 = PLANE('',#10867);
#10867 = AXIS2_PLACEMENT_3D('',#10868,#10869,#10870);
#10868 = CARTESIAN_POINT('',(83.5,-83.7875,0.));
#10869 = DIRECTION('',(-1.,0.,0.));
#10870 = DIRECTION('',(0.,1.,0.));
#10871 = ADVANCED_FACE('',(#10872),#10897,.T.);
#10872 = FACE_BOUND('',#10873,.T.);
#10873 = EDGE_LOOP('',(#10874,#10875,#10883,#10891));
#10874 = ORIENTED_EDGE('',*,*,#10853,.T.);
#10875 = ORIENTED_EDGE('',*,*,#10876,.T.);
#10876 = EDGE_CURVE('',#10846,#10877,#10879,.T.);
#10877 = VERTEX_POINT('',#10878);
#10878 = CARTESIAN_POINT('',(82.5,-70.7875,1.59));
#10879 = LINE('',#10880,#10881);
#10880 = CARTESIAN_POINT('',(83.5,-71.7875,1.59));
#10881 = VECTOR('',#10882,1.);
#10882 = DIRECTION('',(-0.707106781187,0.707106781187,0.));
#10883 = ORIENTED_EDGE('',*,*,#10884,.F.);
#10884 = EDGE_CURVE('',#10885,#10877,#10887,.T.);
#10885 = VERTEX_POINT('',#10886);
#10886 = CARTESIAN_POINT('',(82.5,-70.7875,0.));
#10887 = LINE('',#10888,#10889);
#10888 = CARTESIAN_POINT('',(82.5,-70.7875,0.));
#10889 = VECTOR('',#10890,1.);
#10890 = DIRECTION('',(0.,0.,1.));
#10891 = ORIENTED_EDGE('',*,*,#10892,.F.);
#10892 = EDGE_CURVE('',#10854,#10885,#10893,.T.);
#10893 = LINE('',#10894,#10895);
#10894 = CARTESIAN_POINT('',(83.5,-71.7875,0.));
#10895 = VECTOR('',#10896,1.);
#10896 = DIRECTION('',(-0.707106781187,0.707106781187,0.));
#10897 = PLANE('',#10898);
#10898 = AXIS2_PLACEMENT_3D('',#10899,#10900,#10901);
#10899 = CARTESIAN_POINT('',(83.5,-71.7875,0.));
#10900 = DIRECTION('',(-0.707106781187,-0.707106781187,0.));
#10901 = DIRECTION('',(-0.707106781187,0.707106781187,0.));
#10902 = ADVANCED_FACE('',(#10903),#10928,.T.);
#10903 = FACE_BOUND('',#10904,.T.);
#10904 = EDGE_LOOP('',(#10905,#10906,#10914,#10922));
#10905 = ORIENTED_EDGE('',*,*,#10884,.T.);
#10906 = ORIENTED_EDGE('',*,*,#10907,.T.);
#10907 = EDGE_CURVE('',#10877,#10908,#10910,.T.);
#10908 = VERTEX_POINT('',#10909);
#10909 = CARTESIAN_POINT('',(69.9,-70.7875,1.59));
#10910 = LINE('',#10911,#10912);
#10911 = CARTESIAN_POINT('',(82.5,-70.7875,1.59));
#10912 = VECTOR('',#10913,1.);
#10913 = DIRECTION('',(-1.,0.,0.));
#10914 = ORIENTED_EDGE('',*,*,#10915,.F.);
#10915 = EDGE_CURVE('',#10916,#10908,#10918,.T.);
#10916 = VERTEX_POINT('',#10917);
#10917 = CARTESIAN_POINT('',(69.9,-70.7875,0.));
#10918 = LINE('',#10919,#10920);
#10919 = CARTESIAN_POINT('',(69.9,-70.7875,0.));
#10920 = VECTOR('',#10921,1.);
#10921 = DIRECTION('',(0.,0.,1.));
#10922 = ORIENTED_EDGE('',*,*,#10923,.F.);
#10923 = EDGE_CURVE('',#10885,#10916,#10924,.T.);
#10924 = LINE('',#10925,#10926);
#10925 = CARTESIAN_POINT('',(82.5,-70.7875,0.));
#10926 = VECTOR('',#10927,1.);
#10927 = DIRECTION('',(-1.,0.,0.));
#10928 = PLANE('',#10929);
#10929 = AXIS2_PLACEMENT_3D('',#10930,#10931,#10932);
#10930 = CARTESIAN_POINT('',(82.5,-70.7875,0.));
#10931 = DIRECTION('',(0.,-1.,0.));
#10932 = DIRECTION('',(-1.,0.,0.));
#10933 = ADVANCED_FACE('',(#10934),#10950,.T.);
#10934 = FACE_BOUND('',#10935,.T.);
#10935 = EDGE_LOOP('',(#10936,#10937,#10943,#10944));
#10936 = ORIENTED_EDGE('',*,*,#10915,.T.);
#10937 = ORIENTED_EDGE('',*,*,#10938,.T.);
#10938 = EDGE_CURVE('',#10908,#10714,#10939,.T.);
#10939 = LINE('',#10940,#10941);
#10940 = CARTESIAN_POINT('',(69.9,-70.7875,1.59));
#10941 = VECTOR('',#10942,1.);
#10942 = DIRECTION('',(-0.707106781187,-0.707106781187,0.));
#10943 = ORIENTED_EDGE('',*,*,#10711,.F.);
#10944 = ORIENTED_EDGE('',*,*,#10945,.F.);
#10945 = EDGE_CURVE('',#10916,#10712,#10946,.T.);
#10946 = LINE('',#10947,#10948);
#10947 = CARTESIAN_POINT('',(69.9,-70.7875,0.));
#10948 = VECTOR('',#10949,1.);
#10949 = DIRECTION('',(-0.707106781187,-0.707106781187,0.));
#10950 = PLANE('',#10951);
#10951 = AXIS2_PLACEMENT_3D('',#10952,#10953,#10954);
#10952 = CARTESIAN_POINT('',(69.9,-70.7875,0.));
#10953 = DIRECTION('',(0.707106781187,-0.707106781187,0.));
#10954 = DIRECTION('',(-0.707106781187,-0.707106781187,0.));
#10955 = ADVANCED_FACE('',(#10956),#10990,.T.);
#10956 = FACE_BOUND('',#10957,.T.);
#10957 = EDGE_LOOP('',(#10958,#10968,#10976,#10984));
#10958 = ORIENTED_EDGE('',*,*,#10959,.T.);
#10959 = EDGE_CURVE('',#10960,#10962,#10964,.T.);
#10960 = VERTEX_POINT('',#10961);
#10961 = CARTESIAN_POINT('',(87.95,-71.7875,0.));
#10962 = VERTEX_POINT('',#10963);
#10963 = CARTESIAN_POINT('',(87.95,-71.7875,1.59));
#10964 = LINE('',#10965,#10966);
#10965 = CARTESIAN_POINT('',(87.95,-71.7875,0.));
#10966 = VECTOR('',#10967,1.);
#10967 = DIRECTION('',(0.,0.,1.));
#10968 = ORIENTED_EDGE('',*,*,#10969,.T.);
#10969 = EDGE_CURVE('',#10962,#10970,#10972,.T.);
#10970 = VERTEX_POINT('',#10971);
#10971 = CARTESIAN_POINT('',(87.95,-83.7875,1.59));
#10972 = LINE('',#10973,#10974);
#10973 = CARTESIAN_POINT('',(87.95,-71.7875,1.59));
#10974 = VECTOR('',#10975,1.);
#10975 = DIRECTION('',(0.,-1.,0.));
#10976 = ORIENTED_EDGE('',*,*,#10977,.F.);
#10977 = EDGE_CURVE('',#10978,#10970,#10980,.T.);
#10978 = VERTEX_POINT('',#10979);
#10979 = CARTESIAN_POINT('',(87.95,-83.7875,0.));
#10980 = LINE('',#10981,#10982);
#10981 = CARTESIAN_POINT('',(87.95,-83.7875,0.));
#10982 = VECTOR('',#10983,1.);
#10983 = DIRECTION('',(0.,0.,1.));
#10984 = ORIENTED_EDGE('',*,*,#10985,.F.);
#10985 = EDGE_CURVE('',#10960,#10978,#10986,.T.);
#10986 = LINE('',#10987,#10988);
#10987 = CARTESIAN_POINT('',(87.95,-71.7875,0.));
#10988 = VECTOR('',#10989,1.);
#10989 = DIRECTION('',(0.,-1.,0.));
#10990 = PLANE('',#10991);
#10991 = AXIS2_PLACEMENT_3D('',#10992,#10993,#10994);
#10992 = CARTESIAN_POINT('',(87.95,-71.7875,0.));
#10993 = DIRECTION('',(1.,0.,-0.));
#10994 = DIRECTION('',(0.,-1.,0.));
#10995 = ADVANCED_FACE('',(#10996),#11021,.T.);
#10996 = FACE_BOUND('',#10997,.T.);
#10997 = EDGE_LOOP('',(#10998,#10999,#11007,#11015));
#10998 = ORIENTED_EDGE('',*,*,#10977,.T.);
#10999 = ORIENTED_EDGE('',*,*,#11000,.T.);
#11000 = EDGE_CURVE('',#10970,#11001,#11003,.T.);
#11001 = VERTEX_POINT('',#11002);
#11002 = CARTESIAN_POINT('',(88.95,-84.7875,1.59));
#11003 = LINE('',#11004,#11005);
#11004 = CARTESIAN_POINT('',(87.95,-83.7875,1.59));
#11005 = VECTOR('',#11006,1.);
#11006 = DIRECTION('',(0.707106781187,-0.707106781187,0.));
#11007 = ORIENTED_EDGE('',*,*,#11008,.F.);
#11008 = EDGE_CURVE('',#11009,#11001,#11011,.T.);
#11009 = VERTEX_POINT('',#11010);
#11010 = CARTESIAN_POINT('',(88.95,-84.7875,0.));
#11011 = LINE('',#11012,#11013);
#11012 = CARTESIAN_POINT('',(88.95,-84.7875,0.));
#11013 = VECTOR('',#11014,1.);
#11014 = DIRECTION('',(0.,0.,1.));
#11015 = ORIENTED_EDGE('',*,*,#11016,.F.);
#11016 = EDGE_CURVE('',#10978,#11009,#11017,.T.);
#11017 = LINE('',#11018,#11019);
#11018 = CARTESIAN_POINT('',(87.95,-83.7875,0.));
#11019 = VECTOR('',#11020,1.);
#11020 = DIRECTION('',(0.707106781187,-0.707106781187,0.));
#11021 = PLANE('',#11022);
#11022 = AXIS2_PLACEMENT_3D('',#11023,#11024,#11025);
#11023 = CARTESIAN_POINT('',(87.95,-83.7875,0.));
#11024 = DIRECTION('',(0.707106781187,0.707106781187,-0.));
#11025 = DIRECTION('',(0.707106781187,-0.707106781187,0.));
#11026 = ADVANCED_FACE('',(#11027),#11052,.T.);
#11027 = FACE_BOUND('',#11028,.T.);
#11028 = EDGE_LOOP('',(#11029,#11030,#11038,#11046));
#11029 = ORIENTED_EDGE('',*,*,#11008,.T.);
#11030 = ORIENTED_EDGE('',*,*,#11031,.T.);
#11031 = EDGE_CURVE('',#11001,#11032,#11034,.T.);
#11032 = VERTEX_POINT('',#11033);
#11033 = CARTESIAN_POINT('',(101.55,-84.7875,1.59));
#11034 = LINE('',#11035,#11036);
#11035 = CARTESIAN_POINT('',(88.95,-84.7875,1.59));
#11036 = VECTOR('',#11037,1.);
#11037 = DIRECTION('',(1.,0.,0.));
#11038 = ORIENTED_EDGE('',*,*,#11039,.F.);
#11039 = EDGE_CURVE('',#11040,#11032,#11042,.T.);
#11040 = VERTEX_POINT('',#11041);
#11041 = CARTESIAN_POINT('',(101.55,-84.7875,0.));
#11042 = LINE('',#11043,#11044);
#11043 = CARTESIAN_POINT('',(101.55,-84.7875,0.));
#11044 = VECTOR('',#11045,1.);
#11045 = DIRECTION('',(0.,0.,1.));
#11046 = ORIENTED_EDGE('',*,*,#11047,.F.);
#11047 = EDGE_CURVE('',#11009,#11040,#11048,.T.);
#11048 = LINE('',#11049,#11050);
#11049 = CARTESIAN_POINT('',(88.95,-84.7875,0.));
#11050 = VECTOR('',#11051,1.);
#11051 = DIRECTION('',(1.,0.,0.));
#11052 = PLANE('',#11053);
#11053 = AXIS2_PLACEMENT_3D('',#11054,#11055,#11056);
#11054 = CARTESIAN_POINT('',(88.95,-84.7875,0.));
#11055 = DIRECTION('',(0.,1.,0.));
#11056 = DIRECTION('',(1.,0.,0.));
#11057 = ADVANCED_FACE('',(#11058),#11083,.T.);
#11058 = FACE_BOUND('',#11059,.T.);
#11059 = EDGE_LOOP('',(#11060,#11061,#11069,#11077));
#11060 = ORIENTED_EDGE('',*,*,#11039,.T.);
#11061 = ORIENTED_EDGE('',*,*,#11062,.T.);
#11062 = EDGE_CURVE('',#11032,#11063,#11065,.T.);
#11063 = VERTEX_POINT('',#11064);
#11064 = CARTESIAN_POINT('',(102.55,-83.7875,1.59));
#11065 = LINE('',#11066,#11067);
#11066 = CARTESIAN_POINT('',(101.55,-84.7875,1.59));
#11067 = VECTOR('',#11068,1.);
#11068 = DIRECTION('',(0.707106781187,0.707106781187,0.));
#11069 = ORIENTED_EDGE('',*,*,#11070,.F.);
#11070 = EDGE_CURVE('',#11071,#11063,#11073,.T.);
#11071 = VERTEX_POINT('',#11072);
#11072 = CARTESIAN_POINT('',(102.55,-83.7875,0.));
#11073 = LINE('',#11074,#11075);
#11074 = CARTESIAN_POINT('',(102.55,-83.7875,0.));
#11075 = VECTOR('',#11076,1.);
#11076 = DIRECTION('',(0.,0.,1.));
#11077 = ORIENTED_EDGE('',*,*,#11078,.F.);
#11078 = EDGE_CURVE('',#11040,#11071,#11079,.T.);
#11079 = LINE('',#11080,#11081);
#11080 = CARTESIAN_POINT('',(101.55,-84.7875,0.));
#11081 = VECTOR('',#11082,1.);
#11082 = DIRECTION('',(0.707106781187,0.707106781187,0.));
#11083 = PLANE('',#11084);
#11084 = AXIS2_PLACEMENT_3D('',#11085,#11086,#11087);
#11085 = CARTESIAN_POINT('',(101.55,-84.7875,0.));
#11086 = DIRECTION('',(-0.707106781187,0.707106781187,0.));
#11087 = DIRECTION('',(0.707106781187,0.707106781187,0.));
#11088 = ADVANCED_FACE('',(#11089),#11114,.T.);
#11089 = FACE_BOUND('',#11090,.T.);
#11090 = EDGE_LOOP('',(#11091,#11092,#11100,#11108));
#11091 = ORIENTED_EDGE('',*,*,#11070,.T.);
#11092 = ORIENTED_EDGE('',*,*,#11093,.T.);
#11093 = EDGE_CURVE('',#11063,#11094,#11096,.T.);
#11094 = VERTEX_POINT('',#11095);
#11095 = CARTESIAN_POINT('',(102.55,-71.7875,1.59));
#11096 = LINE('',#11097,#11098);
#11097 = CARTESIAN_POINT('',(102.55,-83.7875,1.59));
#11098 = VECTOR('',#11099,1.);
#11099 = DIRECTION('',(0.,1.,0.));
#11100 = ORIENTED_EDGE('',*,*,#11101,.F.);
#11101 = EDGE_CURVE('',#11102,#11094,#11104,.T.);
#11102 = VERTEX_POINT('',#11103);
#11103 = CARTESIAN_POINT('',(102.55,-71.7875,0.));
#11104 = LINE('',#11105,#11106);
#11105 = CARTESIAN_POINT('',(102.55,-71.7875,0.));
#11106 = VECTOR('',#11107,1.);
#11107 = DIRECTION('',(0.,0.,1.));
#11108 = ORIENTED_EDGE('',*,*,#11109,.F.);
#11109 = EDGE_CURVE('',#11071,#11102,#11110,.T.);
#11110 = LINE('',#11111,#11112);
#11111 = CARTESIAN_POINT('',(102.55,-83.7875,0.));
#11112 = VECTOR('',#11113,1.);
#11113 = DIRECTION('',(0.,1.,0.));
#11114 = PLANE('',#11115);
#11115 = AXIS2_PLACEMENT_3D('',#11116,#11117,#11118);
#11116 = CARTESIAN_POINT('',(102.55,-83.7875,0.));
#11117 = DIRECTION('',(-1.,0.,0.));
#11118 = DIRECTION('',(0.,1.,0.));
#11119 = ADVANCED_FACE('',(#11120),#11145,.T.);
#11120 = FACE_BOUND('',#11121,.T.);
#11121 = EDGE_LOOP('',(#11122,#11123,#11131,#11139));
#11122 = ORIENTED_EDGE('',*,*,#11101,.T.);
#11123 = ORIENTED_EDGE('',*,*,#11124,.T.);
#11124 = EDGE_CURVE('',#11094,#11125,#11127,.T.);
#11125 = VERTEX_POINT('',#11126);
#11126 = CARTESIAN_POINT('',(101.55,-70.7875,1.59));
#11127 = LINE('',#11128,#11129);
#11128 = CARTESIAN_POINT('',(102.55,-71.7875,1.59));
#11129 = VECTOR('',#11130,1.);
#11130 = DIRECTION('',(-0.707106781187,0.707106781187,0.));
#11131 = ORIENTED_EDGE('',*,*,#11132,.F.);
#11132 = EDGE_CURVE('',#11133,#11125,#11135,.T.);
#11133 = VERTEX_POINT('',#11134);
#11134 = CARTESIAN_POINT('',(101.55,-70.7875,0.));
#11135 = LINE('',#11136,#11137);
#11136 = CARTESIAN_POINT('',(101.55,-70.7875,0.));
#11137 = VECTOR('',#11138,1.);
#11138 = DIRECTION('',(0.,0.,1.));
#11139 = ORIENTED_EDGE('',*,*,#11140,.F.);
#11140 = EDGE_CURVE('',#11102,#11133,#11141,.T.);
#11141 = LINE('',#11142,#11143);
#11142 = CARTESIAN_POINT('',(102.55,-71.7875,0.));
#11143 = VECTOR('',#11144,1.);
#11144 = DIRECTION('',(-0.707106781187,0.707106781187,0.));
#11145 = PLANE('',#11146);
#11146 = AXIS2_PLACEMENT_3D('',#11147,#11148,#11149);
#11147 = CARTESIAN_POINT('',(102.55,-71.7875,0.));
#11148 = DIRECTION('',(-0.707106781187,-0.707106781187,0.));
#11149 = DIRECTION('',(-0.707106781187,0.707106781187,0.));
#11150 = ADVANCED_FACE('',(#11151),#11176,.T.);
#11151 = FACE_BOUND('',#11152,.T.);
#11152 = EDGE_LOOP('',(#11153,#11154,#11162,#11170));
#11153 = ORIENTED_EDGE('',*,*,#11132,.T.);
#11154 = ORIENTED_EDGE('',*,*,#11155,.T.);
#11155 = EDGE_CURVE('',#11125,#11156,#11158,.T.);
#11156 = VERTEX_POINT('',#11157);
#11157 = CARTESIAN_POINT('',(88.95,-70.7875,1.59));
#11158 = LINE('',#11159,#11160);
#11159 = CARTESIAN_POINT('',(101.55,-70.7875,1.59));
#11160 = VECTOR('',#11161,1.);
#11161 = DIRECTION('',(-1.,0.,0.));
#11162 = ORIENTED_EDGE('',*,*,#11163,.F.);
#11163 = EDGE_CURVE('',#11164,#11156,#11166,.T.);
#11164 = VERTEX_POINT('',#11165);
#11165 = CARTESIAN_POINT('',(88.95,-70.7875,0.));
#11166 = LINE('',#11167,#11168);
#11167 = CARTESIAN_POINT('',(88.95,-70.7875,0.));
#11168 = VECTOR('',#11169,1.);
#11169 = DIRECTION('',(0.,0.,1.));
#11170 = ORIENTED_EDGE('',*,*,#11171,.F.);
#11171 = EDGE_CURVE('',#11133,#11164,#11172,.T.);
#11172 = LINE('',#11173,#11174);
#11173 = CARTESIAN_POINT('',(101.55,-70.7875,0.));
#11174 = VECTOR('',#11175,1.);
#11175 = DIRECTION('',(-1.,0.,0.));
#11176 = PLANE('',#11177);
#11177 = AXIS2_PLACEMENT_3D('',#11178,#11179,#11180);
#11178 = CARTESIAN_POINT('',(101.55,-70.7875,0.));
#11179 = DIRECTION('',(0.,-1.,0.));
#11180 = DIRECTION('',(-1.,0.,0.));
#11181 = ADVANCED_FACE('',(#11182),#11198,.T.);
#11182 = FACE_BOUND('',#11183,.T.);
#11183 = EDGE_LOOP('',(#11184,#11185,#11191,#11192));
#11184 = ORIENTED_EDGE('',*,*,#11163,.T.);
#11185 = ORIENTED_EDGE('',*,*,#11186,.T.);
#11186 = EDGE_CURVE('',#11156,#10962,#11187,.T.);
#11187 = LINE('',#11188,#11189);
#11188 = CARTESIAN_POINT('',(88.95,-70.7875,1.59));
#11189 = VECTOR('',#11190,1.);
#11190 = DIRECTION('',(-0.707106781187,-0.707106781187,0.));
#11191 = ORIENTED_EDGE('',*,*,#10959,.F.);
#11192 = ORIENTED_EDGE('',*,*,#11193,.F.);
#11193 = EDGE_CURVE('',#11164,#10960,#11194,.T.);
#11194 = LINE('',#11195,#11196);
#11195 = CARTESIAN_POINT('',(88.95,-70.7875,0.));
#11196 = VECTOR('',#11197,1.);
#11197 = DIRECTION('',(-0.707106781187,-0.707106781187,0.));
#11198 = PLANE('',#11199);
#11199 = AXIS2_PLACEMENT_3D('',#11200,#11201,#11202);
#11200 = CARTESIAN_POINT('',(88.95,-70.7875,0.));
#11201 = DIRECTION('',(0.707106781187,-0.707106781187,0.));
#11202 = DIRECTION('',(-0.707106781187,-0.707106781187,0.));
#11203 = ADVANCED_FACE('',(#11204),#11238,.T.);
#11204 = FACE_BOUND('',#11205,.T.);
#11205 = EDGE_LOOP('',(#11206,#11216,#11224,#11232));
#11206 = ORIENTED_EDGE('',*,*,#11207,.T.);
#11207 = EDGE_CURVE('',#11208,#11210,#11212,.T.);
#11208 = VERTEX_POINT('',#11209);
#11209 = CARTESIAN_POINT('',(107.,-71.7875,0.));
#11210 = VERTEX_POINT('',#11211);
#11211 = CARTESIAN_POINT('',(107.,-71.7875,1.59));
#11212 = LINE('',#11213,#11214);
#11213 = CARTESIAN_POINT('',(107.,-71.7875,0.));
#11214 = VECTOR('',#11215,1.);
#11215 = DIRECTION('',(0.,0.,1.));
#11216 = ORIENTED_EDGE('',*,*,#11217,.T.);
#11217 = EDGE_CURVE('',#11210,#11218,#11220,.T.);
#11218 = VERTEX_POINT('',#11219);
#11219 = CARTESIAN_POINT('',(107.,-83.7875,1.59));
#11220 = LINE('',#11221,#11222);
#11221 = CARTESIAN_POINT('',(107.,-71.7875,1.59));
#11222 = VECTOR('',#11223,1.);
#11223 = DIRECTION('',(0.,-1.,0.));
#11224 = ORIENTED_EDGE('',*,*,#11225,.F.);
#11225 = EDGE_CURVE('',#11226,#11218,#11228,.T.);
#11226 = VERTEX_POINT('',#11227);
#11227 = CARTESIAN_POINT('',(107.,-83.7875,0.));
#11228 = LINE('',#11229,#11230);
#11229 = CARTESIAN_POINT('',(107.,-83.7875,0.));
#11230 = VECTOR('',#11231,1.);
#11231 = DIRECTION('',(0.,0.,1.));
#11232 = ORIENTED_EDGE('',*,*,#11233,.F.);
#11233 = EDGE_CURVE('',#11208,#11226,#11234,.T.);
#11234 = LINE('',#11235,#11236);
#11235 = CARTESIAN_POINT('',(107.,-71.7875,0.));
#11236 = VECTOR('',#11237,1.);
#11237 = DIRECTION('',(0.,-1.,0.));
#11238 = PLANE('',#11239);
#11239 = AXIS2_PLACEMENT_3D('',#11240,#11241,#11242);
#11240 = CARTESIAN_POINT('',(107.,-71.7875,0.));
#11241 = DIRECTION('',(1.,0.,-0.));
#11242 = DIRECTION('',(0.,-1.,0.));
#11243 = ADVANCED_FACE('',(#11244),#11269,.T.);
#11244 = FACE_BOUND('',#11245,.T.);
#11245 = EDGE_LOOP('',(#11246,#11247,#11255,#11263));
#11246 = ORIENTED_EDGE('',*,*,#11225,.T.);
#11247 = ORIENTED_EDGE('',*,*,#11248,.T.);
#11248 = EDGE_CURVE('',#11218,#11249,#11251,.T.);
#11249 = VERTEX_POINT('',#11250);
#11250 = CARTESIAN_POINT('',(108.,-84.7875,1.59));
#11251 = LINE('',#11252,#11253);
#11252 = CARTESIAN_POINT('',(107.,-83.7875,1.59));
#11253 = VECTOR('',#11254,1.);
#11254 = DIRECTION('',(0.707106781187,-0.707106781187,0.));
#11255 = ORIENTED_EDGE('',*,*,#11256,.F.);
#11256 = EDGE_CURVE('',#11257,#11249,#11259,.T.);
#11257 = VERTEX_POINT('',#11258);
#11258 = CARTESIAN_POINT('',(108.,-84.7875,0.));
#11259 = LINE('',#11260,#11261);
#11260 = CARTESIAN_POINT('',(108.,-84.7875,0.));
#11261 = VECTOR('',#11262,1.);
#11262 = DIRECTION('',(0.,0.,1.));
#11263 = ORIENTED_EDGE('',*,*,#11264,.F.);
#11264 = EDGE_CURVE('',#11226,#11257,#11265,.T.);
#11265 = LINE('',#11266,#11267);
#11266 = CARTESIAN_POINT('',(107.,-83.7875,0.));
#11267 = VECTOR('',#11268,1.);
#11268 = DIRECTION('',(0.707106781187,-0.707106781187,0.));
#11269 = PLANE('',#11270);
#11270 = AXIS2_PLACEMENT_3D('',#11271,#11272,#11273);
#11271 = CARTESIAN_POINT('',(107.,-83.7875,0.));
#11272 = DIRECTION('',(0.707106781187,0.707106781187,-0.));
#11273 = DIRECTION('',(0.707106781187,-0.707106781187,0.));
#11274 = ADVANCED_FACE('',(#11275),#11300,.T.);
#11275 = FACE_BOUND('',#11276,.T.);
#11276 = EDGE_LOOP('',(#11277,#11278,#11286,#11294));
#11277 = ORIENTED_EDGE('',*,*,#11256,.T.);
#11278 = ORIENTED_EDGE('',*,*,#11279,.T.);
#11279 = EDGE_CURVE('',#11249,#11280,#11282,.T.);
#11280 = VERTEX_POINT('',#11281);
#11281 = CARTESIAN_POINT('',(120.6,-84.7875,1.59));
#11282 = LINE('',#11283,#11284);
#11283 = CARTESIAN_POINT('',(108.,-84.7875,1.59));
#11284 = VECTOR('',#11285,1.);
#11285 = DIRECTION('',(1.,0.,0.));
#11286 = ORIENTED_EDGE('',*,*,#11287,.F.);
#11287 = EDGE_CURVE('',#11288,#11280,#11290,.T.);
#11288 = VERTEX_POINT('',#11289);
#11289 = CARTESIAN_POINT('',(120.6,-84.7875,0.));
#11290 = LINE('',#11291,#11292);
#11291 = CARTESIAN_POINT('',(120.6,-84.7875,0.));
#11292 = VECTOR('',#11293,1.);
#11293 = DIRECTION('',(0.,0.,1.));
#11294 = ORIENTED_EDGE('',*,*,#11295,.F.);
#11295 = EDGE_CURVE('',#11257,#11288,#11296,.T.);
#11296 = LINE('',#11297,#11298);
#11297 = CARTESIAN_POINT('',(108.,-84.7875,0.));
#11298 = VECTOR('',#11299,1.);
#11299 = DIRECTION('',(1.,0.,0.));
#11300 = PLANE('',#11301);
#11301 = AXIS2_PLACEMENT_3D('',#11302,#11303,#11304);
#11302 = CARTESIAN_POINT('',(108.,-84.7875,0.));
#11303 = DIRECTION('',(0.,1.,0.));
#11304 = DIRECTION('',(1.,0.,0.));
#11305 = ADVANCED_FACE('',(#11306),#11331,.T.);
#11306 = FACE_BOUND('',#11307,.T.);
#11307 = EDGE_LOOP('',(#11308,#11309,#11317,#11325));
#11308 = ORIENTED_EDGE('',*,*,#11287,.T.);
#11309 = ORIENTED_EDGE('',*,*,#11310,.T.);
#11310 = EDGE_CURVE('',#11280,#11311,#11313,.T.);
#11311 = VERTEX_POINT('',#11312);
#11312 = CARTESIAN_POINT('',(121.6,-83.7875,1.59));
#11313 = LINE('',#11314,#11315);
#11314 = CARTESIAN_POINT('',(120.6,-84.7875,1.59));
#11315 = VECTOR('',#11316,1.);
#11316 = DIRECTION('',(0.707106781187,0.707106781187,0.));
#11317 = ORIENTED_EDGE('',*,*,#11318,.F.);
#11318 = EDGE_CURVE('',#11319,#11311,#11321,.T.);
#11319 = VERTEX_POINT('',#11320);
#11320 = CARTESIAN_POINT('',(121.6,-83.7875,0.));
#11321 = LINE('',#11322,#11323);
#11322 = CARTESIAN_POINT('',(121.6,-83.7875,0.));
#11323 = VECTOR('',#11324,1.);
#11324 = DIRECTION('',(0.,0.,1.));
#11325 = ORIENTED_EDGE('',*,*,#11326,.F.);
#11326 = EDGE_CURVE('',#11288,#11319,#11327,.T.);
#11327 = LINE('',#11328,#11329);
#11328 = CARTESIAN_POINT('',(120.6,-84.7875,0.));
#11329 = VECTOR('',#11330,1.);
#11330 = DIRECTION('',(0.707106781187,0.707106781187,0.));
#11331 = PLANE('',#11332);
#11332 = AXIS2_PLACEMENT_3D('',#11333,#11334,#11335);
#11333 = CARTESIAN_POINT('',(120.6,-84.7875,0.));
#11334 = DIRECTION('',(-0.707106781187,0.707106781187,0.));
#11335 = DIRECTION('',(0.707106781187,0.707106781187,0.));
#11336 = ADVANCED_FACE('',(#11337),#11362,.T.);
#11337 = FACE_BOUND('',#11338,.T.);
#11338 = EDGE_LOOP('',(#11339,#11340,#11348,#11356));
#11339 = ORIENTED_EDGE('',*,*,#11318,.T.);
#11340 = ORIENTED_EDGE('',*,*,#11341,.T.);
#11341 = EDGE_CURVE('',#11311,#11342,#11344,.T.);
#11342 = VERTEX_POINT('',#11343);
#11343 = CARTESIAN_POINT('',(121.6,-71.7875,1.59));
#11344 = LINE('',#11345,#11346);
#11345 = CARTESIAN_POINT('',(121.6,-83.7875,1.59));
#11346 = VECTOR('',#11347,1.);
#11347 = DIRECTION('',(0.,1.,0.));
#11348 = ORIENTED_EDGE('',*,*,#11349,.F.);
#11349 = EDGE_CURVE('',#11350,#11342,#11352,.T.);
#11350 = VERTEX_POINT('',#11351);
#11351 = CARTESIAN_POINT('',(121.6,-71.7875,0.));
#11352 = LINE('',#11353,#11354);
#11353 = CARTESIAN_POINT('',(121.6,-71.7875,0.));
#11354 = VECTOR('',#11355,1.);
#11355 = DIRECTION('',(0.,0.,1.));
#11356 = ORIENTED_EDGE('',*,*,#11357,.F.);
#11357 = EDGE_CURVE('',#11319,#11350,#11358,.T.);
#11358 = LINE('',#11359,#11360);
#11359 = CARTESIAN_POINT('',(121.6,-83.7875,0.));
#11360 = VECTOR('',#11361,1.);
#11361 = DIRECTION('',(0.,1.,0.));
#11362 = PLANE('',#11363);
#11363 = AXIS2_PLACEMENT_3D('',#11364,#11365,#11366);
#11364 = CARTESIAN_POINT('',(121.6,-83.7875,0.));
#11365 = DIRECTION('',(-1.,0.,0.));
#11366 = DIRECTION('',(0.,1.,0.));
#11367 = ADVANCED_FACE('',(#11368),#11393,.T.);
#11368 = FACE_BOUND('',#11369,.T.);
#11369 = EDGE_LOOP('',(#11370,#11371,#11379,#11387));
#11370 = ORIENTED_EDGE('',*,*,#11349,.T.);
#11371 = ORIENTED_EDGE('',*,*,#11372,.T.);
#11372 = EDGE_CURVE('',#11342,#11373,#11375,.T.);
#11373 = VERTEX_POINT('',#11374);
#11374 = CARTESIAN_POINT('',(120.6,-70.7875,1.59));
#11375 = LINE('',#11376,#11377);
#11376 = CARTESIAN_POINT('',(121.6,-71.7875,1.59));
#11377 = VECTOR('',#11378,1.);
#11378 = DIRECTION('',(-0.707106781187,0.707106781187,0.));
#11379 = ORIENTED_EDGE('',*,*,#11380,.F.);
#11380 = EDGE_CURVE('',#11381,#11373,#11383,.T.);
#11381 = VERTEX_POINT('',#11382);
#11382 = CARTESIAN_POINT('',(120.6,-70.7875,0.));
#11383 = LINE('',#11384,#11385);
#11384 = CARTESIAN_POINT('',(120.6,-70.7875,0.));
#11385 = VECTOR('',#11386,1.);
#11386 = DIRECTION('',(0.,0.,1.));
#11387 = ORIENTED_EDGE('',*,*,#11388,.F.);
#11388 = EDGE_CURVE('',#11350,#11381,#11389,.T.);
#11389 = LINE('',#11390,#11391);
#11390 = CARTESIAN_POINT('',(121.6,-71.7875,0.));
#11391 = VECTOR('',#11392,1.);
#11392 = DIRECTION('',(-0.707106781187,0.707106781187,0.));
#11393 = PLANE('',#11394);
#11394 = AXIS2_PLACEMENT_3D('',#11395,#11396,#11397);
#11395 = CARTESIAN_POINT('',(121.6,-71.7875,0.));
#11396 = DIRECTION('',(-0.707106781187,-0.707106781187,0.));
#11397 = DIRECTION('',(-0.707106781187,0.707106781187,0.));
#11398 = ADVANCED_FACE('',(#11399),#11424,.T.);
#11399 = FACE_BOUND('',#11400,.T.);
#11400 = EDGE_LOOP('',(#11401,#11402,#11410,#11418));
#11401 = ORIENTED_EDGE('',*,*,#11380,.T.);
#11402 = ORIENTED_EDGE('',*,*,#11403,.T.);
#11403 = EDGE_CURVE('',#11373,#11404,#11406,.T.);
#11404 = VERTEX_POINT('',#11405);
#11405 = CARTESIAN_POINT('',(108.,-70.7875,1.59));
#11406 = LINE('',#11407,#11408);
#11407 = CARTESIAN_POINT('',(120.6,-70.7875,1.59));
#11408 = VECTOR('',#11409,1.);
#11409 = DIRECTION('',(-1.,0.,0.));
#11410 = ORIENTED_EDGE('',*,*,#11411,.F.);
#11411 = EDGE_CURVE('',#11412,#11404,#11414,.T.);
#11412 = VERTEX_POINT('',#11413);
#11413 = CARTESIAN_POINT('',(108.,-70.7875,0.));
#11414 = LINE('',#11415,#11416);
#11415 = CARTESIAN_POINT('',(108.,-70.7875,0.));
#11416 = VECTOR('',#11417,1.);
#11417 = DIRECTION('',(0.,0.,1.));
#11418 = ORIENTED_EDGE('',*,*,#11419,.F.);
#11419 = EDGE_CURVE('',#11381,#11412,#11420,.T.);
#11420 = LINE('',#11421,#11422);
#11421 = CARTESIAN_POINT('',(120.6,-70.7875,0.));
#11422 = VECTOR('',#11423,1.);
#11423 = DIRECTION('',(-1.,0.,0.));
#11424 = PLANE('',#11425);
#11425 = AXIS2_PLACEMENT_3D('',#11426,#11427,#11428);
#11426 = CARTESIAN_POINT('',(120.6,-70.7875,0.));
#11427 = DIRECTION('',(0.,-1.,0.));
#11428 = DIRECTION('',(-1.,0.,0.));
#11429 = ADVANCED_FACE('',(#11430),#11446,.T.);
#11430 = FACE_BOUND('',#11431,.T.);
#11431 = EDGE_LOOP('',(#11432,#11433,#11439,#11440));
#11432 = ORIENTED_EDGE('',*,*,#11411,.T.);
#11433 = ORIENTED_EDGE('',*,*,#11434,.T.);
#11434 = EDGE_CURVE('',#11404,#11210,#11435,.T.);
#11435 = LINE('',#11436,#11437);
#11436 = CARTESIAN_POINT('',(108.,-70.7875,1.59));
#11437 = VECTOR('',#11438,1.);
#11438 = DIRECTION('',(-0.707106781187,-0.707106781187,0.));
#11439 = ORIENTED_EDGE('',*,*,#11207,.F.);
#11440 = ORIENTED_EDGE('',*,*,#11441,.F.);
#11441 = EDGE_CURVE('',#11412,#11208,#11442,.T.);
#11442 = LINE('',#11443,#11444);
#11443 = CARTESIAN_POINT('',(108.,-70.7875,0.));
#11444 = VECTOR('',#11445,1.);
#11445 = DIRECTION('',(-0.707106781187,-0.707106781187,0.));
#11446 = PLANE('',#11447);
#11447 = AXIS2_PLACEMENT_3D('',#11448,#11449,#11450);
#11448 = CARTESIAN_POINT('',(108.,-70.7875,0.));
#11449 = DIRECTION('',(0.707106781187,-0.707106781187,0.));
#11450 = DIRECTION('',(-0.707106781187,-0.707106781187,0.));
#11451 = ADVANCED_FACE('',(#11452),#11486,.T.);
#11452 = FACE_BOUND('',#11453,.T.);
#11453 = EDGE_LOOP('',(#11454,#11464,#11472,#11480));
#11454 = ORIENTED_EDGE('',*,*,#11455,.T.);
#11455 = EDGE_CURVE('',#11456,#11458,#11460,.T.);
#11456 = VERTEX_POINT('',#11457);
#11457 = CARTESIAN_POINT('',(126.05,-71.7875,0.));
#11458 = VERTEX_POINT('',#11459);
#11459 = CARTESIAN_POINT('',(126.05,-71.7875,1.59));
#11460 = LINE('',#11461,#11462);
#11461 = CARTESIAN_POINT('',(126.05,-71.7875,0.));
#11462 = VECTOR('',#11463,1.);
#11463 = DIRECTION('',(0.,0.,1.));
#11464 = ORIENTED_EDGE('',*,*,#11465,.T.);
#11465 = EDGE_CURVE('',#11458,#11466,#11468,.T.);
#11466 = VERTEX_POINT('',#11467);
#11467 = CARTESIAN_POINT('',(126.05,-83.7875,1.59));
#11468 = LINE('',#11469,#11470);
#11469 = CARTESIAN_POINT('',(126.05,-71.7875,1.59));
#11470 = VECTOR('',#11471,1.);
#11471 = DIRECTION('',(0.,-1.,0.));
#11472 = ORIENTED_EDGE('',*,*,#11473,.F.);
#11473 = EDGE_CURVE('',#11474,#11466,#11476,.T.);
#11474 = VERTEX_POINT('',#11475);
#11475 = CARTESIAN_POINT('',(126.05,-83.7875,0.));
#11476 = LINE('',#11477,#11478);
#11477 = CARTESIAN_POINT('',(126.05,-83.7875,0.));
#11478 = VECTOR('',#11479,1.);
#11479 = DIRECTION('',(0.,0.,1.));
#11480 = ORIENTED_EDGE('',*,*,#11481,.F.);
#11481 = EDGE_CURVE('',#11456,#11474,#11482,.T.);
#11482 = LINE('',#11483,#11484);
#11483 = CARTESIAN_POINT('',(126.05,-71.7875,0.));
#11484 = VECTOR('',#11485,1.);
#11485 = DIRECTION('',(0.,-1.,0.));
#11486 = PLANE('',#11487);
#11487 = AXIS2_PLACEMENT_3D('',#11488,#11489,#11490);
#11488 = CARTESIAN_POINT('',(126.05,-71.7875,0.));
#11489 = DIRECTION('',(1.,0.,-0.));
#11490 = DIRECTION('',(0.,-1.,0.));
#11491 = ADVANCED_FACE('',(#11492),#11517,.T.);
#11492 = FACE_BOUND('',#11493,.T.);
#11493 = EDGE_LOOP('',(#11494,#11495,#11503,#11511));
#11494 = ORIENTED_EDGE('',*,*,#11473,.T.);
#11495 = ORIENTED_EDGE('',*,*,#11496,.T.);
#11496 = EDGE_CURVE('',#11466,#11497,#11499,.T.);
#11497 = VERTEX_POINT('',#11498);
#11498 = CARTESIAN_POINT('',(127.05,-84.7875,1.59));
#11499 = LINE('',#11500,#11501);
#11500 = CARTESIAN_POINT('',(126.05,-83.7875,1.59));
#11501 = VECTOR('',#11502,1.);
#11502 = DIRECTION('',(0.707106781187,-0.707106781187,0.));
#11503 = ORIENTED_EDGE('',*,*,#11504,.F.);
#11504 = EDGE_CURVE('',#11505,#11497,#11507,.T.);
#11505 = VERTEX_POINT('',#11506);
#11506 = CARTESIAN_POINT('',(127.05,-84.7875,0.));
#11507 = LINE('',#11508,#11509);
#11508 = CARTESIAN_POINT('',(127.05,-84.7875,0.));
#11509 = VECTOR('',#11510,1.);
#11510 = DIRECTION('',(0.,0.,1.));
#11511 = ORIENTED_EDGE('',*,*,#11512,.F.);
#11512 = EDGE_CURVE('',#11474,#11505,#11513,.T.);
#11513 = LINE('',#11514,#11515);
#11514 = CARTESIAN_POINT('',(126.05,-83.7875,0.));
#11515 = VECTOR('',#11516,1.);
#11516 = DIRECTION('',(0.707106781187,-0.707106781187,0.));
#11517 = PLANE('',#11518);
#11518 = AXIS2_PLACEMENT_3D('',#11519,#11520,#11521);
#11519 = CARTESIAN_POINT('',(126.05,-83.7875,0.));
#11520 = DIRECTION('',(0.707106781187,0.707106781187,-0.));
#11521 = DIRECTION('',(0.707106781187,-0.707106781187,0.));
#11522 = ADVANCED_FACE('',(#11523),#11548,.T.);
#11523 = FACE_BOUND('',#11524,.T.);
#11524 = EDGE_LOOP('',(#11525,#11526,#11534,#11542));
#11525 = ORIENTED_EDGE('',*,*,#11504,.T.);
#11526 = ORIENTED_EDGE('',*,*,#11527,.T.);
#11527 = EDGE_CURVE('',#11497,#11528,#11530,.T.);
#11528 = VERTEX_POINT('',#11529);
#11529 = CARTESIAN_POINT('',(139.65,-84.7875,1.59));
#11530 = LINE('',#11531,#11532);
#11531 = CARTESIAN_POINT('',(127.05,-84.7875,1.59));
#11532 = VECTOR('',#11533,1.);
#11533 = DIRECTION('',(1.,0.,0.));
#11534 = ORIENTED_EDGE('',*,*,#11535,.F.);
#11535 = EDGE_CURVE('',#11536,#11528,#11538,.T.);
#11536 = VERTEX_POINT('',#11537);
#11537 = CARTESIAN_POINT('',(139.65,-84.7875,0.));
#11538 = LINE('',#11539,#11540);
#11539 = CARTESIAN_POINT('',(139.65,-84.7875,0.));
#11540 = VECTOR('',#11541,1.);
#11541 = DIRECTION('',(0.,0.,1.));
#11542 = ORIENTED_EDGE('',*,*,#11543,.F.);
#11543 = EDGE_CURVE('',#11505,#11536,#11544,.T.);
#11544 = LINE('',#11545,#11546);
#11545 = CARTESIAN_POINT('',(127.05,-84.7875,0.));
#11546 = VECTOR('',#11547,1.);
#11547 = DIRECTION('',(1.,0.,0.));
#11548 = PLANE('',#11549);
#11549 = AXIS2_PLACEMENT_3D('',#11550,#11551,#11552);
#11550 = CARTESIAN_POINT('',(127.05,-84.7875,0.));
#11551 = DIRECTION('',(0.,1.,0.));
#11552 = DIRECTION('',(1.,0.,0.));
#11553 = ADVANCED_FACE('',(#11554),#11579,.T.);
#11554 = FACE_BOUND('',#11555,.T.);
#11555 = EDGE_LOOP('',(#11556,#11557,#11565,#11573));
#11556 = ORIENTED_EDGE('',*,*,#11535,.T.);
#11557 = ORIENTED_EDGE('',*,*,#11558,.T.);
#11558 = EDGE_CURVE('',#11528,#11559,#11561,.T.);
#11559 = VERTEX_POINT('',#11560);
#11560 = CARTESIAN_POINT('',(140.65,-83.7875,1.59));
#11561 = LINE('',#11562,#11563);
#11562 = CARTESIAN_POINT('',(139.65,-84.7875,1.59));
#11563 = VECTOR('',#11564,1.);
#11564 = DIRECTION('',(0.707106781187,0.707106781187,0.));
#11565 = ORIENTED_EDGE('',*,*,#11566,.F.);
#11566 = EDGE_CURVE('',#11567,#11559,#11569,.T.);
#11567 = VERTEX_POINT('',#11568);
#11568 = CARTESIAN_POINT('',(140.65,-83.7875,0.));
#11569 = LINE('',#11570,#11571);
#11570 = CARTESIAN_POINT('',(140.65,-83.7875,0.));
#11571 = VECTOR('',#11572,1.);
#11572 = DIRECTION('',(0.,0.,1.));
#11573 = ORIENTED_EDGE('',*,*,#11574,.F.);
#11574 = EDGE_CURVE('',#11536,#11567,#11575,.T.);
#11575 = LINE('',#11576,#11577);
#11576 = CARTESIAN_POINT('',(139.65,-84.7875,0.));
#11577 = VECTOR('',#11578,1.);
#11578 = DIRECTION('',(0.707106781187,0.707106781187,0.));
#11579 = PLANE('',#11580);
#11580 = AXIS2_PLACEMENT_3D('',#11581,#11582,#11583);
#11581 = CARTESIAN_POINT('',(139.65,-84.7875,0.));
#11582 = DIRECTION('',(-0.707106781187,0.707106781187,0.));
#11583 = DIRECTION('',(0.707106781187,0.707106781187,0.));
#11584 = ADVANCED_FACE('',(#11585),#11610,.T.);
#11585 = FACE_BOUND('',#11586,.T.);
#11586 = EDGE_LOOP('',(#11587,#11588,#11596,#11604));
#11587 = ORIENTED_EDGE('',*,*,#11566,.T.);
#11588 = ORIENTED_EDGE('',*,*,#11589,.T.);
#11589 = EDGE_CURVE('',#11559,#11590,#11592,.T.);
#11590 = VERTEX_POINT('',#11591);
#11591 = CARTESIAN_POINT('',(140.65,-71.7875,1.59));
#11592 = LINE('',#11593,#11594);
#11593 = CARTESIAN_POINT('',(140.65,-83.7875,1.59));
#11594 = VECTOR('',#11595,1.);
#11595 = DIRECTION('',(0.,1.,0.));
#11596 = ORIENTED_EDGE('',*,*,#11597,.F.);
#11597 = EDGE_CURVE('',#11598,#11590,#11600,.T.);
#11598 = VERTEX_POINT('',#11599);
#11599 = CARTESIAN_POINT('',(140.65,-71.7875,0.));
#11600 = LINE('',#11601,#11602);
#11601 = CARTESIAN_POINT('',(140.65,-71.7875,0.));
#11602 = VECTOR('',#11603,1.);
#11603 = DIRECTION('',(0.,0.,1.));
#11604 = ORIENTED_EDGE('',*,*,#11605,.F.);
#11605 = EDGE_CURVE('',#11567,#11598,#11606,.T.);
#11606 = LINE('',#11607,#11608);
#11607 = CARTESIAN_POINT('',(140.65,-83.7875,0.));
#11608 = VECTOR('',#11609,1.);
#11609 = DIRECTION('',(0.,1.,0.));
#11610 = PLANE('',#11611);
#11611 = AXIS2_PLACEMENT_3D('',#11612,#11613,#11614);
#11612 = CARTESIAN_POINT('',(140.65,-83.7875,0.));
#11613 = DIRECTION('',(-1.,0.,0.));
#11614 = DIRECTION('',(0.,1.,0.));
#11615 = ADVANCED_FACE('',(#11616),#11641,.T.);
#11616 = FACE_BOUND('',#11617,.T.);
#11617 = EDGE_LOOP('',(#11618,#11619,#11627,#11635));
#11618 = ORIENTED_EDGE('',*,*,#11597,.T.);
#11619 = ORIENTED_EDGE('',*,*,#11620,.T.);
#11620 = EDGE_CURVE('',#11590,#11621,#11623,.T.);
#11621 = VERTEX_POINT('',#11622);
#11622 = CARTESIAN_POINT('',(139.65,-70.7875,1.59));
#11623 = LINE('',#11624,#11625);
#11624 = CARTESIAN_POINT('',(140.65,-71.7875,1.59));
#11625 = VECTOR('',#11626,1.);
#11626 = DIRECTION('',(-0.707106781187,0.707106781187,0.));
#11627 = ORIENTED_EDGE('',*,*,#11628,.F.);
#11628 = EDGE_CURVE('',#11629,#11621,#11631,.T.);
#11629 = VERTEX_POINT('',#11630);
#11630 = CARTESIAN_POINT('',(139.65,-70.7875,0.));
#11631 = LINE('',#11632,#11633);
#11632 = CARTESIAN_POINT('',(139.65,-70.7875,0.));
#11633 = VECTOR('',#11634,1.);
#11634 = DIRECTION('',(0.,0.,1.));
#11635 = ORIENTED_EDGE('',*,*,#11636,.F.);
#11636 = EDGE_CURVE('',#11598,#11629,#11637,.T.);
#11637 = LINE('',#11638,#11639);
#11638 = CARTESIAN_POINT('',(140.65,-71.7875,0.));
#11639 = VECTOR('',#11640,1.);
#11640 = DIRECTION('',(-0.707106781187,0.707106781187,0.));
#11641 = PLANE('',#11642);
#11642 = AXIS2_PLACEMENT_3D('',#11643,#11644,#11645);
#11643 = CARTESIAN_POINT('',(140.65,-71.7875,0.));
#11644 = DIRECTION('',(-0.707106781187,-0.707106781187,0.));
#11645 = DIRECTION('',(-0.707106781187,0.707106781187,0.));
#11646 = ADVANCED_FACE('',(#11647),#11672,.T.);
#11647 = FACE_BOUND('',#11648,.T.);
#11648 = EDGE_LOOP('',(#11649,#11650,#11658,#11666));
#11649 = ORIENTED_EDGE('',*,*,#11628,.T.);
#11650 = ORIENTED_EDGE('',*,*,#11651,.T.);
#11651 = EDGE_CURVE('',#11621,#11652,#11654,.T.);
#11652 = VERTEX_POINT('',#11653);
#11653 = CARTESIAN_POINT('',(127.05,-70.7875,1.59));
#11654 = LINE('',#11655,#11656);
#11655 = CARTESIAN_POINT('',(139.65,-70.7875,1.59));
#11656 = VECTOR('',#11657,1.);
#11657 = DIRECTION('',(-1.,0.,0.));
#11658 = ORIENTED_EDGE('',*,*,#11659,.F.);
#11659 = EDGE_CURVE('',#11660,#11652,#11662,.T.);
#11660 = VERTEX_POINT('',#11661);
#11661 = CARTESIAN_POINT('',(127.05,-70.7875,0.));
#11662 = LINE('',#11663,#11664);
#11663 = CARTESIAN_POINT('',(127.05,-70.7875,0.));
#11664 = VECTOR('',#11665,1.);
#11665 = DIRECTION('',(0.,0.,1.));
#11666 = ORIENTED_EDGE('',*,*,#11667,.F.);
#11667 = EDGE_CURVE('',#11629,#11660,#11668,.T.);
#11668 = LINE('',#11669,#11670);
#11669 = CARTESIAN_POINT('',(139.65,-70.7875,0.));
#11670 = VECTOR('',#11671,1.);
#11671 = DIRECTION('',(-1.,0.,0.));
#11672 = PLANE('',#11673);
#11673 = AXIS2_PLACEMENT_3D('',#11674,#11675,#11676);
#11674 = CARTESIAN_POINT('',(139.65,-70.7875,0.));
#11675 = DIRECTION('',(0.,-1.,0.));
#11676 = DIRECTION('',(-1.,0.,0.));
#11677 = ADVANCED_FACE('',(#11678),#11694,.T.);
#11678 = FACE_BOUND('',#11679,.T.);
#11679 = EDGE_LOOP('',(#11680,#11681,#11687,#11688));
#11680 = ORIENTED_EDGE('',*,*,#11659,.T.);
#11681 = ORIENTED_EDGE('',*,*,#11682,.T.);
#11682 = EDGE_CURVE('',#11652,#11458,#11683,.T.);
#11683 = LINE('',#11684,#11685);
#11684 = CARTESIAN_POINT('',(127.05,-70.7875,1.59));
#11685 = VECTOR('',#11686,1.);
#11686 = DIRECTION('',(-0.707106781187,-0.707106781187,0.));
#11687 = ORIENTED_EDGE('',*,*,#11455,.F.);
#11688 = ORIENTED_EDGE('',*,*,#11689,.F.);
#11689 = EDGE_CURVE('',#11660,#11456,#11690,.T.);
#11690 = LINE('',#11691,#11692);
#11691 = CARTESIAN_POINT('',(127.05,-70.7875,0.));
#11692 = VECTOR('',#11693,1.);
#11693 = DIRECTION('',(-0.707106781187,-0.707106781187,0.));
#11694 = PLANE('',#11695);
#11695 = AXIS2_PLACEMENT_3D('',#11696,#11697,#11698);
#11696 = CARTESIAN_POINT('',(127.05,-70.7875,0.));
#11697 = DIRECTION('',(0.707106781187,-0.707106781187,0.));
#11698 = DIRECTION('',(-0.707106781187,-0.707106781187,0.));
#11699 = ADVANCED_FACE('',(#11700),#11734,.T.);
#11700 = FACE_BOUND('',#11701,.T.);
#11701 = EDGE_LOOP('',(#11702,#11712,#11720,#11728));
#11702 = ORIENTED_EDGE('',*,*,#11703,.T.);
#11703 = EDGE_CURVE('',#11704,#11706,#11708,.T.);
#11704 = VERTEX_POINT('',#11705);
#11705 = CARTESIAN_POINT('',(145.1,-71.7875,0.));
#11706 = VERTEX_POINT('',#11707);
#11707 = CARTESIAN_POINT('',(145.1,-71.7875,1.59));
#11708 = LINE('',#11709,#11710);
#11709 = CARTESIAN_POINT('',(145.1,-71.7875,0.));
#11710 = VECTOR('',#11711,1.);
#11711 = DIRECTION('',(0.,0.,1.));
#11712 = ORIENTED_EDGE('',*,*,#11713,.T.);
#11713 = EDGE_CURVE('',#11706,#11714,#11716,.T.);
#11714 = VERTEX_POINT('',#11715);
#11715 = CARTESIAN_POINT('',(145.1,-83.7875,1.59));
#11716 = LINE('',#11717,#11718);
#11717 = CARTESIAN_POINT('',(145.1,-71.7875,1.59));
#11718 = VECTOR('',#11719,1.);
#11719 = DIRECTION('',(0.,-1.,0.));
#11720 = ORIENTED_EDGE('',*,*,#11721,.F.);
#11721 = EDGE_CURVE('',#11722,#11714,#11724,.T.);
#11722 = VERTEX_POINT('',#11723);
#11723 = CARTESIAN_POINT('',(145.1,-83.7875,0.));
#11724 = LINE('',#11725,#11726);
#11725 = CARTESIAN_POINT('',(145.1,-83.7875,0.));
#11726 = VECTOR('',#11727,1.);
#11727 = DIRECTION('',(0.,0.,1.));
#11728 = ORIENTED_EDGE('',*,*,#11729,.F.);
#11729 = EDGE_CURVE('',#11704,#11722,#11730,.T.);
#11730 = LINE('',#11731,#11732);
#11731 = CARTESIAN_POINT('',(145.1,-71.7875,0.));
#11732 = VECTOR('',#11733,1.);
#11733 = DIRECTION('',(0.,-1.,0.));
#11734 = PLANE('',#11735);
#11735 = AXIS2_PLACEMENT_3D('',#11736,#11737,#11738);
#11736 = CARTESIAN_POINT('',(145.1,-71.7875,0.));
#11737 = DIRECTION('',(1.,0.,-0.));
#11738 = DIRECTION('',(0.,-1.,0.));
#11739 = ADVANCED_FACE('',(#11740),#11765,.T.);
#11740 = FACE_BOUND('',#11741,.T.);
#11741 = EDGE_LOOP('',(#11742,#11743,#11751,#11759));
#11742 = ORIENTED_EDGE('',*,*,#11721,.T.);
#11743 = ORIENTED_EDGE('',*,*,#11744,.T.);
#11744 = EDGE_CURVE('',#11714,#11745,#11747,.T.);
#11745 = VERTEX_POINT('',#11746);
#11746 = CARTESIAN_POINT('',(146.1,-84.7875,1.59));
#11747 = LINE('',#11748,#11749);
#11748 = CARTESIAN_POINT('',(145.1,-83.7875,1.59));
#11749 = VECTOR('',#11750,1.);
#11750 = DIRECTION('',(0.707106781187,-0.707106781187,0.));
#11751 = ORIENTED_EDGE('',*,*,#11752,.F.);
#11752 = EDGE_CURVE('',#11753,#11745,#11755,.T.);
#11753 = VERTEX_POINT('',#11754);
#11754 = CARTESIAN_POINT('',(146.1,-84.7875,0.));
#11755 = LINE('',#11756,#11757);
#11756 = CARTESIAN_POINT('',(146.1,-84.7875,0.));
#11757 = VECTOR('',#11758,1.);
#11758 = DIRECTION('',(0.,0.,1.));
#11759 = ORIENTED_EDGE('',*,*,#11760,.F.);
#11760 = EDGE_CURVE('',#11722,#11753,#11761,.T.);
#11761 = LINE('',#11762,#11763);
#11762 = CARTESIAN_POINT('',(145.1,-83.7875,0.));
#11763 = VECTOR('',#11764,1.);
#11764 = DIRECTION('',(0.707106781187,-0.707106781187,0.));
#11765 = PLANE('',#11766);
#11766 = AXIS2_PLACEMENT_3D('',#11767,#11768,#11769);
#11767 = CARTESIAN_POINT('',(145.1,-83.7875,0.));
#11768 = DIRECTION('',(0.707106781187,0.707106781187,-0.));
#11769 = DIRECTION('',(0.707106781187,-0.707106781187,0.));
#11770 = ADVANCED_FACE('',(#11771),#11796,.T.);
#11771 = FACE_BOUND('',#11772,.T.);
#11772 = EDGE_LOOP('',(#11773,#11774,#11782,#11790));
#11773 = ORIENTED_EDGE('',*,*,#11752,.T.);
#11774 = ORIENTED_EDGE('',*,*,#11775,.T.);
#11775 = EDGE_CURVE('',#11745,#11776,#11778,.T.);
#11776 = VERTEX_POINT('',#11777);
#11777 = CARTESIAN_POINT('',(158.7,-84.7875,1.59));
#11778 = LINE('',#11779,#11780);
#11779 = CARTESIAN_POINT('',(146.1,-84.7875,1.59));
#11780 = VECTOR('',#11781,1.);
#11781 = DIRECTION('',(1.,0.,0.));
#11782 = ORIENTED_EDGE('',*,*,#11783,.F.);
#11783 = EDGE_CURVE('',#11784,#11776,#11786,.T.);
#11784 = VERTEX_POINT('',#11785);
#11785 = CARTESIAN_POINT('',(158.7,-84.7875,0.));
#11786 = LINE('',#11787,#11788);
#11787 = CARTESIAN_POINT('',(158.7,-84.7875,0.));
#11788 = VECTOR('',#11789,1.);
#11789 = DIRECTION('',(0.,0.,1.));
#11790 = ORIENTED_EDGE('',*,*,#11791,.F.);
#11791 = EDGE_CURVE('',#11753,#11784,#11792,.T.);
#11792 = LINE('',#11793,#11794);
#11793 = CARTESIAN_POINT('',(146.1,-84.7875,0.));
#11794 = VECTOR('',#11795,1.);
#11795 = DIRECTION('',(1.,0.,0.));
#11796 = PLANE('',#11797);
#11797 = AXIS2_PLACEMENT_3D('',#11798,#11799,#11800);
#11798 = CARTESIAN_POINT('',(146.1,-84.7875,0.));
#11799 = DIRECTION('',(0.,1.,0.));
#11800 = DIRECTION('',(1.,0.,0.));
#11801 = ADVANCED_FACE('',(#11802),#11827,.T.);
#11802 = FACE_BOUND('',#11803,.T.);
#11803 = EDGE_LOOP('',(#11804,#11805,#11813,#11821));
#11804 = ORIENTED_EDGE('',*,*,#11783,.T.);
#11805 = ORIENTED_EDGE('',*,*,#11806,.T.);
#11806 = EDGE_CURVE('',#11776,#11807,#11809,.T.);
#11807 = VERTEX_POINT('',#11808);
#11808 = CARTESIAN_POINT('',(159.7,-83.7875,1.59));
#11809 = LINE('',#11810,#11811);
#11810 = CARTESIAN_POINT('',(158.7,-84.7875,1.59));
#11811 = VECTOR('',#11812,1.);
#11812 = DIRECTION('',(0.707106781187,0.707106781187,0.));
#11813 = ORIENTED_EDGE('',*,*,#11814,.F.);
#11814 = EDGE_CURVE('',#11815,#11807,#11817,.T.);
#11815 = VERTEX_POINT('',#11816);
#11816 = CARTESIAN_POINT('',(159.7,-83.7875,0.));
#11817 = LINE('',#11818,#11819);
#11818 = CARTESIAN_POINT('',(159.7,-83.7875,0.));
#11819 = VECTOR('',#11820,1.);
#11820 = DIRECTION('',(0.,0.,1.));
#11821 = ORIENTED_EDGE('',*,*,#11822,.F.);
#11822 = EDGE_CURVE('',#11784,#11815,#11823,.T.);
#11823 = LINE('',#11824,#11825);
#11824 = CARTESIAN_POINT('',(158.7,-84.7875,0.));
#11825 = VECTOR('',#11826,1.);
#11826 = DIRECTION('',(0.707106781187,0.707106781187,0.));
#11827 = PLANE('',#11828);
#11828 = AXIS2_PLACEMENT_3D('',#11829,#11830,#11831);
#11829 = CARTESIAN_POINT('',(158.7,-84.7875,0.));
#11830 = DIRECTION('',(-0.707106781187,0.707106781187,0.));
#11831 = DIRECTION('',(0.707106781187,0.707106781187,0.));
#11832 = ADVANCED_FACE('',(#11833),#11858,.T.);
#11833 = FACE_BOUND('',#11834,.T.);
#11834 = EDGE_LOOP('',(#11835,#11836,#11844,#11852));
#11835 = ORIENTED_EDGE('',*,*,#11814,.T.);
#11836 = ORIENTED_EDGE('',*,*,#11837,.T.);
#11837 = EDGE_CURVE('',#11807,#11838,#11840,.T.);
#11838 = VERTEX_POINT('',#11839);
#11839 = CARTESIAN_POINT('',(159.7,-71.7875,1.59));
#11840 = LINE('',#11841,#11842);
#11841 = CARTESIAN_POINT('',(159.7,-83.7875,1.59));
#11842 = VECTOR('',#11843,1.);
#11843 = DIRECTION('',(0.,1.,0.));
#11844 = ORIENTED_EDGE('',*,*,#11845,.F.);
#11845 = EDGE_CURVE('',#11846,#11838,#11848,.T.);
#11846 = VERTEX_POINT('',#11847);
#11847 = CARTESIAN_POINT('',(159.7,-71.7875,0.));
#11848 = LINE('',#11849,#11850);
#11849 = CARTESIAN_POINT('',(159.7,-71.7875,0.));
#11850 = VECTOR('',#11851,1.);
#11851 = DIRECTION('',(0.,0.,1.));
#11852 = ORIENTED_EDGE('',*,*,#11853,.F.);
#11853 = EDGE_CURVE('',#11815,#11846,#11854,.T.);
#11854 = LINE('',#11855,#11856);
#11855 = CARTESIAN_POINT('',(159.7,-83.7875,0.));
#11856 = VECTOR('',#11857,1.);
#11857 = DIRECTION('',(0.,1.,0.));
#11858 = PLANE('',#11859);
#11859 = AXIS2_PLACEMENT_3D('',#11860,#11861,#11862);
#11860 = CARTESIAN_POINT('',(159.7,-83.7875,0.));
#11861 = DIRECTION('',(-1.,0.,0.));
#11862 = DIRECTION('',(0.,1.,0.));
#11863 = ADVANCED_FACE('',(#11864),#11889,.T.);
#11864 = FACE_BOUND('',#11865,.T.);
#11865 = EDGE_LOOP('',(#11866,#11867,#11875,#11883));
#11866 = ORIENTED_EDGE('',*,*,#11845,.T.);
#11867 = ORIENTED_EDGE('',*,*,#11868,.T.);
#11868 = EDGE_CURVE('',#11838,#11869,#11871,.T.);
#11869 = VERTEX_POINT('',#11870);
#11870 = CARTESIAN_POINT('',(158.7,-70.7875,1.59));
#11871 = LINE('',#11872,#11873);
#11872 = CARTESIAN_POINT('',(159.7,-71.7875,1.59));
#11873 = VECTOR('',#11874,1.);
#11874 = DIRECTION('',(-0.707106781187,0.707106781187,0.));
#11875 = ORIENTED_EDGE('',*,*,#11876,.F.);
#11876 = EDGE_CURVE('',#11877,#11869,#11879,.T.);
#11877 = VERTEX_POINT('',#11878);
#11878 = CARTESIAN_POINT('',(158.7,-70.7875,0.));
#11879 = LINE('',#11880,#11881);
#11880 = CARTESIAN_POINT('',(158.7,-70.7875,0.));
#11881 = VECTOR('',#11882,1.);
#11882 = DIRECTION('',(0.,0.,1.));
#11883 = ORIENTED_EDGE('',*,*,#11884,.F.);
#11884 = EDGE_CURVE('',#11846,#11877,#11885,.T.);
#11885 = LINE('',#11886,#11887);
#11886 = CARTESIAN_POINT('',(159.7,-71.7875,0.));
#11887 = VECTOR('',#11888,1.);
#11888 = DIRECTION('',(-0.707106781187,0.707106781187,0.));
#11889 = PLANE('',#11890);
#11890 = AXIS2_PLACEMENT_3D('',#11891,#11892,#11893);
#11891 = CARTESIAN_POINT('',(159.7,-71.7875,0.));
#11892 = DIRECTION('',(-0.707106781187,-0.707106781187,0.));
#11893 = DIRECTION('',(-0.707106781187,0.707106781187,0.));
#11894 = ADVANCED_FACE('',(#11895),#11920,.T.);
#11895 = FACE_BOUND('',#11896,.T.);
#11896 = EDGE_LOOP('',(#11897,#11898,#11906,#11914));
#11897 = ORIENTED_EDGE('',*,*,#11876,.T.);
#11898 = ORIENTED_EDGE('',*,*,#11899,.T.);
#11899 = EDGE_CURVE('',#11869,#11900,#11902,.T.);
#11900 = VERTEX_POINT('',#11901);
#11901 = CARTESIAN_POINT('',(146.1,-70.7875,1.59));
#11902 = LINE('',#11903,#11904);
#11903 = CARTESIAN_POINT('',(158.7,-70.7875,1.59));
#11904 = VECTOR('',#11905,1.);
#11905 = DIRECTION('',(-1.,0.,0.));
#11906 = ORIENTED_EDGE('',*,*,#11907,.F.);
#11907 = EDGE_CURVE('',#11908,#11900,#11910,.T.);
#11908 = VERTEX_POINT('',#11909);
#11909 = CARTESIAN_POINT('',(146.1,-70.7875,0.));
#11910 = LINE('',#11911,#11912);
#11911 = CARTESIAN_POINT('',(146.1,-70.7875,0.));
#11912 = VECTOR('',#11913,1.);
#11913 = DIRECTION('',(0.,0.,1.));
#11914 = ORIENTED_EDGE('',*,*,#11915,.F.);
#11915 = EDGE_CURVE('',#11877,#11908,#11916,.T.);
#11916 = LINE('',#11917,#11918);
#11917 = CARTESIAN_POINT('',(158.7,-70.7875,0.));
#11918 = VECTOR('',#11919,1.);
#11919 = DIRECTION('',(-1.,0.,0.));
#11920 = PLANE('',#11921);
#11921 = AXIS2_PLACEMENT_3D('',#11922,#11923,#11924);
#11922 = CARTESIAN_POINT('',(158.7,-70.7875,0.));
#11923 = DIRECTION('',(0.,-1.,0.));
#11924 = DIRECTION('',(-1.,0.,0.));
#11925 = ADVANCED_FACE('',(#11926),#11942,.T.);
#11926 = FACE_BOUND('',#11927,.T.);
#11927 = EDGE_LOOP('',(#11928,#11929,#11935,#11936));
#11928 = ORIENTED_EDGE('',*,*,#11907,.T.);
#11929 = ORIENTED_EDGE('',*,*,#11930,.T.);
#11930 = EDGE_CURVE('',#11900,#11706,#11931,.T.);
#11931 = LINE('',#11932,#11933);
#11932 = CARTESIAN_POINT('',(146.1,-70.7875,1.59));
#11933 = VECTOR('',#11934,1.);
#11934 = DIRECTION('',(-0.707106781187,-0.707106781187,0.));
#11935 = ORIENTED_EDGE('',*,*,#11703,.F.);
#11936 = ORIENTED_EDGE('',*,*,#11937,.F.);
#11937 = EDGE_CURVE('',#11908,#11704,#11938,.T.);
#11938 = LINE('',#11939,#11940);
#11939 = CARTESIAN_POINT('',(146.1,-70.7875,0.));
#11940 = VECTOR('',#11941,1.);
#11941 = DIRECTION('',(-0.707106781187,-0.707106781187,0.));
#11942 = PLANE('',#11943);
#11943 = AXIS2_PLACEMENT_3D('',#11944,#11945,#11946);
#11944 = CARTESIAN_POINT('',(146.1,-70.7875,0.));
#11945 = DIRECTION('',(0.707106781187,-0.707106781187,0.));
#11946 = DIRECTION('',(-0.707106781187,-0.707106781187,0.));
#11947 = ADVANCED_FACE('',(#11948),#11982,.T.);
#11948 = FACE_BOUND('',#11949,.T.);
#11949 = EDGE_LOOP('',(#11950,#11960,#11968,#11976));
#11950 = ORIENTED_EDGE('',*,*,#11951,.T.);
#11951 = EDGE_CURVE('',#11952,#11954,#11956,.T.);
#11952 = VERTEX_POINT('',#11953);
#11953 = CARTESIAN_POINT('',(164.15,-71.7875,0.));
#11954 = VERTEX_POINT('',#11955);
#11955 = CARTESIAN_POINT('',(164.15,-71.7875,1.59));
#11956 = LINE('',#11957,#11958);
#11957 = CARTESIAN_POINT('',(164.15,-71.7875,0.));
#11958 = VECTOR('',#11959,1.);
#11959 = DIRECTION('',(0.,0.,1.));
#11960 = ORIENTED_EDGE('',*,*,#11961,.T.);
#11961 = EDGE_CURVE('',#11954,#11962,#11964,.T.);
#11962 = VERTEX_POINT('',#11963);
#11963 = CARTESIAN_POINT('',(164.15,-83.7875,1.59));
#11964 = LINE('',#11965,#11966);
#11965 = CARTESIAN_POINT('',(164.15,-71.7875,1.59));
#11966 = VECTOR('',#11967,1.);
#11967 = DIRECTION('',(0.,-1.,0.));
#11968 = ORIENTED_EDGE('',*,*,#11969,.F.);
#11969 = EDGE_CURVE('',#11970,#11962,#11972,.T.);
#11970 = VERTEX_POINT('',#11971);
#11971 = CARTESIAN_POINT('',(164.15,-83.7875,0.));
#11972 = LINE('',#11973,#11974);
#11973 = CARTESIAN_POINT('',(164.15,-83.7875,0.));
#11974 = VECTOR('',#11975,1.);
#11975 = DIRECTION('',(0.,0.,1.));
#11976 = ORIENTED_EDGE('',*,*,#11977,.F.);
#11977 = EDGE_CURVE('',#11952,#11970,#11978,.T.);
#11978 = LINE('',#11979,#11980);
#11979 = CARTESIAN_POINT('',(164.15,-71.7875,0.));
#11980 = VECTOR('',#11981,1.);
#11981 = DIRECTION('',(0.,-1.,0.));
#11982 = PLANE('',#11983);
#11983 = AXIS2_PLACEMENT_3D('',#11984,#11985,#11986);
#11984 = CARTESIAN_POINT('',(164.15,-71.7875,0.));
#11985 = DIRECTION('',(1.,0.,-0.));
#11986 = DIRECTION('',(0.,-1.,0.));
#11987 = ADVANCED_FACE('',(#11988),#12013,.T.);
#11988 = FACE_BOUND('',#11989,.T.);
#11989 = EDGE_LOOP('',(#11990,#11991,#11999,#12007));
#11990 = ORIENTED_EDGE('',*,*,#11969,.T.);
#11991 = ORIENTED_EDGE('',*,*,#11992,.T.);
#11992 = EDGE_CURVE('',#11962,#11993,#11995,.T.);
#11993 = VERTEX_POINT('',#11994);
#11994 = CARTESIAN_POINT('',(165.15,-84.7875,1.59));
#11995 = LINE('',#11996,#11997);
#11996 = CARTESIAN_POINT('',(164.15,-83.7875,1.59));
#11997 = VECTOR('',#11998,1.);
#11998 = DIRECTION('',(0.707106781187,-0.707106781187,0.));
#11999 = ORIENTED_EDGE('',*,*,#12000,.F.);
#12000 = EDGE_CURVE('',#12001,#11993,#12003,.T.);
#12001 = VERTEX_POINT('',#12002);
#12002 = CARTESIAN_POINT('',(165.15,-84.7875,0.));
#12003 = LINE('',#12004,#12005);
#12004 = CARTESIAN_POINT('',(165.15,-84.7875,0.));
#12005 = VECTOR('',#12006,1.);
#12006 = DIRECTION('',(0.,0.,1.));
#12007 = ORIENTED_EDGE('',*,*,#12008,.F.);
#12008 = EDGE_CURVE('',#11970,#12001,#12009,.T.);
#12009 = LINE('',#12010,#12011);
#12010 = CARTESIAN_POINT('',(164.15,-83.7875,0.));
#12011 = VECTOR('',#12012,1.);
#12012 = DIRECTION('',(0.707106781187,-0.707106781187,0.));
#12013 = PLANE('',#12014);
#12014 = AXIS2_PLACEMENT_3D('',#12015,#12016,#12017);
#12015 = CARTESIAN_POINT('',(164.15,-83.7875,0.));
#12016 = DIRECTION('',(0.707106781187,0.707106781187,-0.));
#12017 = DIRECTION('',(0.707106781187,-0.707106781187,0.));
#12018 = ADVANCED_FACE('',(#12019),#12044,.T.);
#12019 = FACE_BOUND('',#12020,.T.);
#12020 = EDGE_LOOP('',(#12021,#12022,#12030,#12038));
#12021 = ORIENTED_EDGE('',*,*,#12000,.T.);
#12022 = ORIENTED_EDGE('',*,*,#12023,.T.);
#12023 = EDGE_CURVE('',#11993,#12024,#12026,.T.);
#12024 = VERTEX_POINT('',#12025);
#12025 = CARTESIAN_POINT('',(177.75,-84.7875,1.59));
#12026 = LINE('',#12027,#12028);
#12027 = CARTESIAN_POINT('',(165.15,-84.7875,1.59));
#12028 = VECTOR('',#12029,1.);
#12029 = DIRECTION('',(1.,0.,0.));
#12030 = ORIENTED_EDGE('',*,*,#12031,.F.);
#12031 = EDGE_CURVE('',#12032,#12024,#12034,.T.);
#12032 = VERTEX_POINT('',#12033);
#12033 = CARTESIAN_POINT('',(177.75,-84.7875,0.));
#12034 = LINE('',#12035,#12036);
#12035 = CARTESIAN_POINT('',(177.75,-84.7875,0.));
#12036 = VECTOR('',#12037,1.);
#12037 = DIRECTION('',(0.,0.,1.));
#12038 = ORIENTED_EDGE('',*,*,#12039,.F.);
#12039 = EDGE_CURVE('',#12001,#12032,#12040,.T.);
#12040 = LINE('',#12041,#12042);
#12041 = CARTESIAN_POINT('',(165.15,-84.7875,0.));
#12042 = VECTOR('',#12043,1.);
#12043 = DIRECTION('',(1.,0.,0.));
#12044 = PLANE('',#12045);
#12045 = AXIS2_PLACEMENT_3D('',#12046,#12047,#12048);
#12046 = CARTESIAN_POINT('',(165.15,-84.7875,0.));
#12047 = DIRECTION('',(0.,1.,0.));
#12048 = DIRECTION('',(1.,0.,0.));
#12049 = ADVANCED_FACE('',(#12050),#12075,.T.);
#12050 = FACE_BOUND('',#12051,.T.);
#12051 = EDGE_LOOP('',(#12052,#12053,#12061,#12069));
#12052 = ORIENTED_EDGE('',*,*,#12031,.T.);
#12053 = ORIENTED_EDGE('',*,*,#12054,.T.);
#12054 = EDGE_CURVE('',#12024,#12055,#12057,.T.);
#12055 = VERTEX_POINT('',#12056);
#12056 = CARTESIAN_POINT('',(178.75,-83.7875,1.59));
#12057 = LINE('',#12058,#12059);
#12058 = CARTESIAN_POINT('',(177.75,-84.7875,1.59));
#12059 = VECTOR('',#12060,1.);
#12060 = DIRECTION('',(0.707106781187,0.707106781187,0.));
#12061 = ORIENTED_EDGE('',*,*,#12062,.F.);
#12062 = EDGE_CURVE('',#12063,#12055,#12065,.T.);
#12063 = VERTEX_POINT('',#12064);
#12064 = CARTESIAN_POINT('',(178.75,-83.7875,0.));
#12065 = LINE('',#12066,#12067);
#12066 = CARTESIAN_POINT('',(178.75,-83.7875,0.));
#12067 = VECTOR('',#12068,1.);
#12068 = DIRECTION('',(0.,0.,1.));
#12069 = ORIENTED_EDGE('',*,*,#12070,.F.);
#12070 = EDGE_CURVE('',#12032,#12063,#12071,.T.);
#12071 = LINE('',#12072,#12073);
#12072 = CARTESIAN_POINT('',(177.75,-84.7875,0.));
#12073 = VECTOR('',#12074,1.);
#12074 = DIRECTION('',(0.707106781187,0.707106781187,0.));
#12075 = PLANE('',#12076);
#12076 = AXIS2_PLACEMENT_3D('',#12077,#12078,#12079);
#12077 = CARTESIAN_POINT('',(177.75,-84.7875,0.));
#12078 = DIRECTION('',(-0.707106781187,0.707106781187,0.));
#12079 = DIRECTION('',(0.707106781187,0.707106781187,0.));
#12080 = ADVANCED_FACE('',(#12081),#12106,.T.);
#12081 = FACE_BOUND('',#12082,.T.);
#12082 = EDGE_LOOP('',(#12083,#12084,#12092,#12100));
#12083 = ORIENTED_EDGE('',*,*,#12062,.T.);
#12084 = ORIENTED_EDGE('',*,*,#12085,.T.);
#12085 = EDGE_CURVE('',#12055,#12086,#12088,.T.);
#12086 = VERTEX_POINT('',#12087);
#12087 = CARTESIAN_POINT('',(178.75,-71.7875,1.59));
#12088 = LINE('',#12089,#12090);
#12089 = CARTESIAN_POINT('',(178.75,-83.7875,1.59));
#12090 = VECTOR('',#12091,1.);
#12091 = DIRECTION('',(0.,1.,0.));
#12092 = ORIENTED_EDGE('',*,*,#12093,.F.);
#12093 = EDGE_CURVE('',#12094,#12086,#12096,.T.);
#12094 = VERTEX_POINT('',#12095);
#12095 = CARTESIAN_POINT('',(178.75,-71.7875,0.));
#12096 = LINE('',#12097,#12098);
#12097 = CARTESIAN_POINT('',(178.75,-71.7875,0.));
#12098 = VECTOR('',#12099,1.);
#12099 = DIRECTION('',(0.,0.,1.));
#12100 = ORIENTED_EDGE('',*,*,#12101,.F.);
#12101 = EDGE_CURVE('',#12063,#12094,#12102,.T.);
#12102 = LINE('',#12103,#12104);
#12103 = CARTESIAN_POINT('',(178.75,-83.7875,0.));
#12104 = VECTOR('',#12105,1.);
#12105 = DIRECTION('',(0.,1.,0.));
#12106 = PLANE('',#12107);
#12107 = AXIS2_PLACEMENT_3D('',#12108,#12109,#12110);
#12108 = CARTESIAN_POINT('',(178.75,-83.7875,0.));
#12109 = DIRECTION('',(-1.,0.,0.));
#12110 = DIRECTION('',(0.,1.,0.));
#12111 = ADVANCED_FACE('',(#12112),#12137,.T.);
#12112 = FACE_BOUND('',#12113,.T.);
#12113 = EDGE_LOOP('',(#12114,#12115,#12123,#12131));
#12114 = ORIENTED_EDGE('',*,*,#12093,.T.);
#12115 = ORIENTED_EDGE('',*,*,#12116,.T.);
#12116 = EDGE_CURVE('',#12086,#12117,#12119,.T.);
#12117 = VERTEX_POINT('',#12118);
#12118 = CARTESIAN_POINT('',(177.75,-70.7875,1.59));
#12119 = LINE('',#12120,#12121);
#12120 = CARTESIAN_POINT('',(178.75,-71.7875,1.59));
#12121 = VECTOR('',#12122,1.);
#12122 = DIRECTION('',(-0.707106781187,0.707106781187,0.));
#12123 = ORIENTED_EDGE('',*,*,#12124,.F.);
#12124 = EDGE_CURVE('',#12125,#12117,#12127,.T.);
#12125 = VERTEX_POINT('',#12126);
#12126 = CARTESIAN_POINT('',(177.75,-70.7875,0.));
#12127 = LINE('',#12128,#12129);
#12128 = CARTESIAN_POINT('',(177.75,-70.7875,0.));
#12129 = VECTOR('',#12130,1.);
#12130 = DIRECTION('',(0.,0.,1.));
#12131 = ORIENTED_EDGE('',*,*,#12132,.F.);
#12132 = EDGE_CURVE('',#12094,#12125,#12133,.T.);
#12133 = LINE('',#12134,#12135);
#12134 = CARTESIAN_POINT('',(178.75,-71.7875,0.));
#12135 = VECTOR('',#12136,1.);
#12136 = DIRECTION('',(-0.707106781187,0.707106781187,0.));
#12137 = PLANE('',#12138);
#12138 = AXIS2_PLACEMENT_3D('',#12139,#12140,#12141);
#12139 = CARTESIAN_POINT('',(178.75,-71.7875,0.));
#12140 = DIRECTION('',(-0.707106781187,-0.707106781187,0.));
#12141 = DIRECTION('',(-0.707106781187,0.707106781187,0.));
#12142 = ADVANCED_FACE('',(#12143),#12168,.T.);
#12143 = FACE_BOUND('',#12144,.T.);
#12144 = EDGE_LOOP('',(#12145,#12146,#12154,#12162));
#12145 = ORIENTED_EDGE('',*,*,#12124,.T.);
#12146 = ORIENTED_EDGE('',*,*,#12147,.T.);
#12147 = EDGE_CURVE('',#12117,#12148,#12150,.T.);
#12148 = VERTEX_POINT('',#12149);
#12149 = CARTESIAN_POINT('',(165.15,-70.7875,1.59));
#12150 = LINE('',#12151,#12152);
#12151 = CARTESIAN_POINT('',(177.75,-70.7875,1.59));
#12152 = VECTOR('',#12153,1.);
#12153 = DIRECTION('',(-1.,0.,0.));
#12154 = ORIENTED_EDGE('',*,*,#12155,.F.);
#12155 = EDGE_CURVE('',#12156,#12148,#12158,.T.);
#12156 = VERTEX_POINT('',#12157);
#12157 = CARTESIAN_POINT('',(165.15,-70.7875,0.));
#12158 = LINE('',#12159,#12160);
#12159 = CARTESIAN_POINT('',(165.15,-70.7875,0.));
#12160 = VECTOR('',#12161,1.);
#12161 = DIRECTION('',(0.,0.,1.));
#12162 = ORIENTED_EDGE('',*,*,#12163,.F.);
#12163 = EDGE_CURVE('',#12125,#12156,#12164,.T.);
#12164 = LINE('',#12165,#12166);
#12165 = CARTESIAN_POINT('',(177.75,-70.7875,0.));
#12166 = VECTOR('',#12167,1.);
#12167 = DIRECTION('',(-1.,0.,0.));
#12168 = PLANE('',#12169);
#12169 = AXIS2_PLACEMENT_3D('',#12170,#12171,#12172);
#12170 = CARTESIAN_POINT('',(177.75,-70.7875,0.));
#12171 = DIRECTION('',(0.,-1.,0.));
#12172 = DIRECTION('',(-1.,0.,0.));
#12173 = ADVANCED_FACE('',(#12174),#12190,.T.);
#12174 = FACE_BOUND('',#12175,.T.);
#12175 = EDGE_LOOP('',(#12176,#12177,#12183,#12184));
#12176 = ORIENTED_EDGE('',*,*,#12155,.T.);
#12177 = ORIENTED_EDGE('',*,*,#12178,.T.);
#12178 = EDGE_CURVE('',#12148,#11954,#12179,.T.);
#12179 = LINE('',#12180,#12181);
#12180 = CARTESIAN_POINT('',(165.15,-70.7875,1.59));
#12181 = VECTOR('',#12182,1.);
#12182 = DIRECTION('',(-0.707106781187,-0.707106781187,0.));
#12183 = ORIENTED_EDGE('',*,*,#11951,.F.);
#12184 = ORIENTED_EDGE('',*,*,#12185,.F.);
#12185 = EDGE_CURVE('',#12156,#11952,#12186,.T.);
#12186 = LINE('',#12187,#12188);
#12187 = CARTESIAN_POINT('',(165.15,-70.7875,0.));
#12188 = VECTOR('',#12189,1.);
#12189 = DIRECTION('',(-0.707106781187,-0.707106781187,0.));
#12190 = PLANE('',#12191);
#12191 = AXIS2_PLACEMENT_3D('',#12192,#12193,#12194);
#12192 = CARTESIAN_POINT('',(165.15,-70.7875,0.));
#12193 = DIRECTION('',(0.707106781187,-0.707106781187,0.));
#12194 = DIRECTION('',(-0.707106781187,-0.707106781187,0.));
#12195 = ADVANCED_FACE('',(#12196),#12230,.T.);
#12196 = FACE_BOUND('',#12197,.T.);
#12197 = EDGE_LOOP('',(#12198,#12208,#12216,#12224));
#12198 = ORIENTED_EDGE('',*,*,#12199,.T.);
#12199 = EDGE_CURVE('',#12200,#12202,#12204,.T.);
#12200 = VERTEX_POINT('',#12201);
#12201 = CARTESIAN_POINT('',(183.2,-71.7875,0.));
#12202 = VERTEX_POINT('',#12203);
#12203 = CARTESIAN_POINT('',(183.2,-71.7875,1.59));
#12204 = LINE('',#12205,#12206);
#12205 = CARTESIAN_POINT('',(183.2,-71.7875,0.));
#12206 = VECTOR('',#12207,1.);
#12207 = DIRECTION('',(0.,0.,1.));
#12208 = ORIENTED_EDGE('',*,*,#12209,.T.);
#12209 = EDGE_CURVE('',#12202,#12210,#12212,.T.);
#12210 = VERTEX_POINT('',#12211);
#12211 = CARTESIAN_POINT('',(183.2,-83.7875,1.59));
#12212 = LINE('',#12213,#12214);
#12213 = CARTESIAN_POINT('',(183.2,-71.7875,1.59));
#12214 = VECTOR('',#12215,1.);
#12215 = DIRECTION('',(0.,-1.,0.));
#12216 = ORIENTED_EDGE('',*,*,#12217,.F.);
#12217 = EDGE_CURVE('',#12218,#12210,#12220,.T.);
#12218 = VERTEX_POINT('',#12219);
#12219 = CARTESIAN_POINT('',(183.2,-83.7875,0.));
#12220 = LINE('',#12221,#12222);
#12221 = CARTESIAN_POINT('',(183.2,-83.7875,0.));
#12222 = VECTOR('',#12223,1.);
#12223 = DIRECTION('',(0.,0.,1.));
#12224 = ORIENTED_EDGE('',*,*,#12225,.F.);
#12225 = EDGE_CURVE('',#12200,#12218,#12226,.T.);
#12226 = LINE('',#12227,#12228);
#12227 = CARTESIAN_POINT('',(183.2,-71.7875,0.));
#12228 = VECTOR('',#12229,1.);
#12229 = DIRECTION('',(0.,-1.,0.));
#12230 = PLANE('',#12231);
#12231 = AXIS2_PLACEMENT_3D('',#12232,#12233,#12234);
#12232 = CARTESIAN_POINT('',(183.2,-71.7875,0.));
#12233 = DIRECTION('',(1.,0.,-0.));
#12234 = DIRECTION('',(0.,-1.,0.));
#12235 = ADVANCED_FACE('',(#12236),#12261,.T.);
#12236 = FACE_BOUND('',#12237,.T.);
#12237 = EDGE_LOOP('',(#12238,#12239,#12247,#12255));
#12238 = ORIENTED_EDGE('',*,*,#12217,.T.);
#12239 = ORIENTED_EDGE('',*,*,#12240,.T.);
#12240 = EDGE_CURVE('',#12210,#12241,#12243,.T.);
#12241 = VERTEX_POINT('',#12242);
#12242 = CARTESIAN_POINT('',(184.2,-84.7875,1.59));
#12243 = LINE('',#12244,#12245);
#12244 = CARTESIAN_POINT('',(183.2,-83.7875,1.59));
#12245 = VECTOR('',#12246,1.);
#12246 = DIRECTION('',(0.707106781187,-0.707106781187,0.));
#12247 = ORIENTED_EDGE('',*,*,#12248,.F.);
#12248 = EDGE_CURVE('',#12249,#12241,#12251,.T.);
#12249 = VERTEX_POINT('',#12250);
#12250 = CARTESIAN_POINT('',(184.2,-84.7875,0.));
#12251 = LINE('',#12252,#12253);
#12252 = CARTESIAN_POINT('',(184.2,-84.7875,0.));
#12253 = VECTOR('',#12254,1.);
#12254 = DIRECTION('',(0.,0.,1.));
#12255 = ORIENTED_EDGE('',*,*,#12256,.F.);
#12256 = EDGE_CURVE('',#12218,#12249,#12257,.T.);
#12257 = LINE('',#12258,#12259);
#12258 = CARTESIAN_POINT('',(183.2,-83.7875,0.));
#12259 = VECTOR('',#12260,1.);
#12260 = DIRECTION('',(0.707106781187,-0.707106781187,0.));
#12261 = PLANE('',#12262);
#12262 = AXIS2_PLACEMENT_3D('',#12263,#12264,#12265);
#12263 = CARTESIAN_POINT('',(183.2,-83.7875,0.));
#12264 = DIRECTION('',(0.707106781187,0.707106781187,-0.));
#12265 = DIRECTION('',(0.707106781187,-0.707106781187,0.));
#12266 = ADVANCED_FACE('',(#12267),#12292,.T.);
#12267 = FACE_BOUND('',#12268,.T.);
#12268 = EDGE_LOOP('',(#12269,#12270,#12278,#12286));
#12269 = ORIENTED_EDGE('',*,*,#12248,.T.);
#12270 = ORIENTED_EDGE('',*,*,#12271,.T.);
#12271 = EDGE_CURVE('',#12241,#12272,#12274,.T.);
#12272 = VERTEX_POINT('',#12273);
#12273 = CARTESIAN_POINT('',(196.8,-84.7875,1.59));
#12274 = LINE('',#12275,#12276);
#12275 = CARTESIAN_POINT('',(184.2,-84.7875,1.59));
#12276 = VECTOR('',#12277,1.);
#12277 = DIRECTION('',(1.,0.,0.));
#12278 = ORIENTED_EDGE('',*,*,#12279,.F.);
#12279 = EDGE_CURVE('',#12280,#12272,#12282,.T.);
#12280 = VERTEX_POINT('',#12281);
#12281 = CARTESIAN_POINT('',(196.8,-84.7875,0.));
#12282 = LINE('',#12283,#12284);
#12283 = CARTESIAN_POINT('',(196.8,-84.7875,0.));
#12284 = VECTOR('',#12285,1.);
#12285 = DIRECTION('',(0.,0.,1.));
#12286 = ORIENTED_EDGE('',*,*,#12287,.F.);
#12287 = EDGE_CURVE('',#12249,#12280,#12288,.T.);
#12288 = LINE('',#12289,#12290);
#12289 = CARTESIAN_POINT('',(184.2,-84.7875,0.));
#12290 = VECTOR('',#12291,1.);
#12291 = DIRECTION('',(1.,0.,0.));
#12292 = PLANE('',#12293);
#12293 = AXIS2_PLACEMENT_3D('',#12294,#12295,#12296);
#12294 = CARTESIAN_POINT('',(184.2,-84.7875,0.));
#12295 = DIRECTION('',(0.,1.,0.));
#12296 = DIRECTION('',(1.,0.,0.));
#12297 = ADVANCED_FACE('',(#12298),#12323,.T.);
#12298 = FACE_BOUND('',#12299,.T.);
#12299 = EDGE_LOOP('',(#12300,#12301,#12309,#12317));
#12300 = ORIENTED_EDGE('',*,*,#12279,.T.);
#12301 = ORIENTED_EDGE('',*,*,#12302,.T.);
#12302 = EDGE_CURVE('',#12272,#12303,#12305,.T.);
#12303 = VERTEX_POINT('',#12304);
#12304 = CARTESIAN_POINT('',(197.8,-83.7875,1.59));
#12305 = LINE('',#12306,#12307);
#12306 = CARTESIAN_POINT('',(196.8,-84.7875,1.59));
#12307 = VECTOR('',#12308,1.);
#12308 = DIRECTION('',(0.707106781187,0.707106781187,0.));
#12309 = ORIENTED_EDGE('',*,*,#12310,.F.);
#12310 = EDGE_CURVE('',#12311,#12303,#12313,.T.);
#12311 = VERTEX_POINT('',#12312);
#12312 = CARTESIAN_POINT('',(197.8,-83.7875,0.));
#12313 = LINE('',#12314,#12315);
#12314 = CARTESIAN_POINT('',(197.8,-83.7875,0.));
#12315 = VECTOR('',#12316,1.);
#12316 = DIRECTION('',(0.,0.,1.));
#12317 = ORIENTED_EDGE('',*,*,#12318,.F.);
#12318 = EDGE_CURVE('',#12280,#12311,#12319,.T.);
#12319 = LINE('',#12320,#12321);
#12320 = CARTESIAN_POINT('',(196.8,-84.7875,0.));
#12321 = VECTOR('',#12322,1.);
#12322 = DIRECTION('',(0.707106781187,0.707106781187,0.));
#12323 = PLANE('',#12324);
#12324 = AXIS2_PLACEMENT_3D('',#12325,#12326,#12327);
#12325 = CARTESIAN_POINT('',(196.8,-84.7875,0.));
#12326 = DIRECTION('',(-0.707106781187,0.707106781187,0.));
#12327 = DIRECTION('',(0.707106781187,0.707106781187,0.));
#12328 = ADVANCED_FACE('',(#12329),#12354,.T.);
#12329 = FACE_BOUND('',#12330,.T.);
#12330 = EDGE_LOOP('',(#12331,#12332,#12340,#12348));
#12331 = ORIENTED_EDGE('',*,*,#12310,.T.);
#12332 = ORIENTED_EDGE('',*,*,#12333,.T.);
#12333 = EDGE_CURVE('',#12303,#12334,#12336,.T.);
#12334 = VERTEX_POINT('',#12335);
#12335 = CARTESIAN_POINT('',(197.8,-71.7875,1.59));
#12336 = LINE('',#12337,#12338);
#12337 = CARTESIAN_POINT('',(197.8,-83.7875,1.59));
#12338 = VECTOR('',#12339,1.);
#12339 = DIRECTION('',(0.,1.,0.));
#12340 = ORIENTED_EDGE('',*,*,#12341,.F.);
#12341 = EDGE_CURVE('',#12342,#12334,#12344,.T.);
#12342 = VERTEX_POINT('',#12343);
#12343 = CARTESIAN_POINT('',(197.8,-71.7875,0.));
#12344 = LINE('',#12345,#12346);
#12345 = CARTESIAN_POINT('',(197.8,-71.7875,0.));
#12346 = VECTOR('',#12347,1.);
#12347 = DIRECTION('',(0.,0.,1.));
#12348 = ORIENTED_EDGE('',*,*,#12349,.F.);
#12349 = EDGE_CURVE('',#12311,#12342,#12350,.T.);
#12350 = LINE('',#12351,#12352);
#12351 = CARTESIAN_POINT('',(197.8,-83.7875,0.));
#12352 = VECTOR('',#12353,1.);
#12353 = DIRECTION('',(0.,1.,0.));
#12354 = PLANE('',#12355);
#12355 = AXIS2_PLACEMENT_3D('',#12356,#12357,#12358);
#12356 = CARTESIAN_POINT('',(197.8,-83.7875,0.));
#12357 = DIRECTION('',(-1.,0.,0.));
#12358 = DIRECTION('',(0.,1.,0.));
#12359 = ADVANCED_FACE('',(#12360),#12385,.T.);
#12360 = FACE_BOUND('',#12361,.T.);
#12361 = EDGE_LOOP('',(#12362,#12363,#12371,#12379));
#12362 = ORIENTED_EDGE('',*,*,#12341,.T.);
#12363 = ORIENTED_EDGE('',*,*,#12364,.T.);
#12364 = EDGE_CURVE('',#12334,#12365,#12367,.T.);
#12365 = VERTEX_POINT('',#12366);
#12366 = CARTESIAN_POINT('',(196.8,-70.7875,1.59));
#12367 = LINE('',#12368,#12369);
#12368 = CARTESIAN_POINT('',(197.8,-71.7875,1.59));
#12369 = VECTOR('',#12370,1.);
#12370 = DIRECTION('',(-0.707106781187,0.707106781187,0.));
#12371 = ORIENTED_EDGE('',*,*,#12372,.F.);
#12372 = EDGE_CURVE('',#12373,#12365,#12375,.T.);
#12373 = VERTEX_POINT('',#12374);
#12374 = CARTESIAN_POINT('',(196.8,-70.7875,0.));
#12375 = LINE('',#12376,#12377);
#12376 = CARTESIAN_POINT('',(196.8,-70.7875,0.));
#12377 = VECTOR('',#12378,1.);
#12378 = DIRECTION('',(0.,0.,1.));
#12379 = ORIENTED_EDGE('',*,*,#12380,.F.);
#12380 = EDGE_CURVE('',#12342,#12373,#12381,.T.);
#12381 = LINE('',#12382,#12383);
#12382 = CARTESIAN_POINT('',(197.8,-71.7875,0.));
#12383 = VECTOR('',#12384,1.);
#12384 = DIRECTION('',(-0.707106781187,0.707106781187,0.));
#12385 = PLANE('',#12386);
#12386 = AXIS2_PLACEMENT_3D('',#12387,#12388,#12389);
#12387 = CARTESIAN_POINT('',(197.8,-71.7875,0.));
#12388 = DIRECTION('',(-0.707106781187,-0.707106781187,0.));
#12389 = DIRECTION('',(-0.707106781187,0.707106781187,0.));
#12390 = ADVANCED_FACE('',(#12391),#12416,.T.);
#12391 = FACE_BOUND('',#12392,.T.);
#12392 = EDGE_LOOP('',(#12393,#12394,#12402,#12410));
#12393 = ORIENTED_EDGE('',*,*,#12372,.T.);
#12394 = ORIENTED_EDGE('',*,*,#12395,.T.);
#12395 = EDGE_CURVE('',#12365,#12396,#12398,.T.);
#12396 = VERTEX_POINT('',#12397);
#12397 = CARTESIAN_POINT('',(184.2,-70.7875,1.59));
#12398 = LINE('',#12399,#12400);
#12399 = CARTESIAN_POINT('',(196.8,-70.7875,1.59));
#12400 = VECTOR('',#12401,1.);
#12401 = DIRECTION('',(-1.,0.,0.));
#12402 = ORIENTED_EDGE('',*,*,#12403,.F.);
#12403 = EDGE_CURVE('',#12404,#12396,#12406,.T.);
#12404 = VERTEX_POINT('',#12405);
#12405 = CARTESIAN_POINT('',(184.2,-70.7875,0.));
#12406 = LINE('',#12407,#12408);
#12407 = CARTESIAN_POINT('',(184.2,-70.7875,0.));
#12408 = VECTOR('',#12409,1.);
#12409 = DIRECTION('',(0.,0.,1.));
#12410 = ORIENTED_EDGE('',*,*,#12411,.F.);
#12411 = EDGE_CURVE('',#12373,#12404,#12412,.T.);
#12412 = LINE('',#12413,#12414);
#12413 = CARTESIAN_POINT('',(196.8,-70.7875,0.));
#12414 = VECTOR('',#12415,1.);
#12415 = DIRECTION('',(-1.,0.,0.));
#12416 = PLANE('',#12417);
#12417 = AXIS2_PLACEMENT_3D('',#12418,#12419,#12420);
#12418 = CARTESIAN_POINT('',(196.8,-70.7875,0.));
#12419 = DIRECTION('',(0.,-1.,0.));
#12420 = DIRECTION('',(-1.,0.,0.));
#12421 = ADVANCED_FACE('',(#12422),#12438,.T.);
#12422 = FACE_BOUND('',#12423,.T.);
#12423 = EDGE_LOOP('',(#12424,#12425,#12431,#12432));
#12424 = ORIENTED_EDGE('',*,*,#12403,.T.);
#12425 = ORIENTED_EDGE('',*,*,#12426,.T.);
#12426 = EDGE_CURVE('',#12396,#12202,#12427,.T.);
#12427 = LINE('',#12428,#12429);
#12428 = CARTESIAN_POINT('',(184.2,-70.7875,1.59));
#12429 = VECTOR('',#12430,1.);
#12430 = DIRECTION('',(-0.707106781187,-0.707106781187,0.));
#12431 = ORIENTED_EDGE('',*,*,#12199,.F.);
#12432 = ORIENTED_EDGE('',*,*,#12433,.F.);
#12433 = EDGE_CURVE('',#12404,#12200,#12434,.T.);
#12434 = LINE('',#12435,#12436);
#12435 = CARTESIAN_POINT('',(184.2,-70.7875,0.));
#12436 = VECTOR('',#12437,1.);
#12437 = DIRECTION('',(-0.707106781187,-0.707106781187,0.));
#12438 = PLANE('',#12439);
#12439 = AXIS2_PLACEMENT_3D('',#12440,#12441,#12442);
#12440 = CARTESIAN_POINT('',(184.2,-70.7875,0.));
#12441 = DIRECTION('',(0.707106781187,-0.707106781187,0.));
#12442 = DIRECTION('',(-0.707106781187,-0.707106781187,0.));
#12443 = ADVANCED_FACE('',(#12444),#12478,.T.);
#12444 = FACE_BOUND('',#12445,.T.);
#12445 = EDGE_LOOP('',(#12446,#12456,#12464,#12472));
#12446 = ORIENTED_EDGE('',*,*,#12447,.T.);
#12447 = EDGE_CURVE('',#12448,#12450,#12452,.T.);
#12448 = VERTEX_POINT('',#12449);
#12449 = CARTESIAN_POINT('',(202.25,-71.7875,0.));
#12450 = VERTEX_POINT('',#12451);
#12451 = CARTESIAN_POINT('',(202.25,-71.7875,1.59));
#12452 = LINE('',#12453,#12454);
#12453 = CARTESIAN_POINT('',(202.25,-71.7875,0.));
#12454 = VECTOR('',#12455,1.);
#12455 = DIRECTION('',(0.,0.,1.));
#12456 = ORIENTED_EDGE('',*,*,#12457,.T.);
#12457 = EDGE_CURVE('',#12450,#12458,#12460,.T.);
#12458 = VERTEX_POINT('',#12459);
#12459 = CARTESIAN_POINT('',(202.25,-83.7875,1.59));
#12460 = LINE('',#12461,#12462);
#12461 = CARTESIAN_POINT('',(202.25,-71.7875,1.59));
#12462 = VECTOR('',#12463,1.);
#12463 = DIRECTION('',(0.,-1.,0.));
#12464 = ORIENTED_EDGE('',*,*,#12465,.F.);
#12465 = EDGE_CURVE('',#12466,#12458,#12468,.T.);
#12466 = VERTEX_POINT('',#12467);
#12467 = CARTESIAN_POINT('',(202.25,-83.7875,0.));
#12468 = LINE('',#12469,#12470);
#12469 = CARTESIAN_POINT('',(202.25,-83.7875,0.));
#12470 = VECTOR('',#12471,1.);
#12471 = DIRECTION('',(0.,0.,1.));
#12472 = ORIENTED_EDGE('',*,*,#12473,.F.);
#12473 = EDGE_CURVE('',#12448,#12466,#12474,.T.);
#12474 = LINE('',#12475,#12476);
#12475 = CARTESIAN_POINT('',(202.25,-71.7875,0.));
#12476 = VECTOR('',#12477,1.);
#12477 = DIRECTION('',(0.,-1.,0.));
#12478 = PLANE('',#12479);
#12479 = AXIS2_PLACEMENT_3D('',#12480,#12481,#12482);
#12480 = CARTESIAN_POINT('',(202.25,-71.7875,0.));
#12481 = DIRECTION('',(1.,0.,-0.));
#12482 = DIRECTION('',(0.,-1.,0.));
#12483 = ADVANCED_FACE('',(#12484),#12509,.T.);
#12484 = FACE_BOUND('',#12485,.T.);
#12485 = EDGE_LOOP('',(#12486,#12487,#12495,#12503));
#12486 = ORIENTED_EDGE('',*,*,#12465,.T.);
#12487 = ORIENTED_EDGE('',*,*,#12488,.T.);
#12488 = EDGE_CURVE('',#12458,#12489,#12491,.T.);
#12489 = VERTEX_POINT('',#12490);
#12490 = CARTESIAN_POINT('',(203.25,-84.7875,1.59));
#12491 = LINE('',#12492,#12493);
#12492 = CARTESIAN_POINT('',(202.25,-83.7875,1.59));
#12493 = VECTOR('',#12494,1.);
#12494 = DIRECTION('',(0.707106781187,-0.707106781187,0.));
#12495 = ORIENTED_EDGE('',*,*,#12496,.F.);
#12496 = EDGE_CURVE('',#12497,#12489,#12499,.T.);
#12497 = VERTEX_POINT('',#12498);
#12498 = CARTESIAN_POINT('',(203.25,-84.7875,0.));
#12499 = LINE('',#12500,#12501);
#12500 = CARTESIAN_POINT('',(203.25,-84.7875,0.));
#12501 = VECTOR('',#12502,1.);
#12502 = DIRECTION('',(0.,0.,1.));
#12503 = ORIENTED_EDGE('',*,*,#12504,.F.);
#12504 = EDGE_CURVE('',#12466,#12497,#12505,.T.);
#12505 = LINE('',#12506,#12507);
#12506 = CARTESIAN_POINT('',(202.25,-83.7875,0.));
#12507 = VECTOR('',#12508,1.);
#12508 = DIRECTION('',(0.707106781187,-0.707106781187,0.));
#12509 = PLANE('',#12510);
#12510 = AXIS2_PLACEMENT_3D('',#12511,#12512,#12513);
#12511 = CARTESIAN_POINT('',(202.25,-83.7875,0.));
#12512 = DIRECTION('',(0.707106781187,0.707106781187,-0.));
#12513 = DIRECTION('',(0.707106781187,-0.707106781187,0.));
#12514 = ADVANCED_FACE('',(#12515),#12540,.T.);
#12515 = FACE_BOUND('',#12516,.T.);
#12516 = EDGE_LOOP('',(#12517,#12518,#12526,#12534));
#12517 = ORIENTED_EDGE('',*,*,#12496,.T.);
#12518 = ORIENTED_EDGE('',*,*,#12519,.T.);
#12519 = EDGE_CURVE('',#12489,#12520,#12522,.T.);
#12520 = VERTEX_POINT('',#12521);
#12521 = CARTESIAN_POINT('',(215.85,-84.7875,1.59));
#12522 = LINE('',#12523,#12524);
#12523 = CARTESIAN_POINT('',(203.25,-84.7875,1.59));
#12524 = VECTOR('',#12525,1.);
#12525 = DIRECTION('',(1.,0.,0.));
#12526 = ORIENTED_EDGE('',*,*,#12527,.F.);
#12527 = EDGE_CURVE('',#12528,#12520,#12530,.T.);
#12528 = VERTEX_POINT('',#12529);
#12529 = CARTESIAN_POINT('',(215.85,-84.7875,0.));
#12530 = LINE('',#12531,#12532);
#12531 = CARTESIAN_POINT('',(215.85,-84.7875,0.));
#12532 = VECTOR('',#12533,1.);
#12533 = DIRECTION('',(0.,0.,1.));
#12534 = ORIENTED_EDGE('',*,*,#12535,.F.);
#12535 = EDGE_CURVE('',#12497,#12528,#12536,.T.);
#12536 = LINE('',#12537,#12538);
#12537 = CARTESIAN_POINT('',(203.25,-84.7875,0.));
#12538 = VECTOR('',#12539,1.);
#12539 = DIRECTION('',(1.,0.,0.));
#12540 = PLANE('',#12541);
#12541 = AXIS2_PLACEMENT_3D('',#12542,#12543,#12544);
#12542 = CARTESIAN_POINT('',(203.25,-84.7875,0.));
#12543 = DIRECTION('',(0.,1.,0.));
#12544 = DIRECTION('',(1.,0.,0.));
#12545 = ADVANCED_FACE('',(#12546),#12571,.T.);
#12546 = FACE_BOUND('',#12547,.T.);
#12547 = EDGE_LOOP('',(#12548,#12549,#12557,#12565));
#12548 = ORIENTED_EDGE('',*,*,#12527,.T.);
#12549 = ORIENTED_EDGE('',*,*,#12550,.T.);
#12550 = EDGE_CURVE('',#12520,#12551,#12553,.T.);
#12551 = VERTEX_POINT('',#12552);
#12552 = CARTESIAN_POINT('',(216.85,-83.7875,1.59));
#12553 = LINE('',#12554,#12555);
#12554 = CARTESIAN_POINT('',(215.85,-84.7875,1.59));
#12555 = VECTOR('',#12556,1.);
#12556 = DIRECTION('',(0.707106781187,0.707106781187,0.));
#12557 = ORIENTED_EDGE('',*,*,#12558,.F.);
#12558 = EDGE_CURVE('',#12559,#12551,#12561,.T.);
#12559 = VERTEX_POINT('',#12560);
#12560 = CARTESIAN_POINT('',(216.85,-83.7875,0.));
#12561 = LINE('',#12562,#12563);
#12562 = CARTESIAN_POINT('',(216.85,-83.7875,0.));
#12563 = VECTOR('',#12564,1.);
#12564 = DIRECTION('',(0.,0.,1.));
#12565 = ORIENTED_EDGE('',*,*,#12566,.F.);
#12566 = EDGE_CURVE('',#12528,#12559,#12567,.T.);
#12567 = LINE('',#12568,#12569);
#12568 = CARTESIAN_POINT('',(215.85,-84.7875,0.));
#12569 = VECTOR('',#12570,1.);
#12570 = DIRECTION('',(0.707106781187,0.707106781187,0.));
#12571 = PLANE('',#12572);
#12572 = AXIS2_PLACEMENT_3D('',#12573,#12574,#12575);
#12573 = CARTESIAN_POINT('',(215.85,-84.7875,0.));
#12574 = DIRECTION('',(-0.707106781187,0.707106781187,0.));
#12575 = DIRECTION('',(0.707106781187,0.707106781187,0.));
#12576 = ADVANCED_FACE('',(#12577),#12602,.T.);
#12577 = FACE_BOUND('',#12578,.T.);
#12578 = EDGE_LOOP('',(#12579,#12580,#12588,#12596));
#12579 = ORIENTED_EDGE('',*,*,#12558,.T.);
#12580 = ORIENTED_EDGE('',*,*,#12581,.T.);
#12581 = EDGE_CURVE('',#12551,#12582,#12584,.T.);
#12582 = VERTEX_POINT('',#12583);
#12583 = CARTESIAN_POINT('',(216.85,-71.7875,1.59));
#12584 = LINE('',#12585,#12586);
#12585 = CARTESIAN_POINT('',(216.85,-83.7875,1.59));
#12586 = VECTOR('',#12587,1.);
#12587 = DIRECTION('',(0.,1.,0.));
#12588 = ORIENTED_EDGE('',*,*,#12589,.F.);
#12589 = EDGE_CURVE('',#12590,#12582,#12592,.T.);
#12590 = VERTEX_POINT('',#12591);
#12591 = CARTESIAN_POINT('',(216.85,-71.7875,0.));
#12592 = LINE('',#12593,#12594);
#12593 = CARTESIAN_POINT('',(216.85,-71.7875,0.));
#12594 = VECTOR('',#12595,1.);
#12595 = DIRECTION('',(0.,0.,1.));
#12596 = ORIENTED_EDGE('',*,*,#12597,.F.);
#12597 = EDGE_CURVE('',#12559,#12590,#12598,.T.);
#12598 = LINE('',#12599,#12600);
#12599 = CARTESIAN_POINT('',(216.85,-83.7875,0.));
#12600 = VECTOR('',#12601,1.);
#12601 = DIRECTION('',(0.,1.,0.));
#12602 = PLANE('',#12603);
#12603 = AXIS2_PLACEMENT_3D('',#12604,#12605,#12606);
#12604 = CARTESIAN_POINT('',(216.85,-83.7875,0.));
#12605 = DIRECTION('',(-1.,0.,0.));
#12606 = DIRECTION('',(0.,1.,0.));
#12607 = ADVANCED_FACE('',(#12608),#12633,.T.);
#12608 = FACE_BOUND('',#12609,.T.);
#12609 = EDGE_LOOP('',(#12610,#12611,#12619,#12627));
#12610 = ORIENTED_EDGE('',*,*,#12589,.T.);
#12611 = ORIENTED_EDGE('',*,*,#12612,.T.);
#12612 = EDGE_CURVE('',#12582,#12613,#12615,.T.);
#12613 = VERTEX_POINT('',#12614);
#12614 = CARTESIAN_POINT('',(215.85,-70.7875,1.59));
#12615 = LINE('',#12616,#12617);
#12616 = CARTESIAN_POINT('',(216.85,-71.7875,1.59));
#12617 = VECTOR('',#12618,1.);
#12618 = DIRECTION('',(-0.707106781187,0.707106781187,0.));
#12619 = ORIENTED_EDGE('',*,*,#12620,.F.);
#12620 = EDGE_CURVE('',#12621,#12613,#12623,.T.);
#12621 = VERTEX_POINT('',#12622);
#12622 = CARTESIAN_POINT('',(215.85,-70.7875,0.));
#12623 = LINE('',#12624,#12625);
#12624 = CARTESIAN_POINT('',(215.85,-70.7875,0.));
#12625 = VECTOR('',#12626,1.);
#12626 = DIRECTION('',(0.,0.,1.));
#12627 = ORIENTED_EDGE('',*,*,#12628,.F.);
#12628 = EDGE_CURVE('',#12590,#12621,#12629,.T.);
#12629 = LINE('',#12630,#12631);
#12630 = CARTESIAN_POINT('',(216.85,-71.7875,0.));
#12631 = VECTOR('',#12632,1.);
#12632 = DIRECTION('',(-0.707106781187,0.707106781187,0.));
#12633 = PLANE('',#12634);
#12634 = AXIS2_PLACEMENT_3D('',#12635,#12636,#12637);
#12635 = CARTESIAN_POINT('',(216.85,-71.7875,0.));
#12636 = DIRECTION('',(-0.707106781187,-0.707106781187,0.));
#12637 = DIRECTION('',(-0.707106781187,0.707106781187,0.));
#12638 = ADVANCED_FACE('',(#12639),#12664,.T.);
#12639 = FACE_BOUND('',#12640,.T.);
#12640 = EDGE_LOOP('',(#12641,#12642,#12650,#12658));
#12641 = ORIENTED_EDGE('',*,*,#12620,.T.);
#12642 = ORIENTED_EDGE('',*,*,#12643,.T.);
#12643 = EDGE_CURVE('',#12613,#12644,#12646,.T.);
#12644 = VERTEX_POINT('',#12645);
#12645 = CARTESIAN_POINT('',(203.25,-70.7875,1.59));
#12646 = LINE('',#12647,#12648);
#12647 = CARTESIAN_POINT('',(215.85,-70.7875,1.59));
#12648 = VECTOR('',#12649,1.);
#12649 = DIRECTION('',(-1.,0.,0.));
#12650 = ORIENTED_EDGE('',*,*,#12651,.F.);
#12651 = EDGE_CURVE('',#12652,#12644,#12654,.T.);
#12652 = VERTEX_POINT('',#12653);
#12653 = CARTESIAN_POINT('',(203.25,-70.7875,0.));
#12654 = LINE('',#12655,#12656);
#12655 = CARTESIAN_POINT('',(203.25,-70.7875,0.));
#12656 = VECTOR('',#12657,1.);
#12657 = DIRECTION('',(0.,0.,1.));
#12658 = ORIENTED_EDGE('',*,*,#12659,.F.);
#12659 = EDGE_CURVE('',#12621,#12652,#12660,.T.);
#12660 = LINE('',#12661,#12662);
#12661 = CARTESIAN_POINT('',(215.85,-70.7875,0.));
#12662 = VECTOR('',#12663,1.);
#12663 = DIRECTION('',(-1.,0.,0.));
#12664 = PLANE('',#12665);
#12665 = AXIS2_PLACEMENT_3D('',#12666,#12667,#12668);
#12666 = CARTESIAN_POINT('',(215.85,-70.7875,0.));
#12667 = DIRECTION('',(0.,-1.,0.));
#12668 = DIRECTION('',(-1.,0.,0.));
#12669 = ADVANCED_FACE('',(#12670),#12686,.T.);
#12670 = FACE_BOUND('',#12671,.T.);
#12671 = EDGE_LOOP('',(#12672,#12673,#12679,#12680));
#12672 = ORIENTED_EDGE('',*,*,#12651,.T.);
#12673 = ORIENTED_EDGE('',*,*,#12674,.T.);
#12674 = EDGE_CURVE('',#12644,#12450,#12675,.T.);
#12675 = LINE('',#12676,#12677);
#12676 = CARTESIAN_POINT('',(203.25,-70.7875,1.59));
#12677 = VECTOR('',#12678,1.);
#12678 = DIRECTION('',(-0.707106781187,-0.707106781187,0.));
#12679 = ORIENTED_EDGE('',*,*,#12447,.F.);
#12680 = ORIENTED_EDGE('',*,*,#12681,.F.);
#12681 = EDGE_CURVE('',#12652,#12448,#12682,.T.);
#12682 = LINE('',#12683,#12684);
#12683 = CARTESIAN_POINT('',(203.25,-70.7875,0.));
#12684 = VECTOR('',#12685,1.);
#12685 = DIRECTION('',(-0.707106781187,-0.707106781187,0.));
#12686 = PLANE('',#12687);
#12687 = AXIS2_PLACEMENT_3D('',#12688,#12689,#12690);
#12688 = CARTESIAN_POINT('',(203.25,-70.7875,0.));
#12689 = DIRECTION('',(0.707106781187,-0.707106781187,0.));
#12690 = DIRECTION('',(-0.707106781187,-0.707106781187,0.));
#12691 = ADVANCED_FACE('',(#12692),#12726,.T.);
#12692 = FACE_BOUND('',#12693,.T.);
#12693 = EDGE_LOOP('',(#12694,#12704,#12712,#12720));
#12694 = ORIENTED_EDGE('',*,*,#12695,.T.);
#12695 = EDGE_CURVE('',#12696,#12698,#12700,.T.);
#12696 = VERTEX_POINT('',#12697);
#12697 = CARTESIAN_POINT('',(221.3,-71.7875,0.));
#12698 = VERTEX_POINT('',#12699);
#12699 = CARTESIAN_POINT('',(221.3,-71.7875,1.59));
#12700 = LINE('',#12701,#12702);
#12701 = CARTESIAN_POINT('',(221.3,-71.7875,0.));
#12702 = VECTOR('',#12703,1.);
#12703 = DIRECTION('',(0.,0.,1.));
#12704 = ORIENTED_EDGE('',*,*,#12705,.T.);
#12705 = EDGE_CURVE('',#12698,#12706,#12708,.T.);
#12706 = VERTEX_POINT('',#12707);
#12707 = CARTESIAN_POINT('',(221.3,-83.7875,1.59));
#12708 = LINE('',#12709,#12710);
#12709 = CARTESIAN_POINT('',(221.3,-71.7875,1.59));
#12710 = VECTOR('',#12711,1.);
#12711 = DIRECTION('',(0.,-1.,0.));
#12712 = ORIENTED_EDGE('',*,*,#12713,.F.);
#12713 = EDGE_CURVE('',#12714,#12706,#12716,.T.);
#12714 = VERTEX_POINT('',#12715);
#12715 = CARTESIAN_POINT('',(221.3,-83.7875,0.));
#12716 = LINE('',#12717,#12718);
#12717 = CARTESIAN_POINT('',(221.3,-83.7875,0.));
#12718 = VECTOR('',#12719,1.);
#12719 = DIRECTION('',(0.,0.,1.));
#12720 = ORIENTED_EDGE('',*,*,#12721,.F.);
#12721 = EDGE_CURVE('',#12696,#12714,#12722,.T.);
#12722 = LINE('',#12723,#12724);
#12723 = CARTESIAN_POINT('',(221.3,-71.7875,0.));
#12724 = VECTOR('',#12725,1.);
#12725 = DIRECTION('',(0.,-1.,0.));
#12726 = PLANE('',#12727);
#12727 = AXIS2_PLACEMENT_3D('',#12728,#12729,#12730);
#12728 = CARTESIAN_POINT('',(221.3,-71.7875,0.));
#12729 = DIRECTION('',(1.,0.,-0.));
#12730 = DIRECTION('',(0.,-1.,0.));
#12731 = ADVANCED_FACE('',(#12732),#12757,.T.);
#12732 = FACE_BOUND('',#12733,.T.);
#12733 = EDGE_LOOP('',(#12734,#12735,#12743,#12751));
#12734 = ORIENTED_EDGE('',*,*,#12713,.T.);
#12735 = ORIENTED_EDGE('',*,*,#12736,.T.);
#12736 = EDGE_CURVE('',#12706,#12737,#12739,.T.);
#12737 = VERTEX_POINT('',#12738);
#12738 = CARTESIAN_POINT('',(222.3,-84.7875,1.59));
#12739 = LINE('',#12740,#12741);
#12740 = CARTESIAN_POINT('',(221.3,-83.7875,1.59));
#12741 = VECTOR('',#12742,1.);
#12742 = DIRECTION('',(0.707106781187,-0.707106781187,0.));
#12743 = ORIENTED_EDGE('',*,*,#12744,.F.);
#12744 = EDGE_CURVE('',#12745,#12737,#12747,.T.);
#12745 = VERTEX_POINT('',#12746);
#12746 = CARTESIAN_POINT('',(222.3,-84.7875,0.));
#12747 = LINE('',#12748,#12749);
#12748 = CARTESIAN_POINT('',(222.3,-84.7875,0.));
#12749 = VECTOR('',#12750,1.);
#12750 = DIRECTION('',(0.,0.,1.));
#12751 = ORIENTED_EDGE('',*,*,#12752,.F.);
#12752 = EDGE_CURVE('',#12714,#12745,#12753,.T.);
#12753 = LINE('',#12754,#12755);
#12754 = CARTESIAN_POINT('',(221.3,-83.7875,0.));
#12755 = VECTOR('',#12756,1.);
#12756 = DIRECTION('',(0.707106781187,-0.707106781187,0.));
#12757 = PLANE('',#12758);
#12758 = AXIS2_PLACEMENT_3D('',#12759,#12760,#12761);
#12759 = CARTESIAN_POINT('',(221.3,-83.7875,0.));
#12760 = DIRECTION('',(0.707106781187,0.707106781187,-0.));
#12761 = DIRECTION('',(0.707106781187,-0.707106781187,0.));
#12762 = ADVANCED_FACE('',(#12763),#12788,.T.);
#12763 = FACE_BOUND('',#12764,.T.);
#12764 = EDGE_LOOP('',(#12765,#12766,#12774,#12782));
#12765 = ORIENTED_EDGE('',*,*,#12744,.T.);
#12766 = ORIENTED_EDGE('',*,*,#12767,.T.);
#12767 = EDGE_CURVE('',#12737,#12768,#12770,.T.);
#12768 = VERTEX_POINT('',#12769);
#12769 = CARTESIAN_POINT('',(234.9,-84.7875,1.59));
#12770 = LINE('',#12771,#12772);
#12771 = CARTESIAN_POINT('',(222.3,-84.7875,1.59));
#12772 = VECTOR('',#12773,1.);
#12773 = DIRECTION('',(1.,0.,0.));
#12774 = ORIENTED_EDGE('',*,*,#12775,.F.);
#12775 = EDGE_CURVE('',#12776,#12768,#12778,.T.);
#12776 = VERTEX_POINT('',#12777);
#12777 = CARTESIAN_POINT('',(234.9,-84.7875,0.));
#12778 = LINE('',#12779,#12780);
#12779 = CARTESIAN_POINT('',(234.9,-84.7875,0.));
#12780 = VECTOR('',#12781,1.);
#12781 = DIRECTION('',(0.,0.,1.));
#12782 = ORIENTED_EDGE('',*,*,#12783,.F.);
#12783 = EDGE_CURVE('',#12745,#12776,#12784,.T.);
#12784 = LINE('',#12785,#12786);
#12785 = CARTESIAN_POINT('',(222.3,-84.7875,0.));
#12786 = VECTOR('',#12787,1.);
#12787 = DIRECTION('',(1.,0.,0.));
#12788 = PLANE('',#12789);
#12789 = AXIS2_PLACEMENT_3D('',#12790,#12791,#12792);
#12790 = CARTESIAN_POINT('',(222.3,-84.7875,0.));
#12791 = DIRECTION('',(0.,1.,0.));
#12792 = DIRECTION('',(1.,0.,0.));
#12793 = ADVANCED_FACE('',(#12794),#12819,.T.);
#12794 = FACE_BOUND('',#12795,.T.);
#12795 = EDGE_LOOP('',(#12796,#12797,#12805,#12813));
#12796 = ORIENTED_EDGE('',*,*,#12775,.T.);
#12797 = ORIENTED_EDGE('',*,*,#12798,.T.);
#12798 = EDGE_CURVE('',#12768,#12799,#12801,.T.);
#12799 = VERTEX_POINT('',#12800);
#12800 = CARTESIAN_POINT('',(235.9,-83.7875,1.59));
#12801 = LINE('',#12802,#12803);
#12802 = CARTESIAN_POINT('',(234.9,-84.7875,1.59));
#12803 = VECTOR('',#12804,1.);
#12804 = DIRECTION('',(0.707106781187,0.707106781187,0.));
#12805 = ORIENTED_EDGE('',*,*,#12806,.F.);
#12806 = EDGE_CURVE('',#12807,#12799,#12809,.T.);
#12807 = VERTEX_POINT('',#12808);
#12808 = CARTESIAN_POINT('',(235.9,-83.7875,0.));
#12809 = LINE('',#12810,#12811);
#12810 = CARTESIAN_POINT('',(235.9,-83.7875,0.));
#12811 = VECTOR('',#12812,1.);
#12812 = DIRECTION('',(0.,0.,1.));
#12813 = ORIENTED_EDGE('',*,*,#12814,.F.);
#12814 = EDGE_CURVE('',#12776,#12807,#12815,.T.);
#12815 = LINE('',#12816,#12817);
#12816 = CARTESIAN_POINT('',(234.9,-84.7875,0.));
#12817 = VECTOR('',#12818,1.);
#12818 = DIRECTION('',(0.707106781187,0.707106781187,0.));
#12819 = PLANE('',#12820);
#12820 = AXIS2_PLACEMENT_3D('',#12821,#12822,#12823);
#12821 = CARTESIAN_POINT('',(234.9,-84.7875,0.));
#12822 = DIRECTION('',(-0.707106781187,0.707106781187,0.));
#12823 = DIRECTION('',(0.707106781187,0.707106781187,0.));
#12824 = ADVANCED_FACE('',(#12825),#12850,.T.);
#12825 = FACE_BOUND('',#12826,.T.);
#12826 = EDGE_LOOP('',(#12827,#12828,#12836,#12844));
#12827 = ORIENTED_EDGE('',*,*,#12806,.T.);
#12828 = ORIENTED_EDGE('',*,*,#12829,.T.);
#12829 = EDGE_CURVE('',#12799,#12830,#12832,.T.);
#12830 = VERTEX_POINT('',#12831);
#12831 = CARTESIAN_POINT('',(235.9,-71.7875,1.59));
#12832 = LINE('',#12833,#12834);
#12833 = CARTESIAN_POINT('',(235.9,-83.7875,1.59));
#12834 = VECTOR('',#12835,1.);
#12835 = DIRECTION('',(0.,1.,0.));
#12836 = ORIENTED_EDGE('',*,*,#12837,.F.);
#12837 = EDGE_CURVE('',#12838,#12830,#12840,.T.);
#12838 = VERTEX_POINT('',#12839);
#12839 = CARTESIAN_POINT('',(235.9,-71.7875,0.));
#12840 = LINE('',#12841,#12842);
#12841 = CARTESIAN_POINT('',(235.9,-71.7875,0.));
#12842 = VECTOR('',#12843,1.);
#12843 = DIRECTION('',(0.,0.,1.));
#12844 = ORIENTED_EDGE('',*,*,#12845,.F.);
#12845 = EDGE_CURVE('',#12807,#12838,#12846,.T.);
#12846 = LINE('',#12847,#12848);
#12847 = CARTESIAN_POINT('',(235.9,-83.7875,0.));
#12848 = VECTOR('',#12849,1.);
#12849 = DIRECTION('',(0.,1.,0.));
#12850 = PLANE('',#12851);
#12851 = AXIS2_PLACEMENT_3D('',#12852,#12853,#12854);
#12852 = CARTESIAN_POINT('',(235.9,-83.7875,0.));
#12853 = DIRECTION('',(-1.,0.,0.));
#12854 = DIRECTION('',(0.,1.,0.));
#12855 = ADVANCED_FACE('',(#12856),#12881,.T.);
#12856 = FACE_BOUND('',#12857,.T.);
#12857 = EDGE_LOOP('',(#12858,#12859,#12867,#12875));
#12858 = ORIENTED_EDGE('',*,*,#12837,.T.);
#12859 = ORIENTED_EDGE('',*,*,#12860,.T.);
#12860 = EDGE_CURVE('',#12830,#12861,#12863,.T.);
#12861 = VERTEX_POINT('',#12862);
#12862 = CARTESIAN_POINT('',(234.9,-70.7875,1.59));
#12863 = LINE('',#12864,#12865);
#12864 = CARTESIAN_POINT('',(235.9,-71.7875,1.59));
#12865 = VECTOR('',#12866,1.);
#12866 = DIRECTION('',(-0.707106781187,0.707106781187,0.));
#12867 = ORIENTED_EDGE('',*,*,#12868,.F.);
#12868 = EDGE_CURVE('',#12869,#12861,#12871,.T.);
#12869 = VERTEX_POINT('',#12870);
#12870 = CARTESIAN_POINT('',(234.9,-70.7875,0.));
#12871 = LINE('',#12872,#12873);
#12872 = CARTESIAN_POINT('',(234.9,-70.7875,0.));
#12873 = VECTOR('',#12874,1.);
#12874 = DIRECTION('',(0.,0.,1.));
#12875 = ORIENTED_EDGE('',*,*,#12876,.F.);
#12876 = EDGE_CURVE('',#12838,#12869,#12877,.T.);
#12877 = LINE('',#12878,#12879);
#12878 = CARTESIAN_POINT('',(235.9,-71.7875,0.));
#12879 = VECTOR('',#12880,1.);
#12880 = DIRECTION('',(-0.707106781187,0.707106781187,0.));
#12881 = PLANE('',#12882);
#12882 = AXIS2_PLACEMENT_3D('',#12883,#12884,#12885);
#12883 = CARTESIAN_POINT('',(235.9,-71.7875,0.));
#12884 = DIRECTION('',(-0.707106781187,-0.707106781187,0.));
#12885 = DIRECTION('',(-0.707106781187,0.707106781187,0.));
#12886 = ADVANCED_FACE('',(#12887),#12912,.T.);
#12887 = FACE_BOUND('',#12888,.T.);
#12888 = EDGE_LOOP('',(#12889,#12890,#12898,#12906));
#12889 = ORIENTED_EDGE('',*,*,#12868,.T.);
#12890 = ORIENTED_EDGE('',*,*,#12891,.T.);
#12891 = EDGE_CURVE('',#12861,#12892,#12894,.T.);
#12892 = VERTEX_POINT('',#12893);
#12893 = CARTESIAN_POINT('',(222.3,-70.7875,1.59));
#12894 = LINE('',#12895,#12896);
#12895 = CARTESIAN_POINT('',(234.9,-70.7875,1.59));
#12896 = VECTOR('',#12897,1.);
#12897 = DIRECTION('',(-1.,0.,0.));
#12898 = ORIENTED_EDGE('',*,*,#12899,.F.);
#12899 = EDGE_CURVE('',#12900,#12892,#12902,.T.);
#12900 = VERTEX_POINT('',#12901);
#12901 = CARTESIAN_POINT('',(222.3,-70.7875,0.));
#12902 = LINE('',#12903,#12904);
#12903 = CARTESIAN_POINT('',(222.3,-70.7875,0.));
#12904 = VECTOR('',#12905,1.);
#12905 = DIRECTION('',(0.,0.,1.));
#12906 = ORIENTED_EDGE('',*,*,#12907,.F.);
#12907 = EDGE_CURVE('',#12869,#12900,#12908,.T.);
#12908 = LINE('',#12909,#12910);
#12909 = CARTESIAN_POINT('',(234.9,-70.7875,0.));
#12910 = VECTOR('',#12911,1.);
#12911 = DIRECTION('',(-1.,0.,0.));
#12912 = PLANE('',#12913);
#12913 = AXIS2_PLACEMENT_3D('',#12914,#12915,#12916);
#12914 = CARTESIAN_POINT('',(234.9,-70.7875,0.));
#12915 = DIRECTION('',(0.,-1.,0.));
#12916 = DIRECTION('',(-1.,0.,0.));
#12917 = ADVANCED_FACE('',(#12918),#12934,.T.);
#12918 = FACE_BOUND('',#12919,.T.);
#12919 = EDGE_LOOP('',(#12920,#12921,#12927,#12928));
#12920 = ORIENTED_EDGE('',*,*,#12899,.T.);
#12921 = ORIENTED_EDGE('',*,*,#12922,.T.);
#12922 = EDGE_CURVE('',#12892,#12698,#12923,.T.);
#12923 = LINE('',#12924,#12925);
#12924 = CARTESIAN_POINT('',(222.3,-70.7875,1.59));
#12925 = VECTOR('',#12926,1.);
#12926 = DIRECTION('',(-0.707106781187,-0.707106781187,0.));
#12927 = ORIENTED_EDGE('',*,*,#12695,.F.);
#12928 = ORIENTED_EDGE('',*,*,#12929,.F.);
#12929 = EDGE_CURVE('',#12900,#12696,#12930,.T.);
#12930 = LINE('',#12931,#12932);
#12931 = CARTESIAN_POINT('',(222.3,-70.7875,0.));
#12932 = VECTOR('',#12933,1.);
#12933 = DIRECTION('',(-0.707106781187,-0.707106781187,0.));
#12934 = PLANE('',#12935);
#12935 = AXIS2_PLACEMENT_3D('',#12936,#12937,#12938);
#12936 = CARTESIAN_POINT('',(222.3,-70.7875,0.));
#12937 = DIRECTION('',(0.707106781187,-0.707106781187,0.));
#12938 = DIRECTION('',(-0.707106781187,-0.707106781187,0.));
#12939 = ADVANCED_FACE('',(#12940),#12974,.T.);
#12940 = FACE_BOUND('',#12941,.T.);
#12941 = EDGE_LOOP('',(#12942,#12952,#12960,#12968));
#12942 = ORIENTED_EDGE('',*,*,#12943,.T.);
#12943 = EDGE_CURVE('',#12944,#12946,#12948,.T.);
#12944 = VERTEX_POINT('',#12945);
#12945 = CARTESIAN_POINT('',(247.49375,-71.7875,0.));
#12946 = VERTEX_POINT('',#12947);
#12947 = CARTESIAN_POINT('',(247.49375,-71.7875,1.59));
#12948 = LINE('',#12949,#12950);
#12949 = CARTESIAN_POINT('',(247.49375,-71.7875,0.));
#12950 = VECTOR('',#12951,1.);
#12951 = DIRECTION('',(0.,0.,1.));
#12952 = ORIENTED_EDGE('',*,*,#12953,.T.);
#12953 = EDGE_CURVE('',#12946,#12954,#12956,.T.);
#12954 = VERTEX_POINT('',#12955);
#12955 = CARTESIAN_POINT('',(247.49375,-83.7875,1.59));
#12956 = LINE('',#12957,#12958);
#12957 = CARTESIAN_POINT('',(247.49375,-71.7875,1.59));
#12958 = VECTOR('',#12959,1.);
#12959 = DIRECTION('',(0.,-1.,0.));
#12960 = ORIENTED_EDGE('',*,*,#12961,.F.);
#12961 = EDGE_CURVE('',#12962,#12954,#12964,.T.);
#12962 = VERTEX_POINT('',#12963);
#12963 = CARTESIAN_POINT('',(247.49375,-83.7875,0.));
#12964 = LINE('',#12965,#12966);
#12965 = CARTESIAN_POINT('',(247.49375,-83.7875,0.));
#12966 = VECTOR('',#12967,1.);
#12967 = DIRECTION('',(0.,0.,1.));
#12968 = ORIENTED_EDGE('',*,*,#12969,.F.);
#12969 = EDGE_CURVE('',#12944,#12962,#12970,.T.);
#12970 = LINE('',#12971,#12972);
#12971 = CARTESIAN_POINT('',(247.49375,-71.7875,0.));
#12972 = VECTOR('',#12973,1.);
#12973 = DIRECTION('',(0.,-1.,0.));
#12974 = PLANE('',#12975);
#12975 = AXIS2_PLACEMENT_3D('',#12976,#12977,#12978);
#12976 = CARTESIAN_POINT('',(247.49375,-71.7875,0.));
#12977 = DIRECTION('',(1.,0.,-0.));
#12978 = DIRECTION('',(0.,-1.,0.));
#12979 = ADVANCED_FACE('',(#12980),#13005,.T.);
#12980 = FACE_BOUND('',#12981,.T.);
#12981 = EDGE_LOOP('',(#12982,#12983,#12991,#12999));
#12982 = ORIENTED_EDGE('',*,*,#12961,.T.);
#12983 = ORIENTED_EDGE('',*,*,#12984,.T.);
#12984 = EDGE_CURVE('',#12954,#12985,#12987,.T.);
#12985 = VERTEX_POINT('',#12986);
#12986 = CARTESIAN_POINT('',(248.49375,-84.7875,1.59));
#12987 = LINE('',#12988,#12989);
#12988 = CARTESIAN_POINT('',(247.49375,-83.7875,1.59));
#12989 = VECTOR('',#12990,1.);
#12990 = DIRECTION('',(0.707106781187,-0.707106781187,0.));
#12991 = ORIENTED_EDGE('',*,*,#12992,.F.);
#12992 = EDGE_CURVE('',#12993,#12985,#12995,.T.);
#12993 = VERTEX_POINT('',#12994);
#12994 = CARTESIAN_POINT('',(248.49375,-84.7875,0.));
#12995 = LINE('',#12996,#12997);
#12996 = CARTESIAN_POINT('',(248.49375,-84.7875,0.));
#12997 = VECTOR('',#12998,1.);
#12998 = DIRECTION('',(0.,0.,1.));
#12999 = ORIENTED_EDGE('',*,*,#13000,.F.);
#13000 = EDGE_CURVE('',#12962,#12993,#13001,.T.);
#13001 = LINE('',#13002,#13003);
#13002 = CARTESIAN_POINT('',(247.49375,-83.7875,0.));
#13003 = VECTOR('',#13004,1.);
#13004 = DIRECTION('',(0.707106781187,-0.707106781187,0.));
#13005 = PLANE('',#13006);
#13006 = AXIS2_PLACEMENT_3D('',#13007,#13008,#13009);
#13007 = CARTESIAN_POINT('',(247.49375,-83.7875,0.));
#13008 = DIRECTION('',(0.707106781187,0.707106781187,-0.));
#13009 = DIRECTION('',(0.707106781187,-0.707106781187,0.));
#13010 = ADVANCED_FACE('',(#13011),#13036,.T.);
#13011 = FACE_BOUND('',#13012,.T.);
#13012 = EDGE_LOOP('',(#13013,#13014,#13022,#13030));
#13013 = ORIENTED_EDGE('',*,*,#12992,.T.);
#13014 = ORIENTED_EDGE('',*,*,#13015,.T.);
#13015 = EDGE_CURVE('',#12985,#13016,#13018,.T.);
#13016 = VERTEX_POINT('',#13017);
#13017 = CARTESIAN_POINT('',(261.09375,-84.7875,1.59));
#13018 = LINE('',#13019,#13020);
#13019 = CARTESIAN_POINT('',(248.49375,-84.7875,1.59));
#13020 = VECTOR('',#13021,1.);
#13021 = DIRECTION('',(1.,0.,0.));
#13022 = ORIENTED_EDGE('',*,*,#13023,.F.);
#13023 = EDGE_CURVE('',#13024,#13016,#13026,.T.);
#13024 = VERTEX_POINT('',#13025);
#13025 = CARTESIAN_POINT('',(261.09375,-84.7875,0.));
#13026 = LINE('',#13027,#13028);
#13027 = CARTESIAN_POINT('',(261.09375,-84.7875,0.));
#13028 = VECTOR('',#13029,1.);
#13029 = DIRECTION('',(0.,0.,1.));
#13030 = ORIENTED_EDGE('',*,*,#13031,.F.);
#13031 = EDGE_CURVE('',#12993,#13024,#13032,.T.);
#13032 = LINE('',#13033,#13034);
#13033 = CARTESIAN_POINT('',(248.49375,-84.7875,0.));
#13034 = VECTOR('',#13035,1.);
#13035 = DIRECTION('',(1.,0.,0.));
#13036 = PLANE('',#13037);
#13037 = AXIS2_PLACEMENT_3D('',#13038,#13039,#13040);
#13038 = CARTESIAN_POINT('',(248.49375,-84.7875,0.));
#13039 = DIRECTION('',(0.,1.,0.));
#13040 = DIRECTION('',(1.,0.,0.));
#13041 = ADVANCED_FACE('',(#13042),#13067,.T.);
#13042 = FACE_BOUND('',#13043,.T.);
#13043 = EDGE_LOOP('',(#13044,#13045,#13053,#13061));
#13044 = ORIENTED_EDGE('',*,*,#13023,.T.);
#13045 = ORIENTED_EDGE('',*,*,#13046,.T.);
#13046 = EDGE_CURVE('',#13016,#13047,#13049,.T.);
#13047 = VERTEX_POINT('',#13048);
#13048 = CARTESIAN_POINT('',(262.09375,-83.7875,1.59));
#13049 = LINE('',#13050,#13051);
#13050 = CARTESIAN_POINT('',(261.09375,-84.7875,1.59));
#13051 = VECTOR('',#13052,1.);
#13052 = DIRECTION('',(0.707106781187,0.707106781187,0.));
#13053 = ORIENTED_EDGE('',*,*,#13054,.F.);
#13054 = EDGE_CURVE('',#13055,#13047,#13057,.T.);
#13055 = VERTEX_POINT('',#13056);
#13056 = CARTESIAN_POINT('',(262.09375,-83.7875,0.));
#13057 = LINE('',#13058,#13059);
#13058 = CARTESIAN_POINT('',(262.09375,-83.7875,0.));
#13059 = VECTOR('',#13060,1.);
#13060 = DIRECTION('',(0.,0.,1.));
#13061 = ORIENTED_EDGE('',*,*,#13062,.F.);
#13062 = EDGE_CURVE('',#13024,#13055,#13063,.T.);
#13063 = LINE('',#13064,#13065);
#13064 = CARTESIAN_POINT('',(261.09375,-84.7875,0.));
#13065 = VECTOR('',#13066,1.);
#13066 = DIRECTION('',(0.707106781187,0.707106781187,0.));
#13067 = PLANE('',#13068);
#13068 = AXIS2_PLACEMENT_3D('',#13069,#13070,#13071);
#13069 = CARTESIAN_POINT('',(261.09375,-84.7875,0.));
#13070 = DIRECTION('',(-0.707106781187,0.707106781187,0.));
#13071 = DIRECTION('',(0.707106781187,0.707106781187,0.));
#13072 = ADVANCED_FACE('',(#13073),#13098,.T.);
#13073 = FACE_BOUND('',#13074,.T.);
#13074 = EDGE_LOOP('',(#13075,#13076,#13084,#13092));
#13075 = ORIENTED_EDGE('',*,*,#13054,.T.);
#13076 = ORIENTED_EDGE('',*,*,#13077,.T.);
#13077 = EDGE_CURVE('',#13047,#13078,#13080,.T.);
#13078 = VERTEX_POINT('',#13079);
#13079 = CARTESIAN_POINT('',(262.09375,-71.7875,1.59));
#13080 = LINE('',#13081,#13082);
#13081 = CARTESIAN_POINT('',(262.09375,-83.7875,1.59));
#13082 = VECTOR('',#13083,1.);
#13083 = DIRECTION('',(0.,1.,0.));
#13084 = ORIENTED_EDGE('',*,*,#13085,.F.);
#13085 = EDGE_CURVE('',#13086,#13078,#13088,.T.);
#13086 = VERTEX_POINT('',#13087);
#13087 = CARTESIAN_POINT('',(262.09375,-71.7875,0.));
#13088 = LINE('',#13089,#13090);
#13089 = CARTESIAN_POINT('',(262.09375,-71.7875,0.));
#13090 = VECTOR('',#13091,1.);
#13091 = DIRECTION('',(0.,0.,1.));
#13092 = ORIENTED_EDGE('',*,*,#13093,.F.);
#13093 = EDGE_CURVE('',#13055,#13086,#13094,.T.);
#13094 = LINE('',#13095,#13096);
#13095 = CARTESIAN_POINT('',(262.09375,-83.7875,0.));
#13096 = VECTOR('',#13097,1.);
#13097 = DIRECTION('',(0.,1.,0.));
#13098 = PLANE('',#13099);
#13099 = AXIS2_PLACEMENT_3D('',#13100,#13101,#13102);
#13100 = CARTESIAN_POINT('',(262.09375,-83.7875,0.));
#13101 = DIRECTION('',(-1.,0.,0.));
#13102 = DIRECTION('',(0.,1.,0.));
#13103 = ADVANCED_FACE('',(#13104),#13129,.T.);
#13104 = FACE_BOUND('',#13105,.T.);
#13105 = EDGE_LOOP('',(#13106,#13107,#13115,#13123));
#13106 = ORIENTED_EDGE('',*,*,#13085,.T.);
#13107 = ORIENTED_EDGE('',*,*,#13108,.T.);
#13108 = EDGE_CURVE('',#13078,#13109,#13111,.T.);
#13109 = VERTEX_POINT('',#13110);
#13110 = CARTESIAN_POINT('',(261.09375,-70.7875,1.59));
#13111 = LINE('',#13112,#13113);
#13112 = CARTESIAN_POINT('',(262.09375,-71.7875,1.59));
#13113 = VECTOR('',#13114,1.);
#13114 = DIRECTION('',(-0.707106781187,0.707106781187,0.));
#13115 = ORIENTED_EDGE('',*,*,#13116,.F.);
#13116 = EDGE_CURVE('',#13117,#13109,#13119,.T.);
#13117 = VERTEX_POINT('',#13118);
#13118 = CARTESIAN_POINT('',(261.09375,-70.7875,0.));
#13119 = LINE('',#13120,#13121);
#13120 = CARTESIAN_POINT('',(261.09375,-70.7875,0.));
#13121 = VECTOR('',#13122,1.);
#13122 = DIRECTION('',(0.,0.,1.));
#13123 = ORIENTED_EDGE('',*,*,#13124,.F.);
#13124 = EDGE_CURVE('',#13086,#13117,#13125,.T.);
#13125 = LINE('',#13126,#13127);
#13126 = CARTESIAN_POINT('',(262.09375,-71.7875,0.));
#13127 = VECTOR('',#13128,1.);
#13128 = DIRECTION('',(-0.707106781187,0.707106781187,0.));
#13129 = PLANE('',#13130);
#13130 = AXIS2_PLACEMENT_3D('',#13131,#13132,#13133);
#13131 = CARTESIAN_POINT('',(262.09375,-71.7875,0.));
#13132 = DIRECTION('',(-0.707106781187,-0.707106781187,0.));
#13133 = DIRECTION('',(-0.707106781187,0.707106781187,0.));
#13134 = ADVANCED_FACE('',(#13135),#13160,.T.);
#13135 = FACE_BOUND('',#13136,.T.);
#13136 = EDGE_LOOP('',(#13137,#13138,#13146,#13154));
#13137 = ORIENTED_EDGE('',*,*,#13116,.T.);
#13138 = ORIENTED_EDGE('',*,*,#13139,.T.);
#13139 = EDGE_CURVE('',#13109,#13140,#13142,.T.);
#13140 = VERTEX_POINT('',#13141);
#13141 = CARTESIAN_POINT('',(248.49375,-70.7875,1.59));
#13142 = LINE('',#13143,#13144);
#13143 = CARTESIAN_POINT('',(261.09375,-70.7875,1.59));
#13144 = VECTOR('',#13145,1.);
#13145 = DIRECTION('',(-1.,0.,0.));
#13146 = ORIENTED_EDGE('',*,*,#13147,.F.);
#13147 = EDGE_CURVE('',#13148,#13140,#13150,.T.);
#13148 = VERTEX_POINT('',#13149);
#13149 = CARTESIAN_POINT('',(248.49375,-70.7875,0.));
#13150 = LINE('',#13151,#13152);
#13151 = CARTESIAN_POINT('',(248.49375,-70.7875,0.));
#13152 = VECTOR('',#13153,1.);
#13153 = DIRECTION('',(0.,0.,1.));
#13154 = ORIENTED_EDGE('',*,*,#13155,.F.);
#13155 = EDGE_CURVE('',#13117,#13148,#13156,.T.);
#13156 = LINE('',#13157,#13158);
#13157 = CARTESIAN_POINT('',(261.09375,-70.7875,0.));
#13158 = VECTOR('',#13159,1.);
#13159 = DIRECTION('',(-1.,0.,0.));
#13160 = PLANE('',#13161);
#13161 = AXIS2_PLACEMENT_3D('',#13162,#13163,#13164);
#13162 = CARTESIAN_POINT('',(261.09375,-70.7875,0.));
#13163 = DIRECTION('',(0.,-1.,0.));
#13164 = DIRECTION('',(-1.,0.,0.));
#13165 = ADVANCED_FACE('',(#13166),#13182,.T.);
#13166 = FACE_BOUND('',#13167,.T.);
#13167 = EDGE_LOOP('',(#13168,#13169,#13175,#13176));
#13168 = ORIENTED_EDGE('',*,*,#13147,.T.);
#13169 = ORIENTED_EDGE('',*,*,#13170,.T.);
#13170 = EDGE_CURVE('',#13140,#12946,#13171,.T.);
#13171 = LINE('',#13172,#13173);
#13172 = CARTESIAN_POINT('',(248.49375,-70.7875,1.59));
#13173 = VECTOR('',#13174,1.);
#13174 = DIRECTION('',(-0.707106781187,-0.707106781187,0.));
#13175 = ORIENTED_EDGE('',*,*,#12943,.F.);
#13176 = ORIENTED_EDGE('',*,*,#13177,.F.);
#13177 = EDGE_CURVE('',#13148,#12944,#13178,.T.);
#13178 = LINE('',#13179,#13180);
#13179 = CARTESIAN_POINT('',(248.49375,-70.7875,0.));
#13180 = VECTOR('',#13181,1.);
#13181 = DIRECTION('',(-0.707106781187,-0.707106781187,0.));
#13182 = PLANE('',#13183);
#13183 = AXIS2_PLACEMENT_3D('',#13184,#13185,#13186);
#13184 = CARTESIAN_POINT('',(248.49375,-70.7875,0.));
#13185 = DIRECTION('',(0.707106781187,-0.707106781187,0.));
#13186 = DIRECTION('',(-0.707106781187,-0.707106781187,0.));
#13187 = ADVANCED_FACE('',(#13188),#13215,.F.);
#13188 = FACE_BOUND('',#13189,.T.);
#13189 = EDGE_LOOP('',(#13190,#13200,#13207,#13208));
#13190 = ORIENTED_EDGE('',*,*,#13191,.T.);
#13191 = EDGE_CURVE('',#13192,#13194,#13196,.T.);
#13192 = VERTEX_POINT('',#13193);
#13193 = CARTESIAN_POINT('',(48.425,-77.7875,0.));
#13194 = VERTEX_POINT('',#13195);
#13195 = CARTESIAN_POINT('',(48.425,-77.7875,1.59));
#13196 = LINE('',#13197,#13198);
#13197 = CARTESIAN_POINT('',(48.425,-77.7875,0.));
#13198 = VECTOR('',#13199,1.);
#13199 = DIRECTION('',(0.,0.,1.));
#13200 = ORIENTED_EDGE('',*,*,#13201,.T.);
#13201 = EDGE_CURVE('',#13194,#13194,#13202,.T.);
#13202 = CIRCLE('',#13203,0.8);
#13203 = AXIS2_PLACEMENT_3D('',#13204,#13205,#13206);
#13204 = CARTESIAN_POINT('',(47.625,-77.7875,1.59));
#13205 = DIRECTION('',(0.,0.,1.));
#13206 = DIRECTION('',(1.,0.,-0.));
#13207 = ORIENTED_EDGE('',*,*,#13191,.F.);
#13208 = ORIENTED_EDGE('',*,*,#13209,.F.);
#13209 = EDGE_CURVE('',#13192,#13192,#13210,.T.);
#13210 = CIRCLE('',#13211,0.8);
#13211 = AXIS2_PLACEMENT_3D('',#13212,#13213,#13214);
#13212 = CARTESIAN_POINT('',(47.625,-77.7875,0.));
#13213 = DIRECTION('',(0.,0.,1.));
#13214 = DIRECTION('',(1.,0.,-0.));
#13215 = CYLINDRICAL_SURFACE('',#13216,0.8);
#13216 = AXIS2_PLACEMENT_3D('',#13217,#13218,#13219);
#13217 = CARTESIAN_POINT('',(47.625,-77.7875,0.));
#13218 = DIRECTION('',(-0.,-0.,-1.));
#13219 = DIRECTION('',(1.,0.,-0.));
#13220 = ADVANCED_FACE('',(#13221),#13248,.F.);
#13221 = FACE_BOUND('',#13222,.T.);
#13222 = EDGE_LOOP('',(#13223,#13233,#13240,#13241));
#13223 = ORIENTED_EDGE('',*,*,#13224,.T.);
#13224 = EDGE_CURVE('',#13225,#13227,#13229,.T.);
#13225 = VERTEX_POINT('',#13226);
#13226 = CARTESIAN_POINT('',(105.575,-77.7875,0.));
#13227 = VERTEX_POINT('',#13228);
#13228 = CARTESIAN_POINT('',(105.575,-77.7875,1.59));
#13229 = LINE('',#13230,#13231);
#13230 = CARTESIAN_POINT('',(105.575,-77.7875,0.));
#13231 = VECTOR('',#13232,1.);
#13232 = DIRECTION('',(0.,0.,1.));
#13233 = ORIENTED_EDGE('',*,*,#13234,.T.);
#13234 = EDGE_CURVE('',#13227,#13227,#13235,.T.);
#13235 = CIRCLE('',#13236,0.8);
#13236 = AXIS2_PLACEMENT_3D('',#13237,#13238,#13239);
#13237 = CARTESIAN_POINT('',(104.775,-77.7875,1.59));
#13238 = DIRECTION('',(0.,0.,1.));
#13239 = DIRECTION('',(1.,0.,-0.));
#13240 = ORIENTED_EDGE('',*,*,#13224,.F.);
#13241 = ORIENTED_EDGE('',*,*,#13242,.F.);
#13242 = EDGE_CURVE('',#13225,#13225,#13243,.T.);
#13243 = CIRCLE('',#13244,0.8);
#13244 = AXIS2_PLACEMENT_3D('',#13245,#13246,#13247);
#13245 = CARTESIAN_POINT('',(104.775,-77.7875,0.));
#13246 = DIRECTION('',(0.,0.,1.));
#13247 = DIRECTION('',(1.,0.,-0.));
#13248 = CYLINDRICAL_SURFACE('',#13249,0.8);
#13249 = AXIS2_PLACEMENT_3D('',#13250,#13251,#13252);
#13250 = CARTESIAN_POINT('',(104.775,-77.7875,0.));
#13251 = DIRECTION('',(-0.,-0.,-1.));
#13252 = DIRECTION('',(1.,0.,-0.));
#13253 = ADVANCED_FACE('',(#13254),#13281,.F.);
#13254 = FACE_BOUND('',#13255,.T.);
#13255 = EDGE_LOOP('',(#13256,#13266,#13273,#13274));
#13256 = ORIENTED_EDGE('',*,*,#13257,.T.);
#13257 = EDGE_CURVE('',#13258,#13260,#13262,.T.);
#13258 = VERTEX_POINT('',#13259);
#13259 = CARTESIAN_POINT('',(162.725,-77.7875,0.));
#13260 = VERTEX_POINT('',#13261);
#13261 = CARTESIAN_POINT('',(162.725,-77.7875,1.59));
#13262 = LINE('',#13263,#13264);
#13263 = CARTESIAN_POINT('',(162.725,-77.7875,0.));
#13264 = VECTOR('',#13265,1.);
#13265 = DIRECTION('',(0.,0.,1.));
#13266 = ORIENTED_EDGE('',*,*,#13267,.T.);
#13267 = EDGE_CURVE('',#13260,#13260,#13268,.T.);
#13268 = CIRCLE('',#13269,0.8);
#13269 = AXIS2_PLACEMENT_3D('',#13270,#13271,#13272);
#13270 = CARTESIAN_POINT('',(161.925,-77.7875,1.59));
#13271 = DIRECTION('',(0.,0.,1.));
#13272 = DIRECTION('',(1.,0.,-0.));
#13273 = ORIENTED_EDGE('',*,*,#13257,.F.);
#13274 = ORIENTED_EDGE('',*,*,#13275,.F.);
#13275 = EDGE_CURVE('',#13258,#13258,#13276,.T.);
#13276 = CIRCLE('',#13277,0.8);
#13277 = AXIS2_PLACEMENT_3D('',#13278,#13279,#13280);
#13278 = CARTESIAN_POINT('',(161.925,-77.7875,0.));
#13279 = DIRECTION('',(0.,0.,1.));
#13280 = DIRECTION('',(1.,0.,-0.));
#13281 = CYLINDRICAL_SURFACE('',#13282,0.8);
#13282 = AXIS2_PLACEMENT_3D('',#13283,#13284,#13285);
#13283 = CARTESIAN_POINT('',(161.925,-77.7875,0.));
#13284 = DIRECTION('',(-0.,-0.,-1.));
#13285 = DIRECTION('',(1.,0.,-0.));
#13286 = ADVANCED_FACE('',(#13287),#13314,.F.);
#13287 = FACE_BOUND('',#13288,.T.);
#13288 = EDGE_LOOP('',(#13289,#13299,#13306,#13307));
#13289 = ORIENTED_EDGE('',*,*,#13290,.T.);
#13290 = EDGE_CURVE('',#13291,#13293,#13295,.T.);
#13291 = VERTEX_POINT('',#13292);
#13292 = CARTESIAN_POINT('',(219.875,-77.7875,0.));
#13293 = VERTEX_POINT('',#13294);
#13294 = CARTESIAN_POINT('',(219.875,-77.7875,1.59));
#13295 = LINE('',#13296,#13297);
#13296 = CARTESIAN_POINT('',(219.875,-77.7875,0.));
#13297 = VECTOR('',#13298,1.);
#13298 = DIRECTION('',(0.,0.,1.));
#13299 = ORIENTED_EDGE('',*,*,#13300,.T.);
#13300 = EDGE_CURVE('',#13293,#13293,#13301,.T.);
#13301 = CIRCLE('',#13302,0.8);
#13302 = AXIS2_PLACEMENT_3D('',#13303,#13304,#13305);
#13303 = CARTESIAN_POINT('',(219.075,-77.7875,1.59));
#13304 = DIRECTION('',(0.,0.,1.));
#13305 = DIRECTION('',(1.,0.,-0.));
#13306 = ORIENTED_EDGE('',*,*,#13290,.F.);
#13307 = ORIENTED_EDGE('',*,*,#13308,.F.);
#13308 = EDGE_CURVE('',#13291,#13291,#13309,.T.);
#13309 = CIRCLE('',#13310,0.8);
#13310 = AXIS2_PLACEMENT_3D('',#13311,#13312,#13313);
#13311 = CARTESIAN_POINT('',(219.075,-77.7875,0.));
#13312 = DIRECTION('',(0.,0.,1.));
#13313 = DIRECTION('',(1.,0.,-0.));
#13314 = CYLINDRICAL_SURFACE('',#13315,0.8);
#13315 = AXIS2_PLACEMENT_3D('',#13316,#13317,#13318);
#13316 = CARTESIAN_POINT('',(219.075,-77.7875,0.));
#13317 = DIRECTION('',(-0.,-0.,-1.));
#13318 = DIRECTION('',(1.,0.,-0.));
#13319 = ADVANCED_FACE('',(#13320),#13347,.F.);
#13320 = FACE_BOUND('',#13321,.T.);
#13321 = EDGE_LOOP('',(#13322,#13332,#13339,#13340));
#13322 = ORIENTED_EDGE('',*,*,#13323,.T.);
#13323 = EDGE_CURVE('',#13324,#13326,#13328,.T.);
#13324 = VERTEX_POINT('',#13325);
#13325 = CARTESIAN_POINT('',(265.11875,-77.7875,0.));
#13326 = VERTEX_POINT('',#13327);
#13327 = CARTESIAN_POINT('',(265.11875,-77.7875,1.59));
#13328 = LINE('',#13329,#13330);
#13329 = CARTESIAN_POINT('',(265.11875,-77.7875,0.));
#13330 = VECTOR('',#13331,1.);
#13331 = DIRECTION('',(0.,0.,1.));
#13332 = ORIENTED_EDGE('',*,*,#13333,.T.);
#13333 = EDGE_CURVE('',#13326,#13326,#13334,.T.);
#13334 = CIRCLE('',#13335,0.8);
#13335 = AXIS2_PLACEMENT_3D('',#13336,#13337,#13338);
#13336 = CARTESIAN_POINT('',(264.31875,-77.7875,1.59));
#13337 = DIRECTION('',(0.,0.,1.));
#13338 = DIRECTION('',(1.,0.,-0.));
#13339 = ORIENTED_EDGE('',*,*,#13323,.F.);
#13340 = ORIENTED_EDGE('',*,*,#13341,.F.);
#13341 = EDGE_CURVE('',#13324,#13324,#13342,.T.);
#13342 = CIRCLE('',#13343,0.8);
#13343 = AXIS2_PLACEMENT_3D('',#13344,#13345,#13346);
#13344 = CARTESIAN_POINT('',(264.31875,-77.7875,0.));
#13345 = DIRECTION('',(0.,0.,1.));
#13346 = DIRECTION('',(1.,0.,-0.));
#13347 = CYLINDRICAL_SURFACE('',#13348,0.8);
#13348 = AXIS2_PLACEMENT_3D('',#13349,#13350,#13351);
#13349 = CARTESIAN_POINT('',(264.31875,-77.7875,0.));
#13350 = DIRECTION('',(-0.,-0.,-1.));
#13351 = DIRECTION('',(1.,0.,-0.));
#13352 = ADVANCED_FACE('',(#13353),#13387,.T.);
#13353 = FACE_BOUND('',#13354,.T.);
#13354 = EDGE_LOOP('',(#13355,#13365,#13373,#13381));
#13355 = ORIENTED_EDGE('',*,*,#13356,.T.);
#13356 = EDGE_CURVE('',#13357,#13359,#13361,.T.);
#13357 = VERTEX_POINT('',#13358);
#13358 = CARTESIAN_POINT('',(40.325,-52.7375,0.));
#13359 = VERTEX_POINT('',#13360);
#13360 = CARTESIAN_POINT('',(40.325,-52.7375,1.59));
#13361 = LINE('',#13362,#13363);
#13362 = CARTESIAN_POINT('',(40.325,-52.7375,0.));
#13363 = VECTOR('',#13364,1.);
#13364 = DIRECTION('',(0.,0.,1.));
#13365 = ORIENTED_EDGE('',*,*,#13366,.T.);
#13366 = EDGE_CURVE('',#13359,#13367,#13369,.T.);
#13367 = VERTEX_POINT('',#13368);
#13368 = CARTESIAN_POINT('',(40.325,-64.7375,1.59));
#13369 = LINE('',#13370,#13371);
#13370 = CARTESIAN_POINT('',(40.325,-52.7375,1.59));
#13371 = VECTOR('',#13372,1.);
#13372 = DIRECTION('',(0.,-1.,0.));
#13373 = ORIENTED_EDGE('',*,*,#13374,.F.);
#13374 = EDGE_CURVE('',#13375,#13367,#13377,.T.);
#13375 = VERTEX_POINT('',#13376);
#13376 = CARTESIAN_POINT('',(40.325,-64.7375,0.));
#13377 = LINE('',#13378,#13379);
#13378 = CARTESIAN_POINT('',(40.325,-64.7375,0.));
#13379 = VECTOR('',#13380,1.);
#13380 = DIRECTION('',(0.,0.,1.));
#13381 = ORIENTED_EDGE('',*,*,#13382,.F.);
#13382 = EDGE_CURVE('',#13357,#13375,#13383,.T.);
#13383 = LINE('',#13384,#13385);
#13384 = CARTESIAN_POINT('',(40.325,-52.7375,0.));
#13385 = VECTOR('',#13386,1.);
#13386 = DIRECTION('',(0.,-1.,0.));
#13387 = PLANE('',#13388);
#13388 = AXIS2_PLACEMENT_3D('',#13389,#13390,#13391);
#13389 = CARTESIAN_POINT('',(40.325,-52.7375,0.));
#13390 = DIRECTION('',(1.,0.,-0.));
#13391 = DIRECTION('',(0.,-1.,0.));
#13392 = ADVANCED_FACE('',(#13393),#13418,.T.);
#13393 = FACE_BOUND('',#13394,.T.);
#13394 = EDGE_LOOP('',(#13395,#13396,#13404,#13412));
#13395 = ORIENTED_EDGE('',*,*,#13374,.T.);
#13396 = ORIENTED_EDGE('',*,*,#13397,.T.);
#13397 = EDGE_CURVE('',#13367,#13398,#13400,.T.);
#13398 = VERTEX_POINT('',#13399);
#13399 = CARTESIAN_POINT('',(41.325,-65.7375,1.59));
#13400 = LINE('',#13401,#13402);
#13401 = CARTESIAN_POINT('',(40.325,-64.7375,1.59));
#13402 = VECTOR('',#13403,1.);
#13403 = DIRECTION('',(0.707106781187,-0.707106781187,0.));
#13404 = ORIENTED_EDGE('',*,*,#13405,.F.);
#13405 = EDGE_CURVE('',#13406,#13398,#13408,.T.);
#13406 = VERTEX_POINT('',#13407);
#13407 = CARTESIAN_POINT('',(41.325,-65.7375,0.));
#13408 = LINE('',#13409,#13410);
#13409 = CARTESIAN_POINT('',(41.325,-65.7375,0.));
#13410 = VECTOR('',#13411,1.);
#13411 = DIRECTION('',(0.,0.,1.));
#13412 = ORIENTED_EDGE('',*,*,#13413,.F.);
#13413 = EDGE_CURVE('',#13375,#13406,#13414,.T.);
#13414 = LINE('',#13415,#13416);
#13415 = CARTESIAN_POINT('',(40.325,-64.7375,0.));
#13416 = VECTOR('',#13417,1.);
#13417 = DIRECTION('',(0.707106781187,-0.707106781187,0.));
#13418 = PLANE('',#13419);
#13419 = AXIS2_PLACEMENT_3D('',#13420,#13421,#13422);
#13420 = CARTESIAN_POINT('',(40.325,-64.7375,0.));
#13421 = DIRECTION('',(0.707106781187,0.707106781187,-0.));
#13422 = DIRECTION('',(0.707106781187,-0.707106781187,0.));
#13423 = ADVANCED_FACE('',(#13424),#13449,.T.);
#13424 = FACE_BOUND('',#13425,.T.);
#13425 = EDGE_LOOP('',(#13426,#13427,#13435,#13443));
#13426 = ORIENTED_EDGE('',*,*,#13405,.T.);
#13427 = ORIENTED_EDGE('',*,*,#13428,.T.);
#13428 = EDGE_CURVE('',#13398,#13429,#13431,.T.);
#13429 = VERTEX_POINT('',#13430);
#13430 = CARTESIAN_POINT('',(53.925,-65.7375,1.59));
#13431 = LINE('',#13432,#13433);
#13432 = CARTESIAN_POINT('',(41.325,-65.7375,1.59));
#13433 = VECTOR('',#13434,1.);
#13434 = DIRECTION('',(1.,0.,0.));
#13435 = ORIENTED_EDGE('',*,*,#13436,.F.);
#13436 = EDGE_CURVE('',#13437,#13429,#13439,.T.);
#13437 = VERTEX_POINT('',#13438);
#13438 = CARTESIAN_POINT('',(53.925,-65.7375,0.));
#13439 = LINE('',#13440,#13441);
#13440 = CARTESIAN_POINT('',(53.925,-65.7375,0.));
#13441 = VECTOR('',#13442,1.);
#13442 = DIRECTION('',(0.,0.,1.));
#13443 = ORIENTED_EDGE('',*,*,#13444,.F.);
#13444 = EDGE_CURVE('',#13406,#13437,#13445,.T.);
#13445 = LINE('',#13446,#13447);
#13446 = CARTESIAN_POINT('',(41.325,-65.7375,0.));
#13447 = VECTOR('',#13448,1.);
#13448 = DIRECTION('',(1.,0.,0.));
#13449 = PLANE('',#13450);
#13450 = AXIS2_PLACEMENT_3D('',#13451,#13452,#13453);
#13451 = CARTESIAN_POINT('',(41.325,-65.7375,0.));
#13452 = DIRECTION('',(0.,1.,0.));
#13453 = DIRECTION('',(1.,0.,0.));
#13454 = ADVANCED_FACE('',(#13455),#13480,.T.);
#13455 = FACE_BOUND('',#13456,.T.);
#13456 = EDGE_LOOP('',(#13457,#13458,#13466,#13474));
#13457 = ORIENTED_EDGE('',*,*,#13436,.T.);
#13458 = ORIENTED_EDGE('',*,*,#13459,.T.);
#13459 = EDGE_CURVE('',#13429,#13460,#13462,.T.);
#13460 = VERTEX_POINT('',#13461);
#13461 = CARTESIAN_POINT('',(54.925,-64.7375,1.59));
#13462 = LINE('',#13463,#13464);
#13463 = CARTESIAN_POINT('',(53.925,-65.7375,1.59));
#13464 = VECTOR('',#13465,1.);
#13465 = DIRECTION('',(0.707106781187,0.707106781187,0.));
#13466 = ORIENTED_EDGE('',*,*,#13467,.F.);
#13467 = EDGE_CURVE('',#13468,#13460,#13470,.T.);
#13468 = VERTEX_POINT('',#13469);
#13469 = CARTESIAN_POINT('',(54.925,-64.7375,0.));
#13470 = LINE('',#13471,#13472);
#13471 = CARTESIAN_POINT('',(54.925,-64.7375,0.));
#13472 = VECTOR('',#13473,1.);
#13473 = DIRECTION('',(0.,0.,1.));
#13474 = ORIENTED_EDGE('',*,*,#13475,.F.);
#13475 = EDGE_CURVE('',#13437,#13468,#13476,.T.);
#13476 = LINE('',#13477,#13478);
#13477 = CARTESIAN_POINT('',(53.925,-65.7375,0.));
#13478 = VECTOR('',#13479,1.);
#13479 = DIRECTION('',(0.707106781187,0.707106781187,0.));
#13480 = PLANE('',#13481);
#13481 = AXIS2_PLACEMENT_3D('',#13482,#13483,#13484);
#13482 = CARTESIAN_POINT('',(53.925,-65.7375,0.));
#13483 = DIRECTION('',(-0.707106781187,0.707106781187,0.));
#13484 = DIRECTION('',(0.707106781187,0.707106781187,0.));
#13485 = ADVANCED_FACE('',(#13486),#13511,.T.);
#13486 = FACE_BOUND('',#13487,.T.);
#13487 = EDGE_LOOP('',(#13488,#13489,#13497,#13505));
#13488 = ORIENTED_EDGE('',*,*,#13467,.T.);
#13489 = ORIENTED_EDGE('',*,*,#13490,.T.);
#13490 = EDGE_CURVE('',#13460,#13491,#13493,.T.);
#13491 = VERTEX_POINT('',#13492);
#13492 = CARTESIAN_POINT('',(54.925,-52.7375,1.59));
#13493 = LINE('',#13494,#13495);
#13494 = CARTESIAN_POINT('',(54.925,-64.7375,1.59));
#13495 = VECTOR('',#13496,1.);
#13496 = DIRECTION('',(0.,1.,0.));
#13497 = ORIENTED_EDGE('',*,*,#13498,.F.);
#13498 = EDGE_CURVE('',#13499,#13491,#13501,.T.);
#13499 = VERTEX_POINT('',#13500);
#13500 = CARTESIAN_POINT('',(54.925,-52.7375,0.));
#13501 = LINE('',#13502,#13503);
#13502 = CARTESIAN_POINT('',(54.925,-52.7375,0.));
#13503 = VECTOR('',#13504,1.);
#13504 = DIRECTION('',(0.,0.,1.));
#13505 = ORIENTED_EDGE('',*,*,#13506,.F.);
#13506 = EDGE_CURVE('',#13468,#13499,#13507,.T.);
#13507 = LINE('',#13508,#13509);
#13508 = CARTESIAN_POINT('',(54.925,-64.7375,0.));
#13509 = VECTOR('',#13510,1.);
#13510 = DIRECTION('',(0.,1.,0.));
#13511 = PLANE('',#13512);
#13512 = AXIS2_PLACEMENT_3D('',#13513,#13514,#13515);
#13513 = CARTESIAN_POINT('',(54.925,-64.7375,0.));
#13514 = DIRECTION('',(-1.,0.,0.));
#13515 = DIRECTION('',(0.,1.,0.));
#13516 = ADVANCED_FACE('',(#13517),#13542,.T.);
#13517 = FACE_BOUND('',#13518,.T.);
#13518 = EDGE_LOOP('',(#13519,#13520,#13528,#13536));
#13519 = ORIENTED_EDGE('',*,*,#13498,.T.);
#13520 = ORIENTED_EDGE('',*,*,#13521,.T.);
#13521 = EDGE_CURVE('',#13491,#13522,#13524,.T.);
#13522 = VERTEX_POINT('',#13523);
#13523 = CARTESIAN_POINT('',(53.925,-51.7375,1.59));
#13524 = LINE('',#13525,#13526);
#13525 = CARTESIAN_POINT('',(54.925,-52.7375,1.59));
#13526 = VECTOR('',#13527,1.);
#13527 = DIRECTION('',(-0.707106781187,0.707106781187,0.));
#13528 = ORIENTED_EDGE('',*,*,#13529,.F.);
#13529 = EDGE_CURVE('',#13530,#13522,#13532,.T.);
#13530 = VERTEX_POINT('',#13531);
#13531 = CARTESIAN_POINT('',(53.925,-51.7375,0.));
#13532 = LINE('',#13533,#13534);
#13533 = CARTESIAN_POINT('',(53.925,-51.7375,0.));
#13534 = VECTOR('',#13535,1.);
#13535 = DIRECTION('',(0.,0.,1.));
#13536 = ORIENTED_EDGE('',*,*,#13537,.F.);
#13537 = EDGE_CURVE('',#13499,#13530,#13538,.T.);
#13538 = LINE('',#13539,#13540);
#13539 = CARTESIAN_POINT('',(54.925,-52.7375,0.));
#13540 = VECTOR('',#13541,1.);
#13541 = DIRECTION('',(-0.707106781187,0.707106781187,0.));
#13542 = PLANE('',#13543);
#13543 = AXIS2_PLACEMENT_3D('',#13544,#13545,#13546);
#13544 = CARTESIAN_POINT('',(54.925,-52.7375,0.));
#13545 = DIRECTION('',(-0.707106781187,-0.707106781187,0.));
#13546 = DIRECTION('',(-0.707106781187,0.707106781187,0.));
#13547 = ADVANCED_FACE('',(#13548),#13573,.T.);
#13548 = FACE_BOUND('',#13549,.T.);
#13549 = EDGE_LOOP('',(#13550,#13551,#13559,#13567));
#13550 = ORIENTED_EDGE('',*,*,#13529,.T.);
#13551 = ORIENTED_EDGE('',*,*,#13552,.T.);
#13552 = EDGE_CURVE('',#13522,#13553,#13555,.T.);
#13553 = VERTEX_POINT('',#13554);
#13554 = CARTESIAN_POINT('',(41.325,-51.7375,1.59));
#13555 = LINE('',#13556,#13557);
#13556 = CARTESIAN_POINT('',(53.925,-51.7375,1.59));
#13557 = VECTOR('',#13558,1.);
#13558 = DIRECTION('',(-1.,0.,0.));
#13559 = ORIENTED_EDGE('',*,*,#13560,.F.);
#13560 = EDGE_CURVE('',#13561,#13553,#13563,.T.);
#13561 = VERTEX_POINT('',#13562);
#13562 = CARTESIAN_POINT('',(41.325,-51.7375,0.));
#13563 = LINE('',#13564,#13565);
#13564 = CARTESIAN_POINT('',(41.325,-51.7375,0.));
#13565 = VECTOR('',#13566,1.);
#13566 = DIRECTION('',(0.,0.,1.));
#13567 = ORIENTED_EDGE('',*,*,#13568,.F.);
#13568 = EDGE_CURVE('',#13530,#13561,#13569,.T.);
#13569 = LINE('',#13570,#13571);
#13570 = CARTESIAN_POINT('',(53.925,-51.7375,0.));
#13571 = VECTOR('',#13572,1.);
#13572 = DIRECTION('',(-1.,0.,0.));
#13573 = PLANE('',#13574);
#13574 = AXIS2_PLACEMENT_3D('',#13575,#13576,#13577);
#13575 = CARTESIAN_POINT('',(53.925,-51.7375,0.));
#13576 = DIRECTION('',(0.,-1.,0.));
#13577 = DIRECTION('',(-1.,0.,0.));
#13578 = ADVANCED_FACE('',(#13579),#13595,.T.);
#13579 = FACE_BOUND('',#13580,.T.);
#13580 = EDGE_LOOP('',(#13581,#13582,#13588,#13589));
#13581 = ORIENTED_EDGE('',*,*,#13560,.T.);
#13582 = ORIENTED_EDGE('',*,*,#13583,.T.);
#13583 = EDGE_CURVE('',#13553,#13359,#13584,.T.);
#13584 = LINE('',#13585,#13586);
#13585 = CARTESIAN_POINT('',(41.325,-51.7375,1.59));
#13586 = VECTOR('',#13587,1.);
#13587 = DIRECTION('',(-0.707106781187,-0.707106781187,0.));
#13588 = ORIENTED_EDGE('',*,*,#13356,.F.);
#13589 = ORIENTED_EDGE('',*,*,#13590,.F.);
#13590 = EDGE_CURVE('',#13561,#13357,#13591,.T.);
#13591 = LINE('',#13592,#13593);
#13592 = CARTESIAN_POINT('',(41.325,-51.7375,0.));
#13593 = VECTOR('',#13594,1.);
#13594 = DIRECTION('',(-0.707106781187,-0.707106781187,0.));
#13595 = PLANE('',#13596);
#13596 = AXIS2_PLACEMENT_3D('',#13597,#13598,#13599);
#13597 = CARTESIAN_POINT('',(41.325,-51.7375,0.));
#13598 = DIRECTION('',(0.707106781187,-0.707106781187,0.));
#13599 = DIRECTION('',(-0.707106781187,-0.707106781187,0.));
#13600 = ADVANCED_FACE('',(#13601),#13635,.T.);
#13601 = FACE_BOUND('',#13602,.T.);
#13602 = EDGE_LOOP('',(#13603,#13613,#13621,#13629));
#13603 = ORIENTED_EDGE('',*,*,#13604,.T.);
#13604 = EDGE_CURVE('',#13605,#13607,#13609,.T.);
#13605 = VERTEX_POINT('',#13606);
#13606 = CARTESIAN_POINT('',(59.375,-52.7375,0.));
#13607 = VERTEX_POINT('',#13608);
#13608 = CARTESIAN_POINT('',(59.375,-52.7375,1.59));
#13609 = LINE('',#13610,#13611);
#13610 = CARTESIAN_POINT('',(59.375,-52.7375,0.));
#13611 = VECTOR('',#13612,1.);
#13612 = DIRECTION('',(0.,0.,1.));
#13613 = ORIENTED_EDGE('',*,*,#13614,.T.);
#13614 = EDGE_CURVE('',#13607,#13615,#13617,.T.);
#13615 = VERTEX_POINT('',#13616);
#13616 = CARTESIAN_POINT('',(59.375,-64.7375,1.59));
#13617 = LINE('',#13618,#13619);
#13618 = CARTESIAN_POINT('',(59.375,-52.7375,1.59));
#13619 = VECTOR('',#13620,1.);
#13620 = DIRECTION('',(0.,-1.,0.));
#13621 = ORIENTED_EDGE('',*,*,#13622,.F.);
#13622 = EDGE_CURVE('',#13623,#13615,#13625,.T.);
#13623 = VERTEX_POINT('',#13624);
#13624 = CARTESIAN_POINT('',(59.375,-64.7375,0.));
#13625 = LINE('',#13626,#13627);
#13626 = CARTESIAN_POINT('',(59.375,-64.7375,0.));
#13627 = VECTOR('',#13628,1.);
#13628 = DIRECTION('',(0.,0.,1.));
#13629 = ORIENTED_EDGE('',*,*,#13630,.F.);
#13630 = EDGE_CURVE('',#13605,#13623,#13631,.T.);
#13631 = LINE('',#13632,#13633);
#13632 = CARTESIAN_POINT('',(59.375,-52.7375,0.));
#13633 = VECTOR('',#13634,1.);
#13634 = DIRECTION('',(0.,-1.,0.));
#13635 = PLANE('',#13636);
#13636 = AXIS2_PLACEMENT_3D('',#13637,#13638,#13639);
#13637 = CARTESIAN_POINT('',(59.375,-52.7375,0.));
#13638 = DIRECTION('',(1.,0.,-0.));
#13639 = DIRECTION('',(0.,-1.,0.));
#13640 = ADVANCED_FACE('',(#13641),#13666,.T.);
#13641 = FACE_BOUND('',#13642,.T.);
#13642 = EDGE_LOOP('',(#13643,#13644,#13652,#13660));
#13643 = ORIENTED_EDGE('',*,*,#13622,.T.);
#13644 = ORIENTED_EDGE('',*,*,#13645,.T.);
#13645 = EDGE_CURVE('',#13615,#13646,#13648,.T.);
#13646 = VERTEX_POINT('',#13647);
#13647 = CARTESIAN_POINT('',(60.375,-65.7375,1.59));
#13648 = LINE('',#13649,#13650);
#13649 = CARTESIAN_POINT('',(59.375,-64.7375,1.59));
#13650 = VECTOR('',#13651,1.);
#13651 = DIRECTION('',(0.707106781187,-0.707106781187,0.));
#13652 = ORIENTED_EDGE('',*,*,#13653,.F.);
#13653 = EDGE_CURVE('',#13654,#13646,#13656,.T.);
#13654 = VERTEX_POINT('',#13655);
#13655 = CARTESIAN_POINT('',(60.375,-65.7375,0.));
#13656 = LINE('',#13657,#13658);
#13657 = CARTESIAN_POINT('',(60.375,-65.7375,0.));
#13658 = VECTOR('',#13659,1.);
#13659 = DIRECTION('',(0.,0.,1.));
#13660 = ORIENTED_EDGE('',*,*,#13661,.F.);
#13661 = EDGE_CURVE('',#13623,#13654,#13662,.T.);
#13662 = LINE('',#13663,#13664);
#13663 = CARTESIAN_POINT('',(59.375,-64.7375,0.));
#13664 = VECTOR('',#13665,1.);
#13665 = DIRECTION('',(0.707106781187,-0.707106781187,0.));
#13666 = PLANE('',#13667);
#13667 = AXIS2_PLACEMENT_3D('',#13668,#13669,#13670);
#13668 = CARTESIAN_POINT('',(59.375,-64.7375,0.));
#13669 = DIRECTION('',(0.707106781187,0.707106781187,-0.));
#13670 = DIRECTION('',(0.707106781187,-0.707106781187,0.));
#13671 = ADVANCED_FACE('',(#13672),#13697,.T.);
#13672 = FACE_BOUND('',#13673,.T.);
#13673 = EDGE_LOOP('',(#13674,#13675,#13683,#13691));
#13674 = ORIENTED_EDGE('',*,*,#13653,.T.);
#13675 = ORIENTED_EDGE('',*,*,#13676,.T.);
#13676 = EDGE_CURVE('',#13646,#13677,#13679,.T.);
#13677 = VERTEX_POINT('',#13678);
#13678 = CARTESIAN_POINT('',(72.975,-65.7375,1.59));
#13679 = LINE('',#13680,#13681);
#13680 = CARTESIAN_POINT('',(60.375,-65.7375,1.59));
#13681 = VECTOR('',#13682,1.);
#13682 = DIRECTION('',(1.,0.,0.));
#13683 = ORIENTED_EDGE('',*,*,#13684,.F.);
#13684 = EDGE_CURVE('',#13685,#13677,#13687,.T.);
#13685 = VERTEX_POINT('',#13686);
#13686 = CARTESIAN_POINT('',(72.975,-65.7375,0.));
#13687 = LINE('',#13688,#13689);
#13688 = CARTESIAN_POINT('',(72.975,-65.7375,0.));
#13689 = VECTOR('',#13690,1.);
#13690 = DIRECTION('',(0.,0.,1.));
#13691 = ORIENTED_EDGE('',*,*,#13692,.F.);
#13692 = EDGE_CURVE('',#13654,#13685,#13693,.T.);
#13693 = LINE('',#13694,#13695);
#13694 = CARTESIAN_POINT('',(60.375,-65.7375,0.));
#13695 = VECTOR('',#13696,1.);
#13696 = DIRECTION('',(1.,0.,0.));
#13697 = PLANE('',#13698);
#13698 = AXIS2_PLACEMENT_3D('',#13699,#13700,#13701);
#13699 = CARTESIAN_POINT('',(60.375,-65.7375,0.));
#13700 = DIRECTION('',(0.,1.,0.));
#13701 = DIRECTION('',(1.,0.,0.));
#13702 = ADVANCED_FACE('',(#13703),#13728,.T.);
#13703 = FACE_BOUND('',#13704,.T.);
#13704 = EDGE_LOOP('',(#13705,#13706,#13714,#13722));
#13705 = ORIENTED_EDGE('',*,*,#13684,.T.);
#13706 = ORIENTED_EDGE('',*,*,#13707,.T.);
#13707 = EDGE_CURVE('',#13677,#13708,#13710,.T.);
#13708 = VERTEX_POINT('',#13709);
#13709 = CARTESIAN_POINT('',(73.975,-64.7375,1.59));
#13710 = LINE('',#13711,#13712);
#13711 = CARTESIAN_POINT('',(72.975,-65.7375,1.59));
#13712 = VECTOR('',#13713,1.);
#13713 = DIRECTION('',(0.707106781187,0.707106781187,0.));
#13714 = ORIENTED_EDGE('',*,*,#13715,.F.);
#13715 = EDGE_CURVE('',#13716,#13708,#13718,.T.);
#13716 = VERTEX_POINT('',#13717);
#13717 = CARTESIAN_POINT('',(73.975,-64.7375,0.));
#13718 = LINE('',#13719,#13720);
#13719 = CARTESIAN_POINT('',(73.975,-64.7375,0.));
#13720 = VECTOR('',#13721,1.);
#13721 = DIRECTION('',(0.,0.,1.));
#13722 = ORIENTED_EDGE('',*,*,#13723,.F.);
#13723 = EDGE_CURVE('',#13685,#13716,#13724,.T.);
#13724 = LINE('',#13725,#13726);
#13725 = CARTESIAN_POINT('',(72.975,-65.7375,0.));
#13726 = VECTOR('',#13727,1.);
#13727 = DIRECTION('',(0.707106781187,0.707106781187,0.));
#13728 = PLANE('',#13729);
#13729 = AXIS2_PLACEMENT_3D('',#13730,#13731,#13732);
#13730 = CARTESIAN_POINT('',(72.975,-65.7375,0.));
#13731 = DIRECTION('',(-0.707106781187,0.707106781187,0.));
#13732 = DIRECTION('',(0.707106781187,0.707106781187,0.));
#13733 = ADVANCED_FACE('',(#13734),#13759,.T.);
#13734 = FACE_BOUND('',#13735,.T.);
#13735 = EDGE_LOOP('',(#13736,#13737,#13745,#13753));
#13736 = ORIENTED_EDGE('',*,*,#13715,.T.);
#13737 = ORIENTED_EDGE('',*,*,#13738,.T.);
#13738 = EDGE_CURVE('',#13708,#13739,#13741,.T.);
#13739 = VERTEX_POINT('',#13740);
#13740 = CARTESIAN_POINT('',(73.975,-52.7375,1.59));
#13741 = LINE('',#13742,#13743);
#13742 = CARTESIAN_POINT('',(73.975,-64.7375,1.59));
#13743 = VECTOR('',#13744,1.);
#13744 = DIRECTION('',(0.,1.,0.));
#13745 = ORIENTED_EDGE('',*,*,#13746,.F.);
#13746 = EDGE_CURVE('',#13747,#13739,#13749,.T.);
#13747 = VERTEX_POINT('',#13748);
#13748 = CARTESIAN_POINT('',(73.975,-52.7375,0.));
#13749 = LINE('',#13750,#13751);
#13750 = CARTESIAN_POINT('',(73.975,-52.7375,0.));
#13751 = VECTOR('',#13752,1.);
#13752 = DIRECTION('',(0.,0.,1.));
#13753 = ORIENTED_EDGE('',*,*,#13754,.F.);
#13754 = EDGE_CURVE('',#13716,#13747,#13755,.T.);
#13755 = LINE('',#13756,#13757);
#13756 = CARTESIAN_POINT('',(73.975,-64.7375,0.));
#13757 = VECTOR('',#13758,1.);
#13758 = DIRECTION('',(0.,1.,0.));
#13759 = PLANE('',#13760);
#13760 = AXIS2_PLACEMENT_3D('',#13761,#13762,#13763);
#13761 = CARTESIAN_POINT('',(73.975,-64.7375,0.));
#13762 = DIRECTION('',(-1.,0.,0.));
#13763 = DIRECTION('',(0.,1.,0.));
#13764 = ADVANCED_FACE('',(#13765),#13790,.T.);
#13765 = FACE_BOUND('',#13766,.T.);
#13766 = EDGE_LOOP('',(#13767,#13768,#13776,#13784));
#13767 = ORIENTED_EDGE('',*,*,#13746,.T.);
#13768 = ORIENTED_EDGE('',*,*,#13769,.T.);
#13769 = EDGE_CURVE('',#13739,#13770,#13772,.T.);
#13770 = VERTEX_POINT('',#13771);
#13771 = CARTESIAN_POINT('',(72.975,-51.7375,1.59));
#13772 = LINE('',#13773,#13774);
#13773 = CARTESIAN_POINT('',(73.975,-52.7375,1.59));
#13774 = VECTOR('',#13775,1.);
#13775 = DIRECTION('',(-0.707106781187,0.707106781187,0.));
#13776 = ORIENTED_EDGE('',*,*,#13777,.F.);
#13777 = EDGE_CURVE('',#13778,#13770,#13780,.T.);
#13778 = VERTEX_POINT('',#13779);
#13779 = CARTESIAN_POINT('',(72.975,-51.7375,0.));
#13780 = LINE('',#13781,#13782);
#13781 = CARTESIAN_POINT('',(72.975,-51.7375,0.));
#13782 = VECTOR('',#13783,1.);
#13783 = DIRECTION('',(0.,0.,1.));
#13784 = ORIENTED_EDGE('',*,*,#13785,.F.);
#13785 = EDGE_CURVE('',#13747,#13778,#13786,.T.);
#13786 = LINE('',#13787,#13788);
#13787 = CARTESIAN_POINT('',(73.975,-52.7375,0.));
#13788 = VECTOR('',#13789,1.);
#13789 = DIRECTION('',(-0.707106781187,0.707106781187,0.));
#13790 = PLANE('',#13791);
#13791 = AXIS2_PLACEMENT_3D('',#13792,#13793,#13794);
#13792 = CARTESIAN_POINT('',(73.975,-52.7375,0.));
#13793 = DIRECTION('',(-0.707106781187,-0.707106781187,0.));
#13794 = DIRECTION('',(-0.707106781187,0.707106781187,0.));
#13795 = ADVANCED_FACE('',(#13796),#13821,.T.);
#13796 = FACE_BOUND('',#13797,.T.);
#13797 = EDGE_LOOP('',(#13798,#13799,#13807,#13815));
#13798 = ORIENTED_EDGE('',*,*,#13777,.T.);
#13799 = ORIENTED_EDGE('',*,*,#13800,.T.);
#13800 = EDGE_CURVE('',#13770,#13801,#13803,.T.);
#13801 = VERTEX_POINT('',#13802);
#13802 = CARTESIAN_POINT('',(60.375,-51.7375,1.59));
#13803 = LINE('',#13804,#13805);
#13804 = CARTESIAN_POINT('',(72.975,-51.7375,1.59));
#13805 = VECTOR('',#13806,1.);
#13806 = DIRECTION('',(-1.,0.,0.));
#13807 = ORIENTED_EDGE('',*,*,#13808,.F.);
#13808 = EDGE_CURVE('',#13809,#13801,#13811,.T.);
#13809 = VERTEX_POINT('',#13810);
#13810 = CARTESIAN_POINT('',(60.375,-51.7375,0.));
#13811 = LINE('',#13812,#13813);
#13812 = CARTESIAN_POINT('',(60.375,-51.7375,0.));
#13813 = VECTOR('',#13814,1.);
#13814 = DIRECTION('',(0.,0.,1.));
#13815 = ORIENTED_EDGE('',*,*,#13816,.F.);
#13816 = EDGE_CURVE('',#13778,#13809,#13817,.T.);
#13817 = LINE('',#13818,#13819);
#13818 = CARTESIAN_POINT('',(72.975,-51.7375,0.));
#13819 = VECTOR('',#13820,1.);
#13820 = DIRECTION('',(-1.,0.,0.));
#13821 = PLANE('',#13822);
#13822 = AXIS2_PLACEMENT_3D('',#13823,#13824,#13825);
#13823 = CARTESIAN_POINT('',(72.975,-51.7375,0.));
#13824 = DIRECTION('',(0.,-1.,0.));
#13825 = DIRECTION('',(-1.,0.,0.));
#13826 = ADVANCED_FACE('',(#13827),#13843,.T.);
#13827 = FACE_BOUND('',#13828,.T.);
#13828 = EDGE_LOOP('',(#13829,#13830,#13836,#13837));
#13829 = ORIENTED_EDGE('',*,*,#13808,.T.);
#13830 = ORIENTED_EDGE('',*,*,#13831,.T.);
#13831 = EDGE_CURVE('',#13801,#13607,#13832,.T.);
#13832 = LINE('',#13833,#13834);
#13833 = CARTESIAN_POINT('',(60.375,-51.7375,1.59));
#13834 = VECTOR('',#13835,1.);
#13835 = DIRECTION('',(-0.707106781187,-0.707106781187,0.));
#13836 = ORIENTED_EDGE('',*,*,#13604,.F.);
#13837 = ORIENTED_EDGE('',*,*,#13838,.F.);
#13838 = EDGE_CURVE('',#13809,#13605,#13839,.T.);
#13839 = LINE('',#13840,#13841);
#13840 = CARTESIAN_POINT('',(60.375,-51.7375,0.));
#13841 = VECTOR('',#13842,1.);
#13842 = DIRECTION('',(-0.707106781187,-0.707106781187,0.));
#13843 = PLANE('',#13844);
#13844 = AXIS2_PLACEMENT_3D('',#13845,#13846,#13847);
#13845 = CARTESIAN_POINT('',(60.375,-51.7375,0.));
#13846 = DIRECTION('',(0.707106781187,-0.707106781187,0.));
#13847 = DIRECTION('',(-0.707106781187,-0.707106781187,0.));
#13848 = ADVANCED_FACE('',(#13849),#13883,.T.);
#13849 = FACE_BOUND('',#13850,.T.);
#13850 = EDGE_LOOP('',(#13851,#13861,#13869,#13877));
#13851 = ORIENTED_EDGE('',*,*,#13852,.T.);
#13852 = EDGE_CURVE('',#13853,#13855,#13857,.T.);
#13853 = VERTEX_POINT('',#13854);
#13854 = CARTESIAN_POINT('',(78.425,-52.7375,0.));
#13855 = VERTEX_POINT('',#13856);
#13856 = CARTESIAN_POINT('',(78.425,-52.7375,1.59));
#13857 = LINE('',#13858,#13859);
#13858 = CARTESIAN_POINT('',(78.425,-52.7375,0.));
#13859 = VECTOR('',#13860,1.);
#13860 = DIRECTION('',(0.,0.,1.));
#13861 = ORIENTED_EDGE('',*,*,#13862,.T.);
#13862 = EDGE_CURVE('',#13855,#13863,#13865,.T.);
#13863 = VERTEX_POINT('',#13864);
#13864 = CARTESIAN_POINT('',(78.425,-64.7375,1.59));
#13865 = LINE('',#13866,#13867);
#13866 = CARTESIAN_POINT('',(78.425,-52.7375,1.59));
#13867 = VECTOR('',#13868,1.);
#13868 = DIRECTION('',(0.,-1.,0.));
#13869 = ORIENTED_EDGE('',*,*,#13870,.F.);
#13870 = EDGE_CURVE('',#13871,#13863,#13873,.T.);
#13871 = VERTEX_POINT('',#13872);
#13872 = CARTESIAN_POINT('',(78.425,-64.7375,0.));
#13873 = LINE('',#13874,#13875);
#13874 = CARTESIAN_POINT('',(78.425,-64.7375,0.));
#13875 = VECTOR('',#13876,1.);
#13876 = DIRECTION('',(0.,0.,1.));
#13877 = ORIENTED_EDGE('',*,*,#13878,.F.);
#13878 = EDGE_CURVE('',#13853,#13871,#13879,.T.);
#13879 = LINE('',#13880,#13881);
#13880 = CARTESIAN_POINT('',(78.425,-52.7375,0.));
#13881 = VECTOR('',#13882,1.);
#13882 = DIRECTION('',(0.,-1.,0.));
#13883 = PLANE('',#13884);
#13884 = AXIS2_PLACEMENT_3D('',#13885,#13886,#13887);
#13885 = CARTESIAN_POINT('',(78.425,-52.7375,0.));
#13886 = DIRECTION('',(1.,0.,-0.));
#13887 = DIRECTION('',(0.,-1.,0.));
#13888 = ADVANCED_FACE('',(#13889),#13914,.T.);
#13889 = FACE_BOUND('',#13890,.T.);
#13890 = EDGE_LOOP('',(#13891,#13892,#13900,#13908));
#13891 = ORIENTED_EDGE('',*,*,#13870,.T.);
#13892 = ORIENTED_EDGE('',*,*,#13893,.T.);
#13893 = EDGE_CURVE('',#13863,#13894,#13896,.T.);
#13894 = VERTEX_POINT('',#13895);
#13895 = CARTESIAN_POINT('',(79.425,-65.7375,1.59));
#13896 = LINE('',#13897,#13898);
#13897 = CARTESIAN_POINT('',(78.425,-64.7375,1.59));
#13898 = VECTOR('',#13899,1.);
#13899 = DIRECTION('',(0.707106781187,-0.707106781187,0.));
#13900 = ORIENTED_EDGE('',*,*,#13901,.F.);
#13901 = EDGE_CURVE('',#13902,#13894,#13904,.T.);
#13902 = VERTEX_POINT('',#13903);
#13903 = CARTESIAN_POINT('',(79.425,-65.7375,0.));
#13904 = LINE('',#13905,#13906);
#13905 = CARTESIAN_POINT('',(79.425,-65.7375,0.));
#13906 = VECTOR('',#13907,1.);
#13907 = DIRECTION('',(0.,0.,1.));
#13908 = ORIENTED_EDGE('',*,*,#13909,.F.);
#13909 = EDGE_CURVE('',#13871,#13902,#13910,.T.);
#13910 = LINE('',#13911,#13912);
#13911 = CARTESIAN_POINT('',(78.425,-64.7375,0.));
#13912 = VECTOR('',#13913,1.);
#13913 = DIRECTION('',(0.707106781187,-0.707106781187,0.));
#13914 = PLANE('',#13915);
#13915 = AXIS2_PLACEMENT_3D('',#13916,#13917,#13918);
#13916 = CARTESIAN_POINT('',(78.425,-64.7375,0.));
#13917 = DIRECTION('',(0.707106781187,0.707106781187,-0.));
#13918 = DIRECTION('',(0.707106781187,-0.707106781187,0.));
#13919 = ADVANCED_FACE('',(#13920),#13945,.T.);
#13920 = FACE_BOUND('',#13921,.T.);
#13921 = EDGE_LOOP('',(#13922,#13923,#13931,#13939));
#13922 = ORIENTED_EDGE('',*,*,#13901,.T.);
#13923 = ORIENTED_EDGE('',*,*,#13924,.T.);
#13924 = EDGE_CURVE('',#13894,#13925,#13927,.T.);
#13925 = VERTEX_POINT('',#13926);
#13926 = CARTESIAN_POINT('',(92.025,-65.7375,1.59));
#13927 = LINE('',#13928,#13929);
#13928 = CARTESIAN_POINT('',(79.425,-65.7375,1.59));
#13929 = VECTOR('',#13930,1.);
#13930 = DIRECTION('',(1.,0.,0.));
#13931 = ORIENTED_EDGE('',*,*,#13932,.F.);
#13932 = EDGE_CURVE('',#13933,#13925,#13935,.T.);
#13933 = VERTEX_POINT('',#13934);
#13934 = CARTESIAN_POINT('',(92.025,-65.7375,0.));
#13935 = LINE('',#13936,#13937);
#13936 = CARTESIAN_POINT('',(92.025,-65.7375,0.));
#13937 = VECTOR('',#13938,1.);
#13938 = DIRECTION('',(0.,0.,1.));
#13939 = ORIENTED_EDGE('',*,*,#13940,.F.);
#13940 = EDGE_CURVE('',#13902,#13933,#13941,.T.);
#13941 = LINE('',#13942,#13943);
#13942 = CARTESIAN_POINT('',(79.425,-65.7375,0.));
#13943 = VECTOR('',#13944,1.);
#13944 = DIRECTION('',(1.,0.,0.));
#13945 = PLANE('',#13946);
#13946 = AXIS2_PLACEMENT_3D('',#13947,#13948,#13949);
#13947 = CARTESIAN_POINT('',(79.425,-65.7375,0.));
#13948 = DIRECTION('',(0.,1.,0.));
#13949 = DIRECTION('',(1.,0.,0.));
#13950 = ADVANCED_FACE('',(#13951),#13976,.T.);
#13951 = FACE_BOUND('',#13952,.T.);
#13952 = EDGE_LOOP('',(#13953,#13954,#13962,#13970));
#13953 = ORIENTED_EDGE('',*,*,#13932,.T.);
#13954 = ORIENTED_EDGE('',*,*,#13955,.T.);
#13955 = EDGE_CURVE('',#13925,#13956,#13958,.T.);
#13956 = VERTEX_POINT('',#13957);
#13957 = CARTESIAN_POINT('',(93.025,-64.7375,1.59));
#13958 = LINE('',#13959,#13960);
#13959 = CARTESIAN_POINT('',(92.025,-65.7375,1.59));
#13960 = VECTOR('',#13961,1.);
#13961 = DIRECTION('',(0.707106781187,0.707106781187,0.));
#13962 = ORIENTED_EDGE('',*,*,#13963,.F.);
#13963 = EDGE_CURVE('',#13964,#13956,#13966,.T.);
#13964 = VERTEX_POINT('',#13965);
#13965 = CARTESIAN_POINT('',(93.025,-64.7375,0.));
#13966 = LINE('',#13967,#13968);
#13967 = CARTESIAN_POINT('',(93.025,-64.7375,0.));
#13968 = VECTOR('',#13969,1.);
#13969 = DIRECTION('',(0.,0.,1.));
#13970 = ORIENTED_EDGE('',*,*,#13971,.F.);
#13971 = EDGE_CURVE('',#13933,#13964,#13972,.T.);
#13972 = LINE('',#13973,#13974);
#13973 = CARTESIAN_POINT('',(92.025,-65.7375,0.));
#13974 = VECTOR('',#13975,1.);
#13975 = DIRECTION('',(0.707106781187,0.707106781187,0.));
#13976 = PLANE('',#13977);
#13977 = AXIS2_PLACEMENT_3D('',#13978,#13979,#13980);
#13978 = CARTESIAN_POINT('',(92.025,-65.7375,0.));
#13979 = DIRECTION('',(-0.707106781187,0.707106781187,0.));
#13980 = DIRECTION('',(0.707106781187,0.707106781187,0.));
#13981 = ADVANCED_FACE('',(#13982),#14007,.T.);
#13982 = FACE_BOUND('',#13983,.T.);
#13983 = EDGE_LOOP('',(#13984,#13985,#13993,#14001));
#13984 = ORIENTED_EDGE('',*,*,#13963,.T.);
#13985 = ORIENTED_EDGE('',*,*,#13986,.T.);
#13986 = EDGE_CURVE('',#13956,#13987,#13989,.T.);
#13987 = VERTEX_POINT('',#13988);
#13988 = CARTESIAN_POINT('',(93.025,-52.7375,1.59));
#13989 = LINE('',#13990,#13991);
#13990 = CARTESIAN_POINT('',(93.025,-64.7375,1.59));
#13991 = VECTOR('',#13992,1.);
#13992 = DIRECTION('',(0.,1.,0.));
#13993 = ORIENTED_EDGE('',*,*,#13994,.F.);
#13994 = EDGE_CURVE('',#13995,#13987,#13997,.T.);
#13995 = VERTEX_POINT('',#13996);
#13996 = CARTESIAN_POINT('',(93.025,-52.7375,0.));
#13997 = LINE('',#13998,#13999);
#13998 = CARTESIAN_POINT('',(93.025,-52.7375,0.));
#13999 = VECTOR('',#14000,1.);
#14000 = DIRECTION('',(0.,0.,1.));
#14001 = ORIENTED_EDGE('',*,*,#14002,.F.);
#14002 = EDGE_CURVE('',#13964,#13995,#14003,.T.);
#14003 = LINE('',#14004,#14005);
#14004 = CARTESIAN_POINT('',(93.025,-64.7375,0.));
#14005 = VECTOR('',#14006,1.);
#14006 = DIRECTION('',(0.,1.,0.));
#14007 = PLANE('',#14008);
#14008 = AXIS2_PLACEMENT_3D('',#14009,#14010,#14011);
#14009 = CARTESIAN_POINT('',(93.025,-64.7375,0.));
#14010 = DIRECTION('',(-1.,0.,0.));
#14011 = DIRECTION('',(0.,1.,0.));
#14012 = ADVANCED_FACE('',(#14013),#14038,.T.);
#14013 = FACE_BOUND('',#14014,.T.);
#14014 = EDGE_LOOP('',(#14015,#14016,#14024,#14032));
#14015 = ORIENTED_EDGE('',*,*,#13994,.T.);
#14016 = ORIENTED_EDGE('',*,*,#14017,.T.);
#14017 = EDGE_CURVE('',#13987,#14018,#14020,.T.);
#14018 = VERTEX_POINT('',#14019);
#14019 = CARTESIAN_POINT('',(92.025,-51.7375,1.59));
#14020 = LINE('',#14021,#14022);
#14021 = CARTESIAN_POINT('',(93.025,-52.7375,1.59));
#14022 = VECTOR('',#14023,1.);
#14023 = DIRECTION('',(-0.707106781187,0.707106781187,0.));
#14024 = ORIENTED_EDGE('',*,*,#14025,.F.);
#14025 = EDGE_CURVE('',#14026,#14018,#14028,.T.);
#14026 = VERTEX_POINT('',#14027);
#14027 = CARTESIAN_POINT('',(92.025,-51.7375,0.));
#14028 = LINE('',#14029,#14030);
#14029 = CARTESIAN_POINT('',(92.025,-51.7375,0.));
#14030 = VECTOR('',#14031,1.);
#14031 = DIRECTION('',(0.,0.,1.));
#14032 = ORIENTED_EDGE('',*,*,#14033,.F.);
#14033 = EDGE_CURVE('',#13995,#14026,#14034,.T.);
#14034 = LINE('',#14035,#14036);
#14035 = CARTESIAN_POINT('',(93.025,-52.7375,0.));
#14036 = VECTOR('',#14037,1.);
#14037 = DIRECTION('',(-0.707106781187,0.707106781187,0.));
#14038 = PLANE('',#14039);
#14039 = AXIS2_PLACEMENT_3D('',#14040,#14041,#14042);
#14040 = CARTESIAN_POINT('',(93.025,-52.7375,0.));
#14041 = DIRECTION('',(-0.707106781187,-0.707106781187,0.));
#14042 = DIRECTION('',(-0.707106781187,0.707106781187,0.));
#14043 = ADVANCED_FACE('',(#14044),#14069,.T.);
#14044 = FACE_BOUND('',#14045,.T.);
#14045 = EDGE_LOOP('',(#14046,#14047,#14055,#14063));
#14046 = ORIENTED_EDGE('',*,*,#14025,.T.);
#14047 = ORIENTED_EDGE('',*,*,#14048,.T.);
#14048 = EDGE_CURVE('',#14018,#14049,#14051,.T.);
#14049 = VERTEX_POINT('',#14050);
#14050 = CARTESIAN_POINT('',(79.425,-51.7375,1.59));
#14051 = LINE('',#14052,#14053);
#14052 = CARTESIAN_POINT('',(92.025,-51.7375,1.59));
#14053 = VECTOR('',#14054,1.);
#14054 = DIRECTION('',(-1.,0.,0.));
#14055 = ORIENTED_EDGE('',*,*,#14056,.F.);
#14056 = EDGE_CURVE('',#14057,#14049,#14059,.T.);
#14057 = VERTEX_POINT('',#14058);
#14058 = CARTESIAN_POINT('',(79.425,-51.7375,0.));
#14059 = LINE('',#14060,#14061);
#14060 = CARTESIAN_POINT('',(79.425,-51.7375,0.));
#14061 = VECTOR('',#14062,1.);
#14062 = DIRECTION('',(0.,0.,1.));
#14063 = ORIENTED_EDGE('',*,*,#14064,.F.);
#14064 = EDGE_CURVE('',#14026,#14057,#14065,.T.);
#14065 = LINE('',#14066,#14067);
#14066 = CARTESIAN_POINT('',(92.025,-51.7375,0.));
#14067 = VECTOR('',#14068,1.);
#14068 = DIRECTION('',(-1.,0.,0.));
#14069 = PLANE('',#14070);
#14070 = AXIS2_PLACEMENT_3D('',#14071,#14072,#14073);
#14071 = CARTESIAN_POINT('',(92.025,-51.7375,0.));
#14072 = DIRECTION('',(0.,-1.,0.));
#14073 = DIRECTION('',(-1.,0.,0.));
#14074 = ADVANCED_FACE('',(#14075),#14091,.T.);
#14075 = FACE_BOUND('',#14076,.T.);
#14076 = EDGE_LOOP('',(#14077,#14078,#14084,#14085));
#14077 = ORIENTED_EDGE('',*,*,#14056,.T.);
#14078 = ORIENTED_EDGE('',*,*,#14079,.T.);
#14079 = EDGE_CURVE('',#14049,#13855,#14080,.T.);
#14080 = LINE('',#14081,#14082);
#14081 = CARTESIAN_POINT('',(79.425,-51.7375,1.59));
#14082 = VECTOR('',#14083,1.);
#14083 = DIRECTION('',(-0.707106781187,-0.707106781187,0.));
#14084 = ORIENTED_EDGE('',*,*,#13852,.F.);
#14085 = ORIENTED_EDGE('',*,*,#14086,.F.);
#14086 = EDGE_CURVE('',#14057,#13853,#14087,.T.);
#14087 = LINE('',#14088,#14089);
#14088 = CARTESIAN_POINT('',(79.425,-51.7375,0.));
#14089 = VECTOR('',#14090,1.);
#14090 = DIRECTION('',(-0.707106781187,-0.707106781187,0.));
#14091 = PLANE('',#14092);
#14092 = AXIS2_PLACEMENT_3D('',#14093,#14094,#14095);
#14093 = CARTESIAN_POINT('',(79.425,-51.7375,0.));
#14094 = DIRECTION('',(0.707106781187,-0.707106781187,0.));
#14095 = DIRECTION('',(-0.707106781187,-0.707106781187,0.));
#14096 = ADVANCED_FACE('',(#14097),#14131,.T.);
#14097 = FACE_BOUND('',#14098,.T.);
#14098 = EDGE_LOOP('',(#14099,#14109,#14117,#14125));
#14099 = ORIENTED_EDGE('',*,*,#14100,.T.);
#14100 = EDGE_CURVE('',#14101,#14103,#14105,.T.);
#14101 = VERTEX_POINT('',#14102);
#14102 = CARTESIAN_POINT('',(97.475,-52.7375,0.));
#14103 = VERTEX_POINT('',#14104);
#14104 = CARTESIAN_POINT('',(97.475,-52.7375,1.59));
#14105 = LINE('',#14106,#14107);
#14106 = CARTESIAN_POINT('',(97.475,-52.7375,0.));
#14107 = VECTOR('',#14108,1.);
#14108 = DIRECTION('',(0.,0.,1.));
#14109 = ORIENTED_EDGE('',*,*,#14110,.T.);
#14110 = EDGE_CURVE('',#14103,#14111,#14113,.T.);
#14111 = VERTEX_POINT('',#14112);
#14112 = CARTESIAN_POINT('',(97.475,-64.7375,1.59));
#14113 = LINE('',#14114,#14115);
#14114 = CARTESIAN_POINT('',(97.475,-52.7375,1.59));
#14115 = VECTOR('',#14116,1.);
#14116 = DIRECTION('',(0.,-1.,0.));
#14117 = ORIENTED_EDGE('',*,*,#14118,.F.);
#14118 = EDGE_CURVE('',#14119,#14111,#14121,.T.);
#14119 = VERTEX_POINT('',#14120);
#14120 = CARTESIAN_POINT('',(97.475,-64.7375,0.));
#14121 = LINE('',#14122,#14123);
#14122 = CARTESIAN_POINT('',(97.475,-64.7375,0.));
#14123 = VECTOR('',#14124,1.);
#14124 = DIRECTION('',(0.,0.,1.));
#14125 = ORIENTED_EDGE('',*,*,#14126,.F.);
#14126 = EDGE_CURVE('',#14101,#14119,#14127,.T.);
#14127 = LINE('',#14128,#14129);
#14128 = CARTESIAN_POINT('',(97.475,-52.7375,0.));
#14129 = VECTOR('',#14130,1.);
#14130 = DIRECTION('',(0.,-1.,0.));
#14131 = PLANE('',#14132);
#14132 = AXIS2_PLACEMENT_3D('',#14133,#14134,#14135);
#14133 = CARTESIAN_POINT('',(97.475,-52.7375,0.));
#14134 = DIRECTION('',(1.,0.,-0.));
#14135 = DIRECTION('',(0.,-1.,0.));
#14136 = ADVANCED_FACE('',(#14137),#14162,.T.);
#14137 = FACE_BOUND('',#14138,.T.);
#14138 = EDGE_LOOP('',(#14139,#14140,#14148,#14156));
#14139 = ORIENTED_EDGE('',*,*,#14118,.T.);
#14140 = ORIENTED_EDGE('',*,*,#14141,.T.);
#14141 = EDGE_CURVE('',#14111,#14142,#14144,.T.);
#14142 = VERTEX_POINT('',#14143);
#14143 = CARTESIAN_POINT('',(98.475,-65.7375,1.59));
#14144 = LINE('',#14145,#14146);
#14145 = CARTESIAN_POINT('',(97.475,-64.7375,1.59));
#14146 = VECTOR('',#14147,1.);
#14147 = DIRECTION('',(0.707106781187,-0.707106781187,0.));
#14148 = ORIENTED_EDGE('',*,*,#14149,.F.);
#14149 = EDGE_CURVE('',#14150,#14142,#14152,.T.);
#14150 = VERTEX_POINT('',#14151);
#14151 = CARTESIAN_POINT('',(98.475,-65.7375,0.));
#14152 = LINE('',#14153,#14154);
#14153 = CARTESIAN_POINT('',(98.475,-65.7375,0.));
#14154 = VECTOR('',#14155,1.);
#14155 = DIRECTION('',(0.,0.,1.));
#14156 = ORIENTED_EDGE('',*,*,#14157,.F.);
#14157 = EDGE_CURVE('',#14119,#14150,#14158,.T.);
#14158 = LINE('',#14159,#14160);
#14159 = CARTESIAN_POINT('',(97.475,-64.7375,0.));
#14160 = VECTOR('',#14161,1.);
#14161 = DIRECTION('',(0.707106781187,-0.707106781187,0.));
#14162 = PLANE('',#14163);
#14163 = AXIS2_PLACEMENT_3D('',#14164,#14165,#14166);
#14164 = CARTESIAN_POINT('',(97.475,-64.7375,0.));
#14165 = DIRECTION('',(0.707106781187,0.707106781187,-0.));
#14166 = DIRECTION('',(0.707106781187,-0.707106781187,0.));
#14167 = ADVANCED_FACE('',(#14168),#14193,.T.);
#14168 = FACE_BOUND('',#14169,.T.);
#14169 = EDGE_LOOP('',(#14170,#14171,#14179,#14187));
#14170 = ORIENTED_EDGE('',*,*,#14149,.T.);
#14171 = ORIENTED_EDGE('',*,*,#14172,.T.);
#14172 = EDGE_CURVE('',#14142,#14173,#14175,.T.);
#14173 = VERTEX_POINT('',#14174);
#14174 = CARTESIAN_POINT('',(111.075,-65.7375,1.59));
#14175 = LINE('',#14176,#14177);
#14176 = CARTESIAN_POINT('',(98.475,-65.7375,1.59));
#14177 = VECTOR('',#14178,1.);
#14178 = DIRECTION('',(1.,0.,0.));
#14179 = ORIENTED_EDGE('',*,*,#14180,.F.);
#14180 = EDGE_CURVE('',#14181,#14173,#14183,.T.);
#14181 = VERTEX_POINT('',#14182);
#14182 = CARTESIAN_POINT('',(111.075,-65.7375,0.));
#14183 = LINE('',#14184,#14185);
#14184 = CARTESIAN_POINT('',(111.075,-65.7375,0.));
#14185 = VECTOR('',#14186,1.);
#14186 = DIRECTION('',(0.,0.,1.));
#14187 = ORIENTED_EDGE('',*,*,#14188,.F.);
#14188 = EDGE_CURVE('',#14150,#14181,#14189,.T.);
#14189 = LINE('',#14190,#14191);
#14190 = CARTESIAN_POINT('',(98.475,-65.7375,0.));
#14191 = VECTOR('',#14192,1.);
#14192 = DIRECTION('',(1.,0.,0.));
#14193 = PLANE('',#14194);
#14194 = AXIS2_PLACEMENT_3D('',#14195,#14196,#14197);
#14195 = CARTESIAN_POINT('',(98.475,-65.7375,0.));
#14196 = DIRECTION('',(0.,1.,0.));
#14197 = DIRECTION('',(1.,0.,0.));
#14198 = ADVANCED_FACE('',(#14199),#14224,.T.);
#14199 = FACE_BOUND('',#14200,.T.);
#14200 = EDGE_LOOP('',(#14201,#14202,#14210,#14218));
#14201 = ORIENTED_EDGE('',*,*,#14180,.T.);
#14202 = ORIENTED_EDGE('',*,*,#14203,.T.);
#14203 = EDGE_CURVE('',#14173,#14204,#14206,.T.);
#14204 = VERTEX_POINT('',#14205);
#14205 = CARTESIAN_POINT('',(112.075,-64.7375,1.59));
#14206 = LINE('',#14207,#14208);
#14207 = CARTESIAN_POINT('',(111.075,-65.7375,1.59));
#14208 = VECTOR('',#14209,1.);
#14209 = DIRECTION('',(0.707106781187,0.707106781187,0.));
#14210 = ORIENTED_EDGE('',*,*,#14211,.F.);
#14211 = EDGE_CURVE('',#14212,#14204,#14214,.T.);
#14212 = VERTEX_POINT('',#14213);
#14213 = CARTESIAN_POINT('',(112.075,-64.7375,0.));
#14214 = LINE('',#14215,#14216);
#14215 = CARTESIAN_POINT('',(112.075,-64.7375,0.));
#14216 = VECTOR('',#14217,1.);
#14217 = DIRECTION('',(0.,0.,1.));
#14218 = ORIENTED_EDGE('',*,*,#14219,.F.);
#14219 = EDGE_CURVE('',#14181,#14212,#14220,.T.);
#14220 = LINE('',#14221,#14222);
#14221 = CARTESIAN_POINT('',(111.075,-65.7375,0.));
#14222 = VECTOR('',#14223,1.);
#14223 = DIRECTION('',(0.707106781187,0.707106781187,0.));
#14224 = PLANE('',#14225);
#14225 = AXIS2_PLACEMENT_3D('',#14226,#14227,#14228);
#14226 = CARTESIAN_POINT('',(111.075,-65.7375,0.));
#14227 = DIRECTION('',(-0.707106781187,0.707106781187,0.));
#14228 = DIRECTION('',(0.707106781187,0.707106781187,0.));
#14229 = ADVANCED_FACE('',(#14230),#14255,.T.);
#14230 = FACE_BOUND('',#14231,.T.);
#14231 = EDGE_LOOP('',(#14232,#14233,#14241,#14249));
#14232 = ORIENTED_EDGE('',*,*,#14211,.T.);
#14233 = ORIENTED_EDGE('',*,*,#14234,.T.);
#14234 = EDGE_CURVE('',#14204,#14235,#14237,.T.);
#14235 = VERTEX_POINT('',#14236);
#14236 = CARTESIAN_POINT('',(112.075,-52.7375,1.59));
#14237 = LINE('',#14238,#14239);
#14238 = CARTESIAN_POINT('',(112.075,-64.7375,1.59));
#14239 = VECTOR('',#14240,1.);
#14240 = DIRECTION('',(0.,1.,0.));
#14241 = ORIENTED_EDGE('',*,*,#14242,.F.);
#14242 = EDGE_CURVE('',#14243,#14235,#14245,.T.);
#14243 = VERTEX_POINT('',#14244);
#14244 = CARTESIAN_POINT('',(112.075,-52.7375,0.));
#14245 = LINE('',#14246,#14247);
#14246 = CARTESIAN_POINT('',(112.075,-52.7375,0.));
#14247 = VECTOR('',#14248,1.);
#14248 = DIRECTION('',(0.,0.,1.));
#14249 = ORIENTED_EDGE('',*,*,#14250,.F.);
#14250 = EDGE_CURVE('',#14212,#14243,#14251,.T.);
#14251 = LINE('',#14252,#14253);
#14252 = CARTESIAN_POINT('',(112.075,-64.7375,0.));
#14253 = VECTOR('',#14254,1.);
#14254 = DIRECTION('',(0.,1.,0.));
#14255 = PLANE('',#14256);
#14256 = AXIS2_PLACEMENT_3D('',#14257,#14258,#14259);
#14257 = CARTESIAN_POINT('',(112.075,-64.7375,0.));
#14258 = DIRECTION('',(-1.,0.,0.));
#14259 = DIRECTION('',(0.,1.,0.));
#14260 = ADVANCED_FACE('',(#14261),#14286,.T.);
#14261 = FACE_BOUND('',#14262,.T.);
#14262 = EDGE_LOOP('',(#14263,#14264,#14272,#14280));
#14263 = ORIENTED_EDGE('',*,*,#14242,.T.);
#14264 = ORIENTED_EDGE('',*,*,#14265,.T.);
#14265 = EDGE_CURVE('',#14235,#14266,#14268,.T.);
#14266 = VERTEX_POINT('',#14267);
#14267 = CARTESIAN_POINT('',(111.075,-51.7375,1.59));
#14268 = LINE('',#14269,#14270);
#14269 = CARTESIAN_POINT('',(112.075,-52.7375,1.59));
#14270 = VECTOR('',#14271,1.);
#14271 = DIRECTION('',(-0.707106781187,0.707106781187,0.));
#14272 = ORIENTED_EDGE('',*,*,#14273,.F.);
#14273 = EDGE_CURVE('',#14274,#14266,#14276,.T.);
#14274 = VERTEX_POINT('',#14275);
#14275 = CARTESIAN_POINT('',(111.075,-51.7375,0.));
#14276 = LINE('',#14277,#14278);
#14277 = CARTESIAN_POINT('',(111.075,-51.7375,0.));
#14278 = VECTOR('',#14279,1.);
#14279 = DIRECTION('',(0.,0.,1.));
#14280 = ORIENTED_EDGE('',*,*,#14281,.F.);
#14281 = EDGE_CURVE('',#14243,#14274,#14282,.T.);
#14282 = LINE('',#14283,#14284);
#14283 = CARTESIAN_POINT('',(112.075,-52.7375,0.));
#14284 = VECTOR('',#14285,1.);
#14285 = DIRECTION('',(-0.707106781187,0.707106781187,0.));
#14286 = PLANE('',#14287);
#14287 = AXIS2_PLACEMENT_3D('',#14288,#14289,#14290);
#14288 = CARTESIAN_POINT('',(112.075,-52.7375,0.));
#14289 = DIRECTION('',(-0.707106781187,-0.707106781187,0.));
#14290 = DIRECTION('',(-0.707106781187,0.707106781187,0.));
#14291 = ADVANCED_FACE('',(#14292),#14317,.T.);
#14292 = FACE_BOUND('',#14293,.T.);
#14293 = EDGE_LOOP('',(#14294,#14295,#14303,#14311));
#14294 = ORIENTED_EDGE('',*,*,#14273,.T.);
#14295 = ORIENTED_EDGE('',*,*,#14296,.T.);
#14296 = EDGE_CURVE('',#14266,#14297,#14299,.T.);
#14297 = VERTEX_POINT('',#14298);
#14298 = CARTESIAN_POINT('',(98.475,-51.7375,1.59));
#14299 = LINE('',#14300,#14301);
#14300 = CARTESIAN_POINT('',(111.075,-51.7375,1.59));
#14301 = VECTOR('',#14302,1.);
#14302 = DIRECTION('',(-1.,0.,0.));
#14303 = ORIENTED_EDGE('',*,*,#14304,.F.);
#14304 = EDGE_CURVE('',#14305,#14297,#14307,.T.);
#14305 = VERTEX_POINT('',#14306);
#14306 = CARTESIAN_POINT('',(98.475,-51.7375,0.));
#14307 = LINE('',#14308,#14309);
#14308 = CARTESIAN_POINT('',(98.475,-51.7375,0.));
#14309 = VECTOR('',#14310,1.);
#14310 = DIRECTION('',(0.,0.,1.));
#14311 = ORIENTED_EDGE('',*,*,#14312,.F.);
#14312 = EDGE_CURVE('',#14274,#14305,#14313,.T.);
#14313 = LINE('',#14314,#14315);
#14314 = CARTESIAN_POINT('',(111.075,-51.7375,0.));
#14315 = VECTOR('',#14316,1.);
#14316 = DIRECTION('',(-1.,0.,0.));
#14317 = PLANE('',#14318);
#14318 = AXIS2_PLACEMENT_3D('',#14319,#14320,#14321);
#14319 = CARTESIAN_POINT('',(111.075,-51.7375,0.));
#14320 = DIRECTION('',(0.,-1.,0.));
#14321 = DIRECTION('',(-1.,0.,0.));
#14322 = ADVANCED_FACE('',(#14323),#14339,.T.);
#14323 = FACE_BOUND('',#14324,.T.);
#14324 = EDGE_LOOP('',(#14325,#14326,#14332,#14333));
#14325 = ORIENTED_EDGE('',*,*,#14304,.T.);
#14326 = ORIENTED_EDGE('',*,*,#14327,.T.);
#14327 = EDGE_CURVE('',#14297,#14103,#14328,.T.);
#14328 = LINE('',#14329,#14330);
#14329 = CARTESIAN_POINT('',(98.475,-51.7375,1.59));
#14330 = VECTOR('',#14331,1.);
#14331 = DIRECTION('',(-0.707106781187,-0.707106781187,0.));
#14332 = ORIENTED_EDGE('',*,*,#14100,.F.);
#14333 = ORIENTED_EDGE('',*,*,#14334,.F.);
#14334 = EDGE_CURVE('',#14305,#14101,#14335,.T.);
#14335 = LINE('',#14336,#14337);
#14336 = CARTESIAN_POINT('',(98.475,-51.7375,0.));
#14337 = VECTOR('',#14338,1.);
#14338 = DIRECTION('',(-0.707106781187,-0.707106781187,0.));
#14339 = PLANE('',#14340);
#14340 = AXIS2_PLACEMENT_3D('',#14341,#14342,#14343);
#14341 = CARTESIAN_POINT('',(98.475,-51.7375,0.));
#14342 = DIRECTION('',(0.707106781187,-0.707106781187,0.));
#14343 = DIRECTION('',(-0.707106781187,-0.707106781187,0.));
#14344 = ADVANCED_FACE('',(#14345),#14379,.T.);
#14345 = FACE_BOUND('',#14346,.T.);
#14346 = EDGE_LOOP('',(#14347,#14357,#14365,#14373));
#14347 = ORIENTED_EDGE('',*,*,#14348,.T.);
#14348 = EDGE_CURVE('',#14349,#14351,#14353,.T.);
#14349 = VERTEX_POINT('',#14350);
#14350 = CARTESIAN_POINT('',(116.525,-52.7375,0.));
#14351 = VERTEX_POINT('',#14352);
#14352 = CARTESIAN_POINT('',(116.525,-52.7375,1.59));
#14353 = LINE('',#14354,#14355);
#14354 = CARTESIAN_POINT('',(116.525,-52.7375,0.));
#14355 = VECTOR('',#14356,1.);
#14356 = DIRECTION('',(0.,0.,1.));
#14357 = ORIENTED_EDGE('',*,*,#14358,.T.);
#14358 = EDGE_CURVE('',#14351,#14359,#14361,.T.);
#14359 = VERTEX_POINT('',#14360);
#14360 = CARTESIAN_POINT('',(116.525,-64.7375,1.59));
#14361 = LINE('',#14362,#14363);
#14362 = CARTESIAN_POINT('',(116.525,-52.7375,1.59));
#14363 = VECTOR('',#14364,1.);
#14364 = DIRECTION('',(0.,-1.,0.));
#14365 = ORIENTED_EDGE('',*,*,#14366,.F.);
#14366 = EDGE_CURVE('',#14367,#14359,#14369,.T.);
#14367 = VERTEX_POINT('',#14368);
#14368 = CARTESIAN_POINT('',(116.525,-64.7375,0.));
#14369 = LINE('',#14370,#14371);
#14370 = CARTESIAN_POINT('',(116.525,-64.7375,0.));
#14371 = VECTOR('',#14372,1.);
#14372 = DIRECTION('',(0.,0.,1.));
#14373 = ORIENTED_EDGE('',*,*,#14374,.F.);
#14374 = EDGE_CURVE('',#14349,#14367,#14375,.T.);
#14375 = LINE('',#14376,#14377);
#14376 = CARTESIAN_POINT('',(116.525,-52.7375,0.));
#14377 = VECTOR('',#14378,1.);
#14378 = DIRECTION('',(0.,-1.,0.));
#14379 = PLANE('',#14380);
#14380 = AXIS2_PLACEMENT_3D('',#14381,#14382,#14383);
#14381 = CARTESIAN_POINT('',(116.525,-52.7375,0.));
#14382 = DIRECTION('',(1.,0.,-0.));
#14383 = DIRECTION('',(0.,-1.,0.));
#14384 = ADVANCED_FACE('',(#14385),#14410,.T.);
#14385 = FACE_BOUND('',#14386,.T.);
#14386 = EDGE_LOOP('',(#14387,#14388,#14396,#14404));
#14387 = ORIENTED_EDGE('',*,*,#14366,.T.);
#14388 = ORIENTED_EDGE('',*,*,#14389,.T.);
#14389 = EDGE_CURVE('',#14359,#14390,#14392,.T.);
#14390 = VERTEX_POINT('',#14391);
#14391 = CARTESIAN_POINT('',(117.525,-65.7375,1.59));
#14392 = LINE('',#14393,#14394);
#14393 = CARTESIAN_POINT('',(116.525,-64.7375,1.59));
#14394 = VECTOR('',#14395,1.);
#14395 = DIRECTION('',(0.707106781187,-0.707106781187,0.));
#14396 = ORIENTED_EDGE('',*,*,#14397,.F.);
#14397 = EDGE_CURVE('',#14398,#14390,#14400,.T.);
#14398 = VERTEX_POINT('',#14399);
#14399 = CARTESIAN_POINT('',(117.525,-65.7375,0.));
#14400 = LINE('',#14401,#14402);
#14401 = CARTESIAN_POINT('',(117.525,-65.7375,0.));
#14402 = VECTOR('',#14403,1.);
#14403 = DIRECTION('',(0.,0.,1.));
#14404 = ORIENTED_EDGE('',*,*,#14405,.F.);
#14405 = EDGE_CURVE('',#14367,#14398,#14406,.T.);
#14406 = LINE('',#14407,#14408);
#14407 = CARTESIAN_POINT('',(116.525,-64.7375,0.));
#14408 = VECTOR('',#14409,1.);
#14409 = DIRECTION('',(0.707106781187,-0.707106781187,0.));
#14410 = PLANE('',#14411);
#14411 = AXIS2_PLACEMENT_3D('',#14412,#14413,#14414);
#14412 = CARTESIAN_POINT('',(116.525,-64.7375,0.));
#14413 = DIRECTION('',(0.707106781187,0.707106781187,-0.));
#14414 = DIRECTION('',(0.707106781187,-0.707106781187,0.));
#14415 = ADVANCED_FACE('',(#14416),#14441,.T.);
#14416 = FACE_BOUND('',#14417,.T.);
#14417 = EDGE_LOOP('',(#14418,#14419,#14427,#14435));
#14418 = ORIENTED_EDGE('',*,*,#14397,.T.);
#14419 = ORIENTED_EDGE('',*,*,#14420,.T.);
#14420 = EDGE_CURVE('',#14390,#14421,#14423,.T.);
#14421 = VERTEX_POINT('',#14422);
#14422 = CARTESIAN_POINT('',(130.125,-65.7375,1.59));
#14423 = LINE('',#14424,#14425);
#14424 = CARTESIAN_POINT('',(117.525,-65.7375,1.59));
#14425 = VECTOR('',#14426,1.);
#14426 = DIRECTION('',(1.,0.,0.));
#14427 = ORIENTED_EDGE('',*,*,#14428,.F.);
#14428 = EDGE_CURVE('',#14429,#14421,#14431,.T.);
#14429 = VERTEX_POINT('',#14430);
#14430 = CARTESIAN_POINT('',(130.125,-65.7375,0.));
#14431 = LINE('',#14432,#14433);
#14432 = CARTESIAN_POINT('',(130.125,-65.7375,0.));
#14433 = VECTOR('',#14434,1.);
#14434 = DIRECTION('',(0.,0.,1.));
#14435 = ORIENTED_EDGE('',*,*,#14436,.F.);
#14436 = EDGE_CURVE('',#14398,#14429,#14437,.T.);
#14437 = LINE('',#14438,#14439);
#14438 = CARTESIAN_POINT('',(117.525,-65.7375,0.));
#14439 = VECTOR('',#14440,1.);
#14440 = DIRECTION('',(1.,0.,0.));
#14441 = PLANE('',#14442);
#14442 = AXIS2_PLACEMENT_3D('',#14443,#14444,#14445);
#14443 = CARTESIAN_POINT('',(117.525,-65.7375,0.));
#14444 = DIRECTION('',(0.,1.,0.));
#14445 = DIRECTION('',(1.,0.,0.));
#14446 = ADVANCED_FACE('',(#14447),#14472,.T.);
#14447 = FACE_BOUND('',#14448,.T.);
#14448 = EDGE_LOOP('',(#14449,#14450,#14458,#14466));
#14449 = ORIENTED_EDGE('',*,*,#14428,.T.);
#14450 = ORIENTED_EDGE('',*,*,#14451,.T.);
#14451 = EDGE_CURVE('',#14421,#14452,#14454,.T.);
#14452 = VERTEX_POINT('',#14453);
#14453 = CARTESIAN_POINT('',(131.125,-64.7375,1.59));
#14454 = LINE('',#14455,#14456);
#14455 = CARTESIAN_POINT('',(130.125,-65.7375,1.59));
#14456 = VECTOR('',#14457,1.);
#14457 = DIRECTION('',(0.707106781187,0.707106781187,0.));
#14458 = ORIENTED_EDGE('',*,*,#14459,.F.);
#14459 = EDGE_CURVE('',#14460,#14452,#14462,.T.);
#14460 = VERTEX_POINT('',#14461);
#14461 = CARTESIAN_POINT('',(131.125,-64.7375,0.));
#14462 = LINE('',#14463,#14464);
#14463 = CARTESIAN_POINT('',(131.125,-64.7375,0.));
#14464 = VECTOR('',#14465,1.);
#14465 = DIRECTION('',(0.,0.,1.));
#14466 = ORIENTED_EDGE('',*,*,#14467,.F.);
#14467 = EDGE_CURVE('',#14429,#14460,#14468,.T.);
#14468 = LINE('',#14469,#14470);
#14469 = CARTESIAN_POINT('',(130.125,-65.7375,0.));
#14470 = VECTOR('',#14471,1.);
#14471 = DIRECTION('',(0.707106781187,0.707106781187,0.));
#14472 = PLANE('',#14473);
#14473 = AXIS2_PLACEMENT_3D('',#14474,#14475,#14476);
#14474 = CARTESIAN_POINT('',(130.125,-65.7375,0.));
#14475 = DIRECTION('',(-0.707106781187,0.707106781187,0.));
#14476 = DIRECTION('',(0.707106781187,0.707106781187,0.));
#14477 = ADVANCED_FACE('',(#14478),#14503,.T.);
#14478 = FACE_BOUND('',#14479,.T.);
#14479 = EDGE_LOOP('',(#14480,#14481,#14489,#14497));
#14480 = ORIENTED_EDGE('',*,*,#14459,.T.);
#14481 = ORIENTED_EDGE('',*,*,#14482,.T.);
#14482 = EDGE_CURVE('',#14452,#14483,#14485,.T.);
#14483 = VERTEX_POINT('',#14484);
#14484 = CARTESIAN_POINT('',(131.125,-52.7375,1.59));
#14485 = LINE('',#14486,#14487);
#14486 = CARTESIAN_POINT('',(131.125,-64.7375,1.59));
#14487 = VECTOR('',#14488,1.);
#14488 = DIRECTION('',(0.,1.,0.));
#14489 = ORIENTED_EDGE('',*,*,#14490,.F.);
#14490 = EDGE_CURVE('',#14491,#14483,#14493,.T.);
#14491 = VERTEX_POINT('',#14492);
#14492 = CARTESIAN_POINT('',(131.125,-52.7375,0.));
#14493 = LINE('',#14494,#14495);
#14494 = CARTESIAN_POINT('',(131.125,-52.7375,0.));
#14495 = VECTOR('',#14496,1.);
#14496 = DIRECTION('',(0.,0.,1.));
#14497 = ORIENTED_EDGE('',*,*,#14498,.F.);
#14498 = EDGE_CURVE('',#14460,#14491,#14499,.T.);
#14499 = LINE('',#14500,#14501);
#14500 = CARTESIAN_POINT('',(131.125,-64.7375,0.));
#14501 = VECTOR('',#14502,1.);
#14502 = DIRECTION('',(0.,1.,0.));
#14503 = PLANE('',#14504);
#14504 = AXIS2_PLACEMENT_3D('',#14505,#14506,#14507);
#14505 = CARTESIAN_POINT('',(131.125,-64.7375,0.));
#14506 = DIRECTION('',(-1.,0.,0.));
#14507 = DIRECTION('',(0.,1.,0.));
#14508 = ADVANCED_FACE('',(#14509),#14534,.T.);
#14509 = FACE_BOUND('',#14510,.T.);
#14510 = EDGE_LOOP('',(#14511,#14512,#14520,#14528));
#14511 = ORIENTED_EDGE('',*,*,#14490,.T.);
#14512 = ORIENTED_EDGE('',*,*,#14513,.T.);
#14513 = EDGE_CURVE('',#14483,#14514,#14516,.T.);
#14514 = VERTEX_POINT('',#14515);
#14515 = CARTESIAN_POINT('',(130.125,-51.7375,1.59));
#14516 = LINE('',#14517,#14518);
#14517 = CARTESIAN_POINT('',(131.125,-52.7375,1.59));
#14518 = VECTOR('',#14519,1.);
#14519 = DIRECTION('',(-0.707106781187,0.707106781187,0.));
#14520 = ORIENTED_EDGE('',*,*,#14521,.F.);
#14521 = EDGE_CURVE('',#14522,#14514,#14524,.T.);
#14522 = VERTEX_POINT('',#14523);
#14523 = CARTESIAN_POINT('',(130.125,-51.7375,0.));
#14524 = LINE('',#14525,#14526);
#14525 = CARTESIAN_POINT('',(130.125,-51.7375,0.));
#14526 = VECTOR('',#14527,1.);
#14527 = DIRECTION('',(0.,0.,1.));
#14528 = ORIENTED_EDGE('',*,*,#14529,.F.);
#14529 = EDGE_CURVE('',#14491,#14522,#14530,.T.);
#14530 = LINE('',#14531,#14532);
#14531 = CARTESIAN_POINT('',(131.125,-52.7375,0.));
#14532 = VECTOR('',#14533,1.);
#14533 = DIRECTION('',(-0.707106781187,0.707106781187,0.));
#14534 = PLANE('',#14535);
#14535 = AXIS2_PLACEMENT_3D('',#14536,#14537,#14538);
#14536 = CARTESIAN_POINT('',(131.125,-52.7375,0.));
#14537 = DIRECTION('',(-0.707106781187,-0.707106781187,0.));
#14538 = DIRECTION('',(-0.707106781187,0.707106781187,0.));
#14539 = ADVANCED_FACE('',(#14540),#14565,.T.);
#14540 = FACE_BOUND('',#14541,.T.);
#14541 = EDGE_LOOP('',(#14542,#14543,#14551,#14559));
#14542 = ORIENTED_EDGE('',*,*,#14521,.T.);
#14543 = ORIENTED_EDGE('',*,*,#14544,.T.);
#14544 = EDGE_CURVE('',#14514,#14545,#14547,.T.);
#14545 = VERTEX_POINT('',#14546);
#14546 = CARTESIAN_POINT('',(117.525,-51.7375,1.59));
#14547 = LINE('',#14548,#14549);
#14548 = CARTESIAN_POINT('',(130.125,-51.7375,1.59));
#14549 = VECTOR('',#14550,1.);
#14550 = DIRECTION('',(-1.,0.,0.));
#14551 = ORIENTED_EDGE('',*,*,#14552,.F.);
#14552 = EDGE_CURVE('',#14553,#14545,#14555,.T.);
#14553 = VERTEX_POINT('',#14554);
#14554 = CARTESIAN_POINT('',(117.525,-51.7375,0.));
#14555 = LINE('',#14556,#14557);
#14556 = CARTESIAN_POINT('',(117.525,-51.7375,0.));
#14557 = VECTOR('',#14558,1.);
#14558 = DIRECTION('',(0.,0.,1.));
#14559 = ORIENTED_EDGE('',*,*,#14560,.F.);
#14560 = EDGE_CURVE('',#14522,#14553,#14561,.T.);
#14561 = LINE('',#14562,#14563);
#14562 = CARTESIAN_POINT('',(130.125,-51.7375,0.));
#14563 = VECTOR('',#14564,1.);
#14564 = DIRECTION('',(-1.,0.,0.));
#14565 = PLANE('',#14566);
#14566 = AXIS2_PLACEMENT_3D('',#14567,#14568,#14569);
#14567 = CARTESIAN_POINT('',(130.125,-51.7375,0.));
#14568 = DIRECTION('',(0.,-1.,0.));
#14569 = DIRECTION('',(-1.,0.,0.));
#14570 = ADVANCED_FACE('',(#14571),#14587,.T.);
#14571 = FACE_BOUND('',#14572,.T.);
#14572 = EDGE_LOOP('',(#14573,#14574,#14580,#14581));
#14573 = ORIENTED_EDGE('',*,*,#14552,.T.);
#14574 = ORIENTED_EDGE('',*,*,#14575,.T.);
#14575 = EDGE_CURVE('',#14545,#14351,#14576,.T.);
#14576 = LINE('',#14577,#14578);
#14577 = CARTESIAN_POINT('',(117.525,-51.7375,1.59));
#14578 = VECTOR('',#14579,1.);
#14579 = DIRECTION('',(-0.707106781187,-0.707106781187,0.));
#14580 = ORIENTED_EDGE('',*,*,#14348,.F.);
#14581 = ORIENTED_EDGE('',*,*,#14582,.F.);
#14582 = EDGE_CURVE('',#14553,#14349,#14583,.T.);
#14583 = LINE('',#14584,#14585);
#14584 = CARTESIAN_POINT('',(117.525,-51.7375,0.));
#14585 = VECTOR('',#14586,1.);
#14586 = DIRECTION('',(-0.707106781187,-0.707106781187,0.));
#14587 = PLANE('',#14588);
#14588 = AXIS2_PLACEMENT_3D('',#14589,#14590,#14591);
#14589 = CARTESIAN_POINT('',(117.525,-51.7375,0.));
#14590 = DIRECTION('',(0.707106781187,-0.707106781187,0.));
#14591 = DIRECTION('',(-0.707106781187,-0.707106781187,0.));
#14592 = ADVANCED_FACE('',(#14593),#14627,.T.);
#14593 = FACE_BOUND('',#14594,.T.);
#14594 = EDGE_LOOP('',(#14595,#14605,#14613,#14621));
#14595 = ORIENTED_EDGE('',*,*,#14596,.T.);
#14596 = EDGE_CURVE('',#14597,#14599,#14601,.T.);
#14597 = VERTEX_POINT('',#14598);
#14598 = CARTESIAN_POINT('',(135.575,-52.7375,0.));
#14599 = VERTEX_POINT('',#14600);
#14600 = CARTESIAN_POINT('',(135.575,-52.7375,1.59));
#14601 = LINE('',#14602,#14603);
#14602 = CARTESIAN_POINT('',(135.575,-52.7375,0.));
#14603 = VECTOR('',#14604,1.);
#14604 = DIRECTION('',(0.,0.,1.));
#14605 = ORIENTED_EDGE('',*,*,#14606,.T.);
#14606 = EDGE_CURVE('',#14599,#14607,#14609,.T.);
#14607 = VERTEX_POINT('',#14608);
#14608 = CARTESIAN_POINT('',(135.575,-64.7375,1.59));
#14609 = LINE('',#14610,#14611);
#14610 = CARTESIAN_POINT('',(135.575,-52.7375,1.59));
#14611 = VECTOR('',#14612,1.);
#14612 = DIRECTION('',(0.,-1.,0.));
#14613 = ORIENTED_EDGE('',*,*,#14614,.F.);
#14614 = EDGE_CURVE('',#14615,#14607,#14617,.T.);
#14615 = VERTEX_POINT('',#14616);
#14616 = CARTESIAN_POINT('',(135.575,-64.7375,0.));
#14617 = LINE('',#14618,#14619);
#14618 = CARTESIAN_POINT('',(135.575,-64.7375,0.));
#14619 = VECTOR('',#14620,1.);
#14620 = DIRECTION('',(0.,0.,1.));
#14621 = ORIENTED_EDGE('',*,*,#14622,.F.);
#14622 = EDGE_CURVE('',#14597,#14615,#14623,.T.);
#14623 = LINE('',#14624,#14625);
#14624 = CARTESIAN_POINT('',(135.575,-52.7375,0.));
#14625 = VECTOR('',#14626,1.);
#14626 = DIRECTION('',(0.,-1.,0.));
#14627 = PLANE('',#14628);
#14628 = AXIS2_PLACEMENT_3D('',#14629,#14630,#14631);
#14629 = CARTESIAN_POINT('',(135.575,-52.7375,0.));
#14630 = DIRECTION('',(1.,0.,-0.));
#14631 = DIRECTION('',(0.,-1.,0.));
#14632 = ADVANCED_FACE('',(#14633),#14658,.T.);
#14633 = FACE_BOUND('',#14634,.T.);
#14634 = EDGE_LOOP('',(#14635,#14636,#14644,#14652));
#14635 = ORIENTED_EDGE('',*,*,#14614,.T.);
#14636 = ORIENTED_EDGE('',*,*,#14637,.T.);
#14637 = EDGE_CURVE('',#14607,#14638,#14640,.T.);
#14638 = VERTEX_POINT('',#14639);
#14639 = CARTESIAN_POINT('',(136.575,-65.7375,1.59));
#14640 = LINE('',#14641,#14642);
#14641 = CARTESIAN_POINT('',(135.575,-64.7375,1.59));
#14642 = VECTOR('',#14643,1.);
#14643 = DIRECTION('',(0.707106781187,-0.707106781187,0.));
#14644 = ORIENTED_EDGE('',*,*,#14645,.F.);
#14645 = EDGE_CURVE('',#14646,#14638,#14648,.T.);
#14646 = VERTEX_POINT('',#14647);
#14647 = CARTESIAN_POINT('',(136.575,-65.7375,0.));
#14648 = LINE('',#14649,#14650);
#14649 = CARTESIAN_POINT('',(136.575,-65.7375,0.));
#14650 = VECTOR('',#14651,1.);
#14651 = DIRECTION('',(0.,0.,1.));
#14652 = ORIENTED_EDGE('',*,*,#14653,.F.);
#14653 = EDGE_CURVE('',#14615,#14646,#14654,.T.);
#14654 = LINE('',#14655,#14656);
#14655 = CARTESIAN_POINT('',(135.575,-64.7375,0.));
#14656 = VECTOR('',#14657,1.);
#14657 = DIRECTION('',(0.707106781187,-0.707106781187,0.));
#14658 = PLANE('',#14659);
#14659 = AXIS2_PLACEMENT_3D('',#14660,#14661,#14662);
#14660 = CARTESIAN_POINT('',(135.575,-64.7375,0.));
#14661 = DIRECTION('',(0.707106781187,0.707106781187,-0.));
#14662 = DIRECTION('',(0.707106781187,-0.707106781187,0.));
#14663 = ADVANCED_FACE('',(#14664),#14689,.T.);
#14664 = FACE_BOUND('',#14665,.T.);
#14665 = EDGE_LOOP('',(#14666,#14667,#14675,#14683));
#14666 = ORIENTED_EDGE('',*,*,#14645,.T.);
#14667 = ORIENTED_EDGE('',*,*,#14668,.T.);
#14668 = EDGE_CURVE('',#14638,#14669,#14671,.T.);
#14669 = VERTEX_POINT('',#14670);
#14670 = CARTESIAN_POINT('',(149.175,-65.7375,1.59));
#14671 = LINE('',#14672,#14673);
#14672 = CARTESIAN_POINT('',(136.575,-65.7375,1.59));
#14673 = VECTOR('',#14674,1.);
#14674 = DIRECTION('',(1.,0.,0.));
#14675 = ORIENTED_EDGE('',*,*,#14676,.F.);
#14676 = EDGE_CURVE('',#14677,#14669,#14679,.T.);
#14677 = VERTEX_POINT('',#14678);
#14678 = CARTESIAN_POINT('',(149.175,-65.7375,0.));
#14679 = LINE('',#14680,#14681);
#14680 = CARTESIAN_POINT('',(149.175,-65.7375,0.));
#14681 = VECTOR('',#14682,1.);
#14682 = DIRECTION('',(0.,0.,1.));
#14683 = ORIENTED_EDGE('',*,*,#14684,.F.);
#14684 = EDGE_CURVE('',#14646,#14677,#14685,.T.);
#14685 = LINE('',#14686,#14687);
#14686 = CARTESIAN_POINT('',(136.575,-65.7375,0.));
#14687 = VECTOR('',#14688,1.);
#14688 = DIRECTION('',(1.,0.,0.));
#14689 = PLANE('',#14690);
#14690 = AXIS2_PLACEMENT_3D('',#14691,#14692,#14693);
#14691 = CARTESIAN_POINT('',(136.575,-65.7375,0.));
#14692 = DIRECTION('',(0.,1.,0.));
#14693 = DIRECTION('',(1.,0.,0.));
#14694 = ADVANCED_FACE('',(#14695),#14720,.T.);
#14695 = FACE_BOUND('',#14696,.T.);
#14696 = EDGE_LOOP('',(#14697,#14698,#14706,#14714));
#14697 = ORIENTED_EDGE('',*,*,#14676,.T.);
#14698 = ORIENTED_EDGE('',*,*,#14699,.T.);
#14699 = EDGE_CURVE('',#14669,#14700,#14702,.T.);
#14700 = VERTEX_POINT('',#14701);
#14701 = CARTESIAN_POINT('',(150.175,-64.7375,1.59));
#14702 = LINE('',#14703,#14704);
#14703 = CARTESIAN_POINT('',(149.175,-65.7375,1.59));
#14704 = VECTOR('',#14705,1.);
#14705 = DIRECTION('',(0.707106781187,0.707106781187,0.));
#14706 = ORIENTED_EDGE('',*,*,#14707,.F.);
#14707 = EDGE_CURVE('',#14708,#14700,#14710,.T.);
#14708 = VERTEX_POINT('',#14709);
#14709 = CARTESIAN_POINT('',(150.175,-64.7375,0.));
#14710 = LINE('',#14711,#14712);
#14711 = CARTESIAN_POINT('',(150.175,-64.7375,0.));
#14712 = VECTOR('',#14713,1.);
#14713 = DIRECTION('',(0.,0.,1.));
#14714 = ORIENTED_EDGE('',*,*,#14715,.F.);
#14715 = EDGE_CURVE('',#14677,#14708,#14716,.T.);
#14716 = LINE('',#14717,#14718);
#14717 = CARTESIAN_POINT('',(149.175,-65.7375,0.));
#14718 = VECTOR('',#14719,1.);
#14719 = DIRECTION('',(0.707106781187,0.707106781187,0.));
#14720 = PLANE('',#14721);
#14721 = AXIS2_PLACEMENT_3D('',#14722,#14723,#14724);
#14722 = CARTESIAN_POINT('',(149.175,-65.7375,0.));
#14723 = DIRECTION('',(-0.707106781187,0.707106781187,0.));
#14724 = DIRECTION('',(0.707106781187,0.707106781187,0.));
#14725 = ADVANCED_FACE('',(#14726),#14751,.T.);
#14726 = FACE_BOUND('',#14727,.T.);
#14727 = EDGE_LOOP('',(#14728,#14729,#14737,#14745));
#14728 = ORIENTED_EDGE('',*,*,#14707,.T.);
#14729 = ORIENTED_EDGE('',*,*,#14730,.T.);
#14730 = EDGE_CURVE('',#14700,#14731,#14733,.T.);
#14731 = VERTEX_POINT('',#14732);
#14732 = CARTESIAN_POINT('',(150.175,-52.7375,1.59));
#14733 = LINE('',#14734,#14735);
#14734 = CARTESIAN_POINT('',(150.175,-64.7375,1.59));
#14735 = VECTOR('',#14736,1.);
#14736 = DIRECTION('',(0.,1.,0.));
#14737 = ORIENTED_EDGE('',*,*,#14738,.F.);
#14738 = EDGE_CURVE('',#14739,#14731,#14741,.T.);
#14739 = VERTEX_POINT('',#14740);
#14740 = CARTESIAN_POINT('',(150.175,-52.7375,0.));
#14741 = LINE('',#14742,#14743);
#14742 = CARTESIAN_POINT('',(150.175,-52.7375,0.));
#14743 = VECTOR('',#14744,1.);
#14744 = DIRECTION('',(0.,0.,1.));
#14745 = ORIENTED_EDGE('',*,*,#14746,.F.);
#14746 = EDGE_CURVE('',#14708,#14739,#14747,.T.);
#14747 = LINE('',#14748,#14749);
#14748 = CARTESIAN_POINT('',(150.175,-64.7375,0.));
#14749 = VECTOR('',#14750,1.);
#14750 = DIRECTION('',(0.,1.,0.));
#14751 = PLANE('',#14752);
#14752 = AXIS2_PLACEMENT_3D('',#14753,#14754,#14755);
#14753 = CARTESIAN_POINT('',(150.175,-64.7375,0.));
#14754 = DIRECTION('',(-1.,0.,0.));
#14755 = DIRECTION('',(0.,1.,0.));
#14756 = ADVANCED_FACE('',(#14757),#14782,.T.);
#14757 = FACE_BOUND('',#14758,.T.);
#14758 = EDGE_LOOP('',(#14759,#14760,#14768,#14776));
#14759 = ORIENTED_EDGE('',*,*,#14738,.T.);
#14760 = ORIENTED_EDGE('',*,*,#14761,.T.);
#14761 = EDGE_CURVE('',#14731,#14762,#14764,.T.);
#14762 = VERTEX_POINT('',#14763);
#14763 = CARTESIAN_POINT('',(149.175,-51.7375,1.59));
#14764 = LINE('',#14765,#14766);
#14765 = CARTESIAN_POINT('',(150.175,-52.7375,1.59));
#14766 = VECTOR('',#14767,1.);
#14767 = DIRECTION('',(-0.707106781187,0.707106781187,0.));
#14768 = ORIENTED_EDGE('',*,*,#14769,.F.);
#14769 = EDGE_CURVE('',#14770,#14762,#14772,.T.);
#14770 = VERTEX_POINT('',#14771);
#14771 = CARTESIAN_POINT('',(149.175,-51.7375,0.));
#14772 = LINE('',#14773,#14774);
#14773 = CARTESIAN_POINT('',(149.175,-51.7375,0.));
#14774 = VECTOR('',#14775,1.);
#14775 = DIRECTION('',(0.,0.,1.));
#14776 = ORIENTED_EDGE('',*,*,#14777,.F.);
#14777 = EDGE_CURVE('',#14739,#14770,#14778,.T.);
#14778 = LINE('',#14779,#14780);
#14779 = CARTESIAN_POINT('',(150.175,-52.7375,0.));
#14780 = VECTOR('',#14781,1.);
#14781 = DIRECTION('',(-0.707106781187,0.707106781187,0.));
#14782 = PLANE('',#14783);
#14783 = AXIS2_PLACEMENT_3D('',#14784,#14785,#14786);
#14784 = CARTESIAN_POINT('',(150.175,-52.7375,0.));
#14785 = DIRECTION('',(-0.707106781187,-0.707106781187,0.));
#14786 = DIRECTION('',(-0.707106781187,0.707106781187,0.));
#14787 = ADVANCED_FACE('',(#14788),#14813,.T.);
#14788 = FACE_BOUND('',#14789,.T.);
#14789 = EDGE_LOOP('',(#14790,#14791,#14799,#14807));
#14790 = ORIENTED_EDGE('',*,*,#14769,.T.);
#14791 = ORIENTED_EDGE('',*,*,#14792,.T.);
#14792 = EDGE_CURVE('',#14762,#14793,#14795,.T.);
#14793 = VERTEX_POINT('',#14794);
#14794 = CARTESIAN_POINT('',(136.575,-51.7375,1.59));
#14795 = LINE('',#14796,#14797);
#14796 = CARTESIAN_POINT('',(149.175,-51.7375,1.59));
#14797 = VECTOR('',#14798,1.);
#14798 = DIRECTION('',(-1.,0.,0.));
#14799 = ORIENTED_EDGE('',*,*,#14800,.F.);
#14800 = EDGE_CURVE('',#14801,#14793,#14803,.T.);
#14801 = VERTEX_POINT('',#14802);
#14802 = CARTESIAN_POINT('',(136.575,-51.7375,0.));
#14803 = LINE('',#14804,#14805);
#14804 = CARTESIAN_POINT('',(136.575,-51.7375,0.));
#14805 = VECTOR('',#14806,1.);
#14806 = DIRECTION('',(0.,0.,1.));
#14807 = ORIENTED_EDGE('',*,*,#14808,.F.);
#14808 = EDGE_CURVE('',#14770,#14801,#14809,.T.);
#14809 = LINE('',#14810,#14811);
#14810 = CARTESIAN_POINT('',(149.175,-51.7375,0.));
#14811 = VECTOR('',#14812,1.);
#14812 = DIRECTION('',(-1.,0.,0.));
#14813 = PLANE('',#14814);
#14814 = AXIS2_PLACEMENT_3D('',#14815,#14816,#14817);
#14815 = CARTESIAN_POINT('',(149.175,-51.7375,0.));
#14816 = DIRECTION('',(0.,-1.,0.));
#14817 = DIRECTION('',(-1.,0.,0.));
#14818 = ADVANCED_FACE('',(#14819),#14835,.T.);
#14819 = FACE_BOUND('',#14820,.T.);
#14820 = EDGE_LOOP('',(#14821,#14822,#14828,#14829));
#14821 = ORIENTED_EDGE('',*,*,#14800,.T.);
#14822 = ORIENTED_EDGE('',*,*,#14823,.T.);
#14823 = EDGE_CURVE('',#14793,#14599,#14824,.T.);
#14824 = LINE('',#14825,#14826);
#14825 = CARTESIAN_POINT('',(136.575,-51.7375,1.59));
#14826 = VECTOR('',#14827,1.);
#14827 = DIRECTION('',(-0.707106781187,-0.707106781187,0.));
#14828 = ORIENTED_EDGE('',*,*,#14596,.F.);
#14829 = ORIENTED_EDGE('',*,*,#14830,.F.);
#14830 = EDGE_CURVE('',#14801,#14597,#14831,.T.);
#14831 = LINE('',#14832,#14833);
#14832 = CARTESIAN_POINT('',(136.575,-51.7375,0.));
#14833 = VECTOR('',#14834,1.);
#14834 = DIRECTION('',(-0.707106781187,-0.707106781187,0.));
#14835 = PLANE('',#14836);
#14836 = AXIS2_PLACEMENT_3D('',#14837,#14838,#14839);
#14837 = CARTESIAN_POINT('',(136.575,-51.7375,0.));
#14838 = DIRECTION('',(0.707106781187,-0.707106781187,0.));
#14839 = DIRECTION('',(-0.707106781187,-0.707106781187,0.));
#14840 = ADVANCED_FACE('',(#14841),#14875,.T.);
#14841 = FACE_BOUND('',#14842,.T.);
#14842 = EDGE_LOOP('',(#14843,#14853,#14861,#14869));
#14843 = ORIENTED_EDGE('',*,*,#14844,.T.);
#14844 = EDGE_CURVE('',#14845,#14847,#14849,.T.);
#14845 = VERTEX_POINT('',#14846);
#14846 = CARTESIAN_POINT('',(30.900001,-65.405001,0.));
#14847 = VERTEX_POINT('',#14848);
#14848 = CARTESIAN_POINT('',(30.900001,-65.405001,1.59));
#14849 = LINE('',#14850,#14851);
#14850 = CARTESIAN_POINT('',(30.900001,-65.405001,0.));
#14851 = VECTOR('',#14852,1.);
#14852 = DIRECTION('',(0.,0.,1.));
#14853 = ORIENTED_EDGE('',*,*,#14854,.T.);
#14854 = EDGE_CURVE('',#14847,#14855,#14857,.T.);
#14855 = VERTEX_POINT('',#14856);
#14856 = CARTESIAN_POINT('',(34.299999,-65.405001,1.59));
#14857 = LINE('',#14858,#14859);
#14858 = CARTESIAN_POINT('',(30.900001,-65.405001,1.59));
#14859 = VECTOR('',#14860,1.);
#14860 = DIRECTION('',(1.,0.,0.));
#14861 = ORIENTED_EDGE('',*,*,#14862,.F.);
#14862 = EDGE_CURVE('',#14863,#14855,#14865,.T.);
#14863 = VERTEX_POINT('',#14864);
#14864 = CARTESIAN_POINT('',(34.299999,-65.405001,0.));
#14865 = LINE('',#14866,#14867);
#14866 = CARTESIAN_POINT('',(34.299999,-65.405001,0.));
#14867 = VECTOR('',#14868,1.);
#14868 = DIRECTION('',(0.,0.,1.));
#14869 = ORIENTED_EDGE('',*,*,#14870,.F.);
#14870 = EDGE_CURVE('',#14845,#14863,#14871,.T.);
#14871 = LINE('',#14872,#14873);
#14872 = CARTESIAN_POINT('',(30.900001,-65.405001,0.));
#14873 = VECTOR('',#14874,1.);
#14874 = DIRECTION('',(1.,0.,0.));
#14875 = PLANE('',#14876);
#14876 = AXIS2_PLACEMENT_3D('',#14877,#14878,#14879);
#14877 = CARTESIAN_POINT('',(30.900001,-65.405001,0.));
#14878 = DIRECTION('',(0.,1.,0.));
#14879 = DIRECTION('',(1.,0.,0.));
#14880 = ADVANCED_FACE('',(#14881),#14906,.T.);
#14881 = FACE_BOUND('',#14882,.T.);
#14882 = EDGE_LOOP('',(#14883,#14884,#14892,#14900));
#14883 = ORIENTED_EDGE('',*,*,#14862,.T.);
#14884 = ORIENTED_EDGE('',*,*,#14885,.T.);
#14885 = EDGE_CURVE('',#14855,#14886,#14888,.T.);
#14886 = VERTEX_POINT('',#14887);
#14887 = CARTESIAN_POINT('',(34.299999,-62.204601,1.59));
#14888 = LINE('',#14889,#14890);
#14889 = CARTESIAN_POINT('',(34.299999,-65.405001,1.59));
#14890 = VECTOR('',#14891,1.);
#14891 = DIRECTION('',(0.,1.,0.));
#14892 = ORIENTED_EDGE('',*,*,#14893,.F.);
#14893 = EDGE_CURVE('',#14894,#14886,#14896,.T.);
#14894 = VERTEX_POINT('',#14895);
#14895 = CARTESIAN_POINT('',(34.299999,-62.204601,0.));
#14896 = LINE('',#14897,#14898);
#14897 = CARTESIAN_POINT('',(34.299999,-62.204601,0.));
#14898 = VECTOR('',#14899,1.);
#14899 = DIRECTION('',(0.,0.,1.));
#14900 = ORIENTED_EDGE('',*,*,#14901,.F.);
#14901 = EDGE_CURVE('',#14863,#14894,#14902,.T.);
#14902 = LINE('',#14903,#14904);
#14903 = CARTESIAN_POINT('',(34.299999,-65.405001,0.));
#14904 = VECTOR('',#14905,1.);
#14905 = DIRECTION('',(0.,1.,0.));
#14906 = PLANE('',#14907);
#14907 = AXIS2_PLACEMENT_3D('',#14908,#14909,#14910);
#14908 = CARTESIAN_POINT('',(34.299999,-65.405001,0.));
#14909 = DIRECTION('',(-1.,0.,0.));
#14910 = DIRECTION('',(0.,1.,0.));
#14911 = ADVANCED_FACE('',(#14912),#14937,.T.);
#14912 = FACE_BOUND('',#14913,.T.);
#14913 = EDGE_LOOP('',(#14914,#14915,#14923,#14931));
#14914 = ORIENTED_EDGE('',*,*,#14893,.T.);
#14915 = ORIENTED_EDGE('',*,*,#14916,.T.);
#14916 = EDGE_CURVE('',#14886,#14917,#14919,.T.);
#14917 = VERTEX_POINT('',#14918);
#14918 = CARTESIAN_POINT('',(30.900001,-62.204601,1.59));
#14919 = LINE('',#14920,#14921);
#14920 = CARTESIAN_POINT('',(34.299999,-62.204601,1.59));
#14921 = VECTOR('',#14922,1.);
#14922 = DIRECTION('',(-1.,0.,0.));
#14923 = ORIENTED_EDGE('',*,*,#14924,.F.);
#14924 = EDGE_CURVE('',#14925,#14917,#14927,.T.);
#14925 = VERTEX_POINT('',#14926);
#14926 = CARTESIAN_POINT('',(30.900001,-62.204601,0.));
#14927 = LINE('',#14928,#14929);
#14928 = CARTESIAN_POINT('',(30.900001,-62.204601,0.));
#14929 = VECTOR('',#14930,1.);
#14930 = DIRECTION('',(0.,0.,1.));
#14931 = ORIENTED_EDGE('',*,*,#14932,.F.);
#14932 = EDGE_CURVE('',#14894,#14925,#14933,.T.);
#14933 = LINE('',#14934,#14935);
#14934 = CARTESIAN_POINT('',(34.299999,-62.204601,0.));
#14935 = VECTOR('',#14936,1.);
#14936 = DIRECTION('',(-1.,0.,0.));
#14937 = PLANE('',#14938);
#14938 = AXIS2_PLACEMENT_3D('',#14939,#14940,#14941);
#14939 = CARTESIAN_POINT('',(34.299999,-62.204601,0.));
#14940 = DIRECTION('',(0.,-1.,0.));
#14941 = DIRECTION('',(-1.,0.,0.));
#14942 = ADVANCED_FACE('',(#14943),#14959,.T.);
#14943 = FACE_BOUND('',#14944,.T.);
#14944 = EDGE_LOOP('',(#14945,#14946,#14952,#14953));
#14945 = ORIENTED_EDGE('',*,*,#14924,.T.);
#14946 = ORIENTED_EDGE('',*,*,#14947,.T.);
#14947 = EDGE_CURVE('',#14917,#14847,#14948,.T.);
#14948 = LINE('',#14949,#14950);
#14949 = CARTESIAN_POINT('',(30.900001,-62.204601,1.59));
#14950 = VECTOR('',#14951,1.);
#14951 = DIRECTION('',(0.,-1.,0.));
#14952 = ORIENTED_EDGE('',*,*,#14844,.F.);
#14953 = ORIENTED_EDGE('',*,*,#14954,.F.);
#14954 = EDGE_CURVE('',#14925,#14845,#14955,.T.);
#14955 = LINE('',#14956,#14957);
#14956 = CARTESIAN_POINT('',(30.900001,-62.204601,0.));
#14957 = VECTOR('',#14958,1.);
#14958 = DIRECTION('',(0.,-1.,0.));
#14959 = PLANE('',#14960);
#14960 = AXIS2_PLACEMENT_3D('',#14961,#14962,#14963);
#14961 = CARTESIAN_POINT('',(30.900001,-62.204601,0.));
#14962 = DIRECTION('',(1.,0.,-0.));
#14963 = DIRECTION('',(0.,-1.,0.));
#14964 = ADVANCED_FACE('',(#14965),#14999,.T.);
#14965 = FACE_BOUND('',#14966,.T.);
#14966 = EDGE_LOOP('',(#14967,#14977,#14985,#14993));
#14967 = ORIENTED_EDGE('',*,*,#14968,.T.);
#14968 = EDGE_CURVE('',#14969,#14971,#14973,.T.);
#14969 = VERTEX_POINT('',#14970);
#14970 = CARTESIAN_POINT('',(30.899001,-59.785201,0.));
#14971 = VERTEX_POINT('',#14972);
#14972 = CARTESIAN_POINT('',(30.899001,-59.785201,1.59));
#14973 = LINE('',#14974,#14975);
#14974 = CARTESIAN_POINT('',(30.899001,-59.785201,0.));
#14975 = VECTOR('',#14976,1.);
#14976 = DIRECTION('',(0.,0.,1.));
#14977 = ORIENTED_EDGE('',*,*,#14978,.T.);
#14978 = EDGE_CURVE('',#14971,#14979,#14981,.T.);
#14979 = VERTEX_POINT('',#14980);
#14980 = CARTESIAN_POINT('',(34.298999,-59.785201,1.59));
#14981 = LINE('',#14982,#14983);
#14982 = CARTESIAN_POINT('',(30.899001,-59.785201,1.59));
#14983 = VECTOR('',#14984,1.);
#14984 = DIRECTION('',(1.,0.,0.));
#14985 = ORIENTED_EDGE('',*,*,#14986,.F.);
#14986 = EDGE_CURVE('',#14987,#14979,#14989,.T.);
#14987 = VERTEX_POINT('',#14988);
#14988 = CARTESIAN_POINT('',(34.298999,-59.785201,0.));
#14989 = LINE('',#14990,#14991);
#14990 = CARTESIAN_POINT('',(34.298999,-59.785201,0.));
#14991 = VECTOR('',#14992,1.);
#14992 = DIRECTION('',(0.,0.,1.));
#14993 = ORIENTED_EDGE('',*,*,#14994,.F.);
#14994 = EDGE_CURVE('',#14969,#14987,#14995,.T.);
#14995 = LINE('',#14996,#14997);
#14996 = CARTESIAN_POINT('',(30.899001,-59.785201,0.));
#14997 = VECTOR('',#14998,1.);
#14998 = DIRECTION('',(1.,0.,0.));
#14999 = PLANE('',#15000);
#15000 = AXIS2_PLACEMENT_3D('',#15001,#15002,#15003);
#15001 = CARTESIAN_POINT('',(30.899001,-59.785201,0.));
#15002 = DIRECTION('',(0.,1.,0.));
#15003 = DIRECTION('',(1.,0.,0.));
#15004 = ADVANCED_FACE('',(#15005),#15030,.T.);
#15005 = FACE_BOUND('',#15006,.T.);
#15006 = EDGE_LOOP('',(#15007,#15008,#15016,#15024));
#15007 = ORIENTED_EDGE('',*,*,#14986,.T.);
#15008 = ORIENTED_EDGE('',*,*,#15009,.T.);
#15009 = EDGE_CURVE('',#14979,#15010,#15012,.T.);
#15010 = VERTEX_POINT('',#15011);
#15011 = CARTESIAN_POINT('',(34.298999,-56.584801,1.59));
#15012 = LINE('',#15013,#15014);
#15013 = CARTESIAN_POINT('',(34.298999,-59.785201,1.59));
#15014 = VECTOR('',#15015,1.);
#15015 = DIRECTION('',(0.,1.,0.));
#15016 = ORIENTED_EDGE('',*,*,#15017,.F.);
#15017 = EDGE_CURVE('',#15018,#15010,#15020,.T.);
#15018 = VERTEX_POINT('',#15019);
#15019 = CARTESIAN_POINT('',(34.298999,-56.584801,0.));
#15020 = LINE('',#15021,#15022);
#15021 = CARTESIAN_POINT('',(34.298999,-56.584801,0.));
#15022 = VECTOR('',#15023,1.);
#15023 = DIRECTION('',(0.,0.,1.));
#15024 = ORIENTED_EDGE('',*,*,#15025,.F.);
#15025 = EDGE_CURVE('',#14987,#15018,#15026,.T.);
#15026 = LINE('',#15027,#15028);
#15027 = CARTESIAN_POINT('',(34.298999,-59.785201,0.));
#15028 = VECTOR('',#15029,1.);
#15029 = DIRECTION('',(0.,1.,0.));
#15030 = PLANE('',#15031);
#15031 = AXIS2_PLACEMENT_3D('',#15032,#15033,#15034);
#15032 = CARTESIAN_POINT('',(34.298999,-59.785201,0.));
#15033 = DIRECTION('',(-1.,0.,0.));
#15034 = DIRECTION('',(0.,1.,0.));
#15035 = ADVANCED_FACE('',(#15036),#15061,.T.);
#15036 = FACE_BOUND('',#15037,.T.);
#15037 = EDGE_LOOP('',(#15038,#15039,#15047,#15055));
#15038 = ORIENTED_EDGE('',*,*,#15017,.T.);
#15039 = ORIENTED_EDGE('',*,*,#15040,.T.);
#15040 = EDGE_CURVE('',#15010,#15041,#15043,.T.);
#15041 = VERTEX_POINT('',#15042);
#15042 = CARTESIAN_POINT('',(30.899001,-56.584801,1.59));
#15043 = LINE('',#15044,#15045);
#15044 = CARTESIAN_POINT('',(34.298999,-56.584801,1.59));
#15045 = VECTOR('',#15046,1.);
#15046 = DIRECTION('',(-1.,0.,0.));
#15047 = ORIENTED_EDGE('',*,*,#15048,.F.);
#15048 = EDGE_CURVE('',#15049,#15041,#15051,.T.);
#15049 = VERTEX_POINT('',#15050);
#15050 = CARTESIAN_POINT('',(30.899001,-56.584801,0.));
#15051 = LINE('',#15052,#15053);
#15052 = CARTESIAN_POINT('',(30.899001,-56.584801,0.));
#15053 = VECTOR('',#15054,1.);
#15054 = DIRECTION('',(0.,0.,1.));
#15055 = ORIENTED_EDGE('',*,*,#15056,.F.);
#15056 = EDGE_CURVE('',#15018,#15049,#15057,.T.);
#15057 = LINE('',#15058,#15059);
#15058 = CARTESIAN_POINT('',(34.298999,-56.584801,0.));
#15059 = VECTOR('',#15060,1.);
#15060 = DIRECTION('',(-1.,0.,0.));
#15061 = PLANE('',#15062);
#15062 = AXIS2_PLACEMENT_3D('',#15063,#15064,#15065);
#15063 = CARTESIAN_POINT('',(34.298999,-56.584801,0.));
#15064 = DIRECTION('',(0.,-1.,0.));
#15065 = DIRECTION('',(-1.,0.,0.));
#15066 = ADVANCED_FACE('',(#15067),#15083,.T.);
#15067 = FACE_BOUND('',#15068,.T.);
#15068 = EDGE_LOOP('',(#15069,#15070,#15076,#15077));
#15069 = ORIENTED_EDGE('',*,*,#15048,.T.);
#15070 = ORIENTED_EDGE('',*,*,#15071,.T.);
#15071 = EDGE_CURVE('',#15041,#14971,#15072,.T.);
#15072 = LINE('',#15073,#15074);
#15073 = CARTESIAN_POINT('',(30.899001,-56.584801,1.59));
#15074 = VECTOR('',#15075,1.);
#15075 = DIRECTION('',(0.,-1.,0.));
#15076 = ORIENTED_EDGE('',*,*,#14968,.F.);
#15077 = ORIENTED_EDGE('',*,*,#15078,.F.);
#15078 = EDGE_CURVE('',#15049,#14969,#15079,.T.);
#15079 = LINE('',#15080,#15081);
#15080 = CARTESIAN_POINT('',(30.899001,-56.584801,0.));
#15081 = VECTOR('',#15082,1.);
#15082 = DIRECTION('',(0.,-1.,0.));
#15083 = PLANE('',#15084);
#15084 = AXIS2_PLACEMENT_3D('',#15085,#15086,#15087);
#15085 = CARTESIAN_POINT('',(30.899001,-56.584801,0.));
#15086 = DIRECTION('',(1.,0.,-0.));
#15087 = DIRECTION('',(0.,-1.,0.));
#15088 = ADVANCED_FACE('',(#15089),#15116,.F.);
#15089 = FACE_BOUND('',#15090,.T.);
#15090 = EDGE_LOOP('',(#15091,#15101,#15108,#15109));
#15091 = ORIENTED_EDGE('',*,*,#15092,.T.);
#15092 = EDGE_CURVE('',#15093,#15095,#15097,.T.);
#15093 = VERTEX_POINT('',#15094);
#15094 = CARTESIAN_POINT('',(38.9,-58.7375,0.));
#15095 = VERTEX_POINT('',#15096);
#15096 = CARTESIAN_POINT('',(38.9,-58.7375,1.59));
#15097 = LINE('',#15098,#15099);
#15098 = CARTESIAN_POINT('',(38.9,-58.7375,0.));
#15099 = VECTOR('',#15100,1.);
#15100 = DIRECTION('',(0.,0.,1.));
#15101 = ORIENTED_EDGE('',*,*,#15102,.T.);
#15102 = EDGE_CURVE('',#15095,#15095,#15103,.T.);
#15103 = CIRCLE('',#15104,0.8);
#15104 = AXIS2_PLACEMENT_3D('',#15105,#15106,#15107);
#15105 = CARTESIAN_POINT('',(38.1,-58.7375,1.59));
#15106 = DIRECTION('',(0.,0.,1.));
#15107 = DIRECTION('',(1.,0.,-0.));
#15108 = ORIENTED_EDGE('',*,*,#15092,.F.);
#15109 = ORIENTED_EDGE('',*,*,#15110,.F.);
#15110 = EDGE_CURVE('',#15093,#15093,#15111,.T.);
#15111 = CIRCLE('',#15112,0.8);
#15112 = AXIS2_PLACEMENT_3D('',#15113,#15114,#15115);
#15113 = CARTESIAN_POINT('',(38.1,-58.7375,0.));
#15114 = DIRECTION('',(0.,0.,1.));
#15115 = DIRECTION('',(1.,0.,-0.));
#15116 = CYLINDRICAL_SURFACE('',#15117,0.8);
#15117 = AXIS2_PLACEMENT_3D('',#15118,#15119,#15120);
#15118 = CARTESIAN_POINT('',(38.1,-58.7375,0.));
#15119 = DIRECTION('',(-0.,-0.,-1.));
#15120 = DIRECTION('',(1.,0.,-0.));
#15121 = ADVANCED_FACE('',(#15122),#15149,.F.);
#15122 = FACE_BOUND('',#15123,.T.);
#15123 = EDGE_LOOP('',(#15124,#15134,#15141,#15142));
#15124 = ORIENTED_EDGE('',*,*,#15125,.T.);
#15125 = EDGE_CURVE('',#15126,#15128,#15130,.T.);
#15126 = VERTEX_POINT('',#15127);
#15127 = CARTESIAN_POINT('',(77.,-58.7375,0.));
#15128 = VERTEX_POINT('',#15129);
#15129 = CARTESIAN_POINT('',(77.,-58.7375,1.59));
#15130 = LINE('',#15131,#15132);
#15131 = CARTESIAN_POINT('',(77.,-58.7375,0.));
#15132 = VECTOR('',#15133,1.);
#15133 = DIRECTION('',(0.,0.,1.));
#15134 = ORIENTED_EDGE('',*,*,#15135,.T.);
#15135 = EDGE_CURVE('',#15128,#15128,#15136,.T.);
#15136 = CIRCLE('',#15137,0.8);
#15137 = AXIS2_PLACEMENT_3D('',#15138,#15139,#15140);
#15138 = CARTESIAN_POINT('',(76.2,-58.7375,1.59));
#15139 = DIRECTION('',(0.,0.,1.));
#15140 = DIRECTION('',(1.,0.,-0.));
#15141 = ORIENTED_EDGE('',*,*,#15125,.F.);
#15142 = ORIENTED_EDGE('',*,*,#15143,.F.);
#15143 = EDGE_CURVE('',#15126,#15126,#15144,.T.);
#15144 = CIRCLE('',#15145,0.8);
#15145 = AXIS2_PLACEMENT_3D('',#15146,#15147,#15148);
#15146 = CARTESIAN_POINT('',(76.2,-58.7375,0.));
#15147 = DIRECTION('',(0.,0.,1.));
#15148 = DIRECTION('',(1.,0.,-0.));
#15149 = CYLINDRICAL_SURFACE('',#15150,0.8);
#15150 = AXIS2_PLACEMENT_3D('',#15151,#15152,#15153);
#15151 = CARTESIAN_POINT('',(76.2,-58.7375,0.));
#15152 = DIRECTION('',(-0.,-0.,-1.));
#15153 = DIRECTION('',(1.,0.,-0.));
#15154 = ADVANCED_FACE('',(#15155),#15182,.F.);
#15155 = FACE_BOUND('',#15156,.T.);
#15156 = EDGE_LOOP('',(#15157,#15167,#15174,#15175));
#15157 = ORIENTED_EDGE('',*,*,#15158,.T.);
#15158 = EDGE_CURVE('',#15159,#15161,#15163,.T.);
#15159 = VERTEX_POINT('',#15160);
#15160 = CARTESIAN_POINT('',(115.1,-58.7375,0.));
#15161 = VERTEX_POINT('',#15162);
#15162 = CARTESIAN_POINT('',(115.1,-58.7375,1.59));
#15163 = LINE('',#15164,#15165);
#15164 = CARTESIAN_POINT('',(115.1,-58.7375,0.));
#15165 = VECTOR('',#15166,1.);
#15166 = DIRECTION('',(0.,0.,1.));
#15167 = ORIENTED_EDGE('',*,*,#15168,.T.);
#15168 = EDGE_CURVE('',#15161,#15161,#15169,.T.);
#15169 = CIRCLE('',#15170,0.8);
#15170 = AXIS2_PLACEMENT_3D('',#15171,#15172,#15173);
#15171 = CARTESIAN_POINT('',(114.3,-58.7375,1.59));
#15172 = DIRECTION('',(0.,0.,1.));
#15173 = DIRECTION('',(1.,0.,-0.));
#15174 = ORIENTED_EDGE('',*,*,#15158,.F.);
#15175 = ORIENTED_EDGE('',*,*,#15176,.F.);
#15176 = EDGE_CURVE('',#15159,#15159,#15177,.T.);
#15177 = CIRCLE('',#15178,0.8);
#15178 = AXIS2_PLACEMENT_3D('',#15179,#15180,#15181);
#15179 = CARTESIAN_POINT('',(114.3,-58.7375,0.));
#15180 = DIRECTION('',(0.,0.,1.));
#15181 = DIRECTION('',(1.,0.,-0.));
#15182 = CYLINDRICAL_SURFACE('',#15183,0.8);
#15183 = AXIS2_PLACEMENT_3D('',#15184,#15185,#15186);
#15184 = CARTESIAN_POINT('',(114.3,-58.7375,0.));
#15185 = DIRECTION('',(-0.,-0.,-1.));
#15186 = DIRECTION('',(1.,0.,-0.));
#15187 = ADVANCED_FACE('',(#15188),#15215,.F.);
#15188 = FACE_BOUND('',#15189,.T.);
#15189 = EDGE_LOOP('',(#15190,#15200,#15207,#15208));
#15190 = ORIENTED_EDGE('',*,*,#15191,.T.);
#15191 = EDGE_CURVE('',#15192,#15194,#15196,.T.);
#15192 = VERTEX_POINT('',#15193);
#15193 = CARTESIAN_POINT('',(134.15,-58.7375,0.));
#15194 = VERTEX_POINT('',#15195);
#15195 = CARTESIAN_POINT('',(134.15,-58.7375,1.59));
#15196 = LINE('',#15197,#15198);
#15197 = CARTESIAN_POINT('',(134.15,-58.7375,0.));
#15198 = VECTOR('',#15199,1.);
#15199 = DIRECTION('',(0.,0.,1.));
#15200 = ORIENTED_EDGE('',*,*,#15201,.T.);
#15201 = EDGE_CURVE('',#15194,#15194,#15202,.T.);
#15202 = CIRCLE('',#15203,0.8);
#15203 = AXIS2_PLACEMENT_3D('',#15204,#15205,#15206);
#15204 = CARTESIAN_POINT('',(133.35,-58.7375,1.59));
#15205 = DIRECTION('',(0.,0.,1.));
#15206 = DIRECTION('',(1.,0.,-0.));
#15207 = ORIENTED_EDGE('',*,*,#15191,.F.);
#15208 = ORIENTED_EDGE('',*,*,#15209,.F.);
#15209 = EDGE_CURVE('',#15192,#15192,#15210,.T.);
#15210 = CIRCLE('',#15211,0.8);
#15211 = AXIS2_PLACEMENT_3D('',#15212,#15213,#15214);
#15212 = CARTESIAN_POINT('',(133.35,-58.7375,0.));
#15213 = DIRECTION('',(0.,0.,1.));
#15214 = DIRECTION('',(1.,0.,-0.));
#15215 = CYLINDRICAL_SURFACE('',#15216,0.8);
#15216 = AXIS2_PLACEMENT_3D('',#15217,#15218,#15219);
#15217 = CARTESIAN_POINT('',(133.35,-58.7375,0.));
#15218 = DIRECTION('',(-0.,-0.,-1.));
#15219 = DIRECTION('',(1.,0.,-0.));
#15220 = ADVANCED_FACE('',(#15221),#15255,.T.);
#15221 = FACE_BOUND('',#15222,.T.);
#15222 = EDGE_LOOP('',(#15223,#15233,#15241,#15249));
#15223 = ORIENTED_EDGE('',*,*,#15224,.T.);
#15224 = EDGE_CURVE('',#15225,#15227,#15229,.T.);
#15225 = VERTEX_POINT('',#15226);
#15226 = CARTESIAN_POINT('',(30.899001,-54.152701,0.));
#15227 = VERTEX_POINT('',#15228);
#15228 = CARTESIAN_POINT('',(30.899001,-54.152701,1.59));
#15229 = LINE('',#15230,#15231);
#15230 = CARTESIAN_POINT('',(30.899001,-54.152701,0.));
#15231 = VECTOR('',#15232,1.);
#15232 = DIRECTION('',(0.,0.,1.));
#15233 = ORIENTED_EDGE('',*,*,#15234,.T.);
#15234 = EDGE_CURVE('',#15227,#15235,#15237,.T.);
#15235 = VERTEX_POINT('',#15236);
#15236 = CARTESIAN_POINT('',(34.298999,-54.152701,1.59));
#15237 = LINE('',#15238,#15239);
#15238 = CARTESIAN_POINT('',(30.899001,-54.152701,1.59));
#15239 = VECTOR('',#15240,1.);
#15240 = DIRECTION('',(1.,0.,0.));
#15241 = ORIENTED_EDGE('',*,*,#15242,.F.);
#15242 = EDGE_CURVE('',#15243,#15235,#15245,.T.);
#15243 = VERTEX_POINT('',#15244);
#15244 = CARTESIAN_POINT('',(34.298999,-54.152701,0.));
#15245 = LINE('',#15246,#15247);
#15246 = CARTESIAN_POINT('',(34.298999,-54.152701,0.));
#15247 = VECTOR('',#15248,1.);
#15248 = DIRECTION('',(0.,0.,1.));
#15249 = ORIENTED_EDGE('',*,*,#15250,.F.);
#15250 = EDGE_CURVE('',#15225,#15243,#15251,.T.);
#15251 = LINE('',#15252,#15253);
#15252 = CARTESIAN_POINT('',(30.899001,-54.152701,0.));
#15253 = VECTOR('',#15254,1.);
#15254 = DIRECTION('',(1.,0.,0.));
#15255 = PLANE('',#15256);
#15256 = AXIS2_PLACEMENT_3D('',#15257,#15258,#15259);
#15257 = CARTESIAN_POINT('',(30.899001,-54.152701,0.));
#15258 = DIRECTION('',(0.,1.,0.));
#15259 = DIRECTION('',(1.,0.,0.));
#15260 = ADVANCED_FACE('',(#15261),#15286,.T.);
#15261 = FACE_BOUND('',#15262,.T.);
#15262 = EDGE_LOOP('',(#15263,#15264,#15272,#15280));
#15263 = ORIENTED_EDGE('',*,*,#15242,.T.);
#15264 = ORIENTED_EDGE('',*,*,#15265,.T.);
#15265 = EDGE_CURVE('',#15235,#15266,#15268,.T.);
#15266 = VERTEX_POINT('',#15267);
#15267 = CARTESIAN_POINT('',(34.298999,-50.952301,1.59));
#15268 = LINE('',#15269,#15270);
#15269 = CARTESIAN_POINT('',(34.298999,-54.152701,1.59));
#15270 = VECTOR('',#15271,1.);
#15271 = DIRECTION('',(0.,1.,0.));
#15272 = ORIENTED_EDGE('',*,*,#15273,.F.);
#15273 = EDGE_CURVE('',#15274,#15266,#15276,.T.);
#15274 = VERTEX_POINT('',#15275);
#15275 = CARTESIAN_POINT('',(34.298999,-50.952301,0.));
#15276 = LINE('',#15277,#15278);
#15277 = CARTESIAN_POINT('',(34.298999,-50.952301,0.));
#15278 = VECTOR('',#15279,1.);
#15279 = DIRECTION('',(0.,0.,1.));
#15280 = ORIENTED_EDGE('',*,*,#15281,.F.);
#15281 = EDGE_CURVE('',#15243,#15274,#15282,.T.);
#15282 = LINE('',#15283,#15284);
#15283 = CARTESIAN_POINT('',(34.298999,-54.152701,0.));
#15284 = VECTOR('',#15285,1.);
#15285 = DIRECTION('',(0.,1.,0.));
#15286 = PLANE('',#15287);
#15287 = AXIS2_PLACEMENT_3D('',#15288,#15289,#15290);
#15288 = CARTESIAN_POINT('',(34.298999,-54.152701,0.));
#15289 = DIRECTION('',(-1.,0.,0.));
#15290 = DIRECTION('',(0.,1.,0.));
#15291 = ADVANCED_FACE('',(#15292),#15317,.T.);
#15292 = FACE_BOUND('',#15293,.T.);
#15293 = EDGE_LOOP('',(#15294,#15295,#15303,#15311));
#15294 = ORIENTED_EDGE('',*,*,#15273,.T.);
#15295 = ORIENTED_EDGE('',*,*,#15296,.T.);
#15296 = EDGE_CURVE('',#15266,#15297,#15299,.T.);
#15297 = VERTEX_POINT('',#15298);
#15298 = CARTESIAN_POINT('',(30.899001,-50.952301,1.59));
#15299 = LINE('',#15300,#15301);
#15300 = CARTESIAN_POINT('',(34.298999,-50.952301,1.59));
#15301 = VECTOR('',#15302,1.);
#15302 = DIRECTION('',(-1.,0.,0.));
#15303 = ORIENTED_EDGE('',*,*,#15304,.F.);
#15304 = EDGE_CURVE('',#15305,#15297,#15307,.T.);
#15305 = VERTEX_POINT('',#15306);
#15306 = CARTESIAN_POINT('',(30.899001,-50.952301,0.));
#15307 = LINE('',#15308,#15309);
#15308 = CARTESIAN_POINT('',(30.899001,-50.952301,0.));
#15309 = VECTOR('',#15310,1.);
#15310 = DIRECTION('',(0.,0.,1.));
#15311 = ORIENTED_EDGE('',*,*,#15312,.F.);
#15312 = EDGE_CURVE('',#15274,#15305,#15313,.T.);
#15313 = LINE('',#15314,#15315);
#15314 = CARTESIAN_POINT('',(34.298999,-50.952301,0.));
#15315 = VECTOR('',#15316,1.);
#15316 = DIRECTION('',(-1.,0.,0.));
#15317 = PLANE('',#15318);
#15318 = AXIS2_PLACEMENT_3D('',#15319,#15320,#15321);
#15319 = CARTESIAN_POINT('',(34.298999,-50.952301,0.));
#15320 = DIRECTION('',(0.,-1.,0.));
#15321 = DIRECTION('',(-1.,0.,0.));
#15322 = ADVANCED_FACE('',(#15323),#15339,.T.);
#15323 = FACE_BOUND('',#15324,.T.);
#15324 = EDGE_LOOP('',(#15325,#15326,#15332,#15333));
#15325 = ORIENTED_EDGE('',*,*,#15304,.T.);
#15326 = ORIENTED_EDGE('',*,*,#15327,.T.);
#15327 = EDGE_CURVE('',#15297,#15227,#15328,.T.);
#15328 = LINE('',#15329,#15330);
#15329 = CARTESIAN_POINT('',(30.899001,-50.952301,1.59));
#15330 = VECTOR('',#15331,1.);
#15331 = DIRECTION('',(0.,-1.,0.));
#15332 = ORIENTED_EDGE('',*,*,#15224,.F.);
#15333 = ORIENTED_EDGE('',*,*,#15334,.F.);
#15334 = EDGE_CURVE('',#15305,#15225,#15335,.T.);
#15335 = LINE('',#15336,#15337);
#15336 = CARTESIAN_POINT('',(30.899001,-50.952301,0.));
#15337 = VECTOR('',#15338,1.);
#15338 = DIRECTION('',(0.,-1.,0.));
#15339 = PLANE('',#15340);
#15340 = AXIS2_PLACEMENT_3D('',#15341,#15342,#15343);
#15341 = CARTESIAN_POINT('',(30.899001,-50.952301,0.));
#15342 = DIRECTION('',(1.,0.,-0.));
#15343 = DIRECTION('',(0.,-1.,0.));
#15344 = ADVANCED_FACE('',(#15345,#15381,#15391,#15401,#15411,#15421,
    #15431,#15441,#15451,#15465,#15479,#15485,#15488,#15491,#15494,
    #15497,#15500,#15510,#15520,#15530,#15540,#15550,#15560,#15570,
    #15580,#15590,#15600,#15610,#15620,#15623,#15626,#15629,#15632,
    #15635,#15645,#15655,#15665,#15675,#15685,#15695,#15705,#15715,
    #15725,#15735,#15745,#15755,#15758,#15761,#15764,#15767,#15770,
    #15773,#15783,#15793,#15803,#15813,#15823,#15833,#15843,#15853,
    #15863,#15873,#15883,#15893,#15896,#15899,#15902,#15905,#15908,
    #15918,#15928,#15938,#15948,#15958,#15968,#15974,#15980,#15983,
    #15986,#15989,#15992),#15998,.F.);
#15345 = FACE_BOUND('',#15346,.T.);
#15346 = EDGE_LOOP('',(#15347,#15348,#15349,#15350,#15351,#15352,#15353,
    #15354,#15355,#15356,#15357,#15358,#15359,#15360,#15361,#15362,
    #15363,#15364,#15365,#15366,#15367,#15368,#15369,#15370,#15371,
    #15372,#15373,#15374,#15375,#15376,#15377,#15378,#15379,#15380));
#15347 = ORIENTED_EDGE('',*,*,#66,.T.);
#15348 = ORIENTED_EDGE('',*,*,#98,.T.);
#15349 = ORIENTED_EDGE('',*,*,#129,.T.);
#15350 = ORIENTED_EDGE('',*,*,#161,.T.);
#15351 = ORIENTED_EDGE('',*,*,#193,.T.);
#15352 = ORIENTED_EDGE('',*,*,#224,.T.);
#15353 = ORIENTED_EDGE('',*,*,#255,.T.);
#15354 = ORIENTED_EDGE('',*,*,#287,.T.);
#15355 = ORIENTED_EDGE('',*,*,#319,.T.);
#15356 = ORIENTED_EDGE('',*,*,#350,.T.);
#15357 = ORIENTED_EDGE('',*,*,#382,.T.);
#15358 = ORIENTED_EDGE('',*,*,#414,.T.);
#15359 = ORIENTED_EDGE('',*,*,#445,.T.);
#15360 = ORIENTED_EDGE('',*,*,#477,.T.);
#15361 = ORIENTED_EDGE('',*,*,#509,.T.);
#15362 = ORIENTED_EDGE('',*,*,#540,.T.);
#15363 = ORIENTED_EDGE('',*,*,#572,.T.);
#15364 = ORIENTED_EDGE('',*,*,#604,.T.);
#15365 = ORIENTED_EDGE('',*,*,#635,.T.);
#15366 = ORIENTED_EDGE('',*,*,#667,.T.);
#15367 = ORIENTED_EDGE('',*,*,#699,.T.);
#15368 = ORIENTED_EDGE('',*,*,#730,.T.);
#15369 = ORIENTED_EDGE('',*,*,#762,.T.);
#15370 = ORIENTED_EDGE('',*,*,#794,.T.);
#15371 = ORIENTED_EDGE('',*,*,#825,.T.);
#15372 = ORIENTED_EDGE('',*,*,#857,.T.);
#15373 = ORIENTED_EDGE('',*,*,#889,.T.);
#15374 = ORIENTED_EDGE('',*,*,#920,.T.);
#15375 = ORIENTED_EDGE('',*,*,#952,.T.);
#15376 = ORIENTED_EDGE('',*,*,#984,.T.);
#15377 = ORIENTED_EDGE('',*,*,#1015,.T.);
#15378 = ORIENTED_EDGE('',*,*,#1047,.T.);
#15379 = ORIENTED_EDGE('',*,*,#1079,.T.);
#15380 = ORIENTED_EDGE('',*,*,#1101,.T.);
#15381 = FACE_BOUND('',#15382,.T.);
#15382 = EDGE_LOOP('',(#15383,#15384,#15385,#15386,#15387,#15388,#15389,
    #15390));
#15383 = ORIENTED_EDGE('',*,*,#1141,.T.);
#15384 = ORIENTED_EDGE('',*,*,#1172,.T.);
#15385 = ORIENTED_EDGE('',*,*,#1203,.T.);
#15386 = ORIENTED_EDGE('',*,*,#1234,.T.);
#15387 = ORIENTED_EDGE('',*,*,#1265,.T.);
#15388 = ORIENTED_EDGE('',*,*,#1296,.T.);
#15389 = ORIENTED_EDGE('',*,*,#1327,.T.);
#15390 = ORIENTED_EDGE('',*,*,#1349,.T.);
#15391 = FACE_BOUND('',#15392,.T.);
#15392 = EDGE_LOOP('',(#15393,#15394,#15395,#15396,#15397,#15398,#15399,
    #15400));
#15393 = ORIENTED_EDGE('',*,*,#1389,.T.);
#15394 = ORIENTED_EDGE('',*,*,#1420,.T.);
#15395 = ORIENTED_EDGE('',*,*,#1451,.T.);
#15396 = ORIENTED_EDGE('',*,*,#1482,.T.);
#15397 = ORIENTED_EDGE('',*,*,#1513,.T.);
#15398 = ORIENTED_EDGE('',*,*,#1544,.T.);
#15399 = ORIENTED_EDGE('',*,*,#1575,.T.);
#15400 = ORIENTED_EDGE('',*,*,#1597,.T.);
#15401 = FACE_BOUND('',#15402,.T.);
#15402 = EDGE_LOOP('',(#15403,#15404,#15405,#15406,#15407,#15408,#15409,
    #15410));
#15403 = ORIENTED_EDGE('',*,*,#1637,.T.);
#15404 = ORIENTED_EDGE('',*,*,#1668,.T.);
#15405 = ORIENTED_EDGE('',*,*,#1699,.T.);
#15406 = ORIENTED_EDGE('',*,*,#1730,.T.);
#15407 = ORIENTED_EDGE('',*,*,#1761,.T.);
#15408 = ORIENTED_EDGE('',*,*,#1792,.T.);
#15409 = ORIENTED_EDGE('',*,*,#1823,.T.);
#15410 = ORIENTED_EDGE('',*,*,#1845,.T.);
#15411 = FACE_BOUND('',#15412,.T.);
#15412 = EDGE_LOOP('',(#15413,#15414,#15415,#15416,#15417,#15418,#15419,
    #15420));
#15413 = ORIENTED_EDGE('',*,*,#1885,.T.);
#15414 = ORIENTED_EDGE('',*,*,#1916,.T.);
#15415 = ORIENTED_EDGE('',*,*,#1947,.T.);
#15416 = ORIENTED_EDGE('',*,*,#1978,.T.);
#15417 = ORIENTED_EDGE('',*,*,#2009,.T.);
#15418 = ORIENTED_EDGE('',*,*,#2040,.T.);
#15419 = ORIENTED_EDGE('',*,*,#2071,.T.);
#15420 = ORIENTED_EDGE('',*,*,#2093,.T.);
#15421 = FACE_BOUND('',#15422,.T.);
#15422 = EDGE_LOOP('',(#15423,#15424,#15425,#15426,#15427,#15428,#15429,
    #15430));
#15423 = ORIENTED_EDGE('',*,*,#2133,.T.);
#15424 = ORIENTED_EDGE('',*,*,#2164,.T.);
#15425 = ORIENTED_EDGE('',*,*,#2195,.T.);
#15426 = ORIENTED_EDGE('',*,*,#2226,.T.);
#15427 = ORIENTED_EDGE('',*,*,#2257,.T.);
#15428 = ORIENTED_EDGE('',*,*,#2288,.T.);
#15429 = ORIENTED_EDGE('',*,*,#2319,.T.);
#15430 = ORIENTED_EDGE('',*,*,#2341,.T.);
#15431 = FACE_BOUND('',#15432,.T.);
#15432 = EDGE_LOOP('',(#15433,#15434,#15435,#15436,#15437,#15438,#15439,
    #15440));
#15433 = ORIENTED_EDGE('',*,*,#2381,.T.);
#15434 = ORIENTED_EDGE('',*,*,#2412,.T.);
#15435 = ORIENTED_EDGE('',*,*,#2443,.T.);
#15436 = ORIENTED_EDGE('',*,*,#2474,.T.);
#15437 = ORIENTED_EDGE('',*,*,#2505,.T.);
#15438 = ORIENTED_EDGE('',*,*,#2536,.T.);
#15439 = ORIENTED_EDGE('',*,*,#2567,.T.);
#15440 = ORIENTED_EDGE('',*,*,#2589,.T.);
#15441 = FACE_BOUND('',#15442,.T.);
#15442 = EDGE_LOOP('',(#15443,#15444,#15445,#15446,#15447,#15448,#15449,
    #15450));
#15443 = ORIENTED_EDGE('',*,*,#2629,.T.);
#15444 = ORIENTED_EDGE('',*,*,#2660,.T.);
#15445 = ORIENTED_EDGE('',*,*,#2691,.T.);
#15446 = ORIENTED_EDGE('',*,*,#2722,.T.);
#15447 = ORIENTED_EDGE('',*,*,#2753,.T.);
#15448 = ORIENTED_EDGE('',*,*,#2784,.T.);
#15449 = ORIENTED_EDGE('',*,*,#2815,.T.);
#15450 = ORIENTED_EDGE('',*,*,#2837,.T.);
#15451 = FACE_BOUND('',#15452,.T.);
#15452 = EDGE_LOOP('',(#15453,#15454,#15455,#15456,#15457,#15458,#15459,
    #15460,#15461,#15462,#15463,#15464));
#15453 = ORIENTED_EDGE('',*,*,#2878,.T.);
#15454 = ORIENTED_EDGE('',*,*,#2910,.T.);
#15455 = ORIENTED_EDGE('',*,*,#2941,.T.);
#15456 = ORIENTED_EDGE('',*,*,#2973,.T.);
#15457 = ORIENTED_EDGE('',*,*,#3005,.T.);
#15458 = ORIENTED_EDGE('',*,*,#3036,.T.);
#15459 = ORIENTED_EDGE('',*,*,#3068,.T.);
#15460 = ORIENTED_EDGE('',*,*,#3100,.T.);
#15461 = ORIENTED_EDGE('',*,*,#3131,.T.);
#15462 = ORIENTED_EDGE('',*,*,#3163,.T.);
#15463 = ORIENTED_EDGE('',*,*,#3195,.T.);
#15464 = ORIENTED_EDGE('',*,*,#3217,.T.);
#15465 = FACE_BOUND('',#15466,.T.);
#15466 = EDGE_LOOP('',(#15467,#15468,#15469,#15470,#15471,#15472,#15473,
    #15474,#15475,#15476,#15477,#15478));
#15467 = ORIENTED_EDGE('',*,*,#3258,.T.);
#15468 = ORIENTED_EDGE('',*,*,#3290,.T.);
#15469 = ORIENTED_EDGE('',*,*,#3321,.T.);
#15470 = ORIENTED_EDGE('',*,*,#3353,.T.);
#15471 = ORIENTED_EDGE('',*,*,#3385,.T.);
#15472 = ORIENTED_EDGE('',*,*,#3416,.T.);
#15473 = ORIENTED_EDGE('',*,*,#3448,.T.);
#15474 = ORIENTED_EDGE('',*,*,#3480,.T.);
#15475 = ORIENTED_EDGE('',*,*,#3511,.T.);
#15476 = ORIENTED_EDGE('',*,*,#3543,.T.);
#15477 = ORIENTED_EDGE('',*,*,#3575,.T.);
#15478 = ORIENTED_EDGE('',*,*,#3597,.T.);
#15479 = FACE_BOUND('',#15480,.T.);
#15480 = EDGE_LOOP('',(#15481,#15482,#15483,#15484));
#15481 = ORIENTED_EDGE('',*,*,#3637,.T.);
#15482 = ORIENTED_EDGE('',*,*,#3668,.T.);
#15483 = ORIENTED_EDGE('',*,*,#3699,.T.);
#15484 = ORIENTED_EDGE('',*,*,#3721,.T.);
#15485 = FACE_BOUND('',#15486,.T.);
#15486 = EDGE_LOOP('',(#15487));
#15487 = ORIENTED_EDGE('',*,*,#3753,.T.);
#15488 = FACE_BOUND('',#15489,.T.);
#15489 = EDGE_LOOP('',(#15490));
#15490 = ORIENTED_EDGE('',*,*,#3786,.T.);
#15491 = FACE_BOUND('',#15492,.T.);
#15492 = EDGE_LOOP('',(#15493));
#15493 = ORIENTED_EDGE('',*,*,#3819,.T.);
#15494 = FACE_BOUND('',#15495,.T.);
#15495 = EDGE_LOOP('',(#15496));
#15496 = ORIENTED_EDGE('',*,*,#3852,.T.);
#15497 = FACE_BOUND('',#15498,.T.);
#15498 = EDGE_LOOP('',(#15499));
#15499 = ORIENTED_EDGE('',*,*,#3885,.T.);
#15500 = FACE_BOUND('',#15501,.T.);
#15501 = EDGE_LOOP('',(#15502,#15503,#15504,#15505,#15506,#15507,#15508,
    #15509));
#15502 = ORIENTED_EDGE('',*,*,#3926,.T.);
#15503 = ORIENTED_EDGE('',*,*,#3957,.T.);
#15504 = ORIENTED_EDGE('',*,*,#3988,.T.);
#15505 = ORIENTED_EDGE('',*,*,#4019,.T.);
#15506 = ORIENTED_EDGE('',*,*,#4050,.T.);
#15507 = ORIENTED_EDGE('',*,*,#4081,.T.);
#15508 = ORIENTED_EDGE('',*,*,#4112,.T.);
#15509 = ORIENTED_EDGE('',*,*,#4134,.T.);
#15510 = FACE_BOUND('',#15511,.T.);
#15511 = EDGE_LOOP('',(#15512,#15513,#15514,#15515,#15516,#15517,#15518,
    #15519));
#15512 = ORIENTED_EDGE('',*,*,#4174,.T.);
#15513 = ORIENTED_EDGE('',*,*,#4205,.T.);
#15514 = ORIENTED_EDGE('',*,*,#4236,.T.);
#15515 = ORIENTED_EDGE('',*,*,#4267,.T.);
#15516 = ORIENTED_EDGE('',*,*,#4298,.T.);
#15517 = ORIENTED_EDGE('',*,*,#4329,.T.);
#15518 = ORIENTED_EDGE('',*,*,#4360,.T.);
#15519 = ORIENTED_EDGE('',*,*,#4382,.T.);
#15520 = FACE_BOUND('',#15521,.T.);
#15521 = EDGE_LOOP('',(#15522,#15523,#15524,#15525,#15526,#15527,#15528,
    #15529));
#15522 = ORIENTED_EDGE('',*,*,#4422,.T.);
#15523 = ORIENTED_EDGE('',*,*,#4453,.T.);
#15524 = ORIENTED_EDGE('',*,*,#4484,.T.);
#15525 = ORIENTED_EDGE('',*,*,#4515,.T.);
#15526 = ORIENTED_EDGE('',*,*,#4546,.T.);
#15527 = ORIENTED_EDGE('',*,*,#4577,.T.);
#15528 = ORIENTED_EDGE('',*,*,#4608,.T.);
#15529 = ORIENTED_EDGE('',*,*,#4630,.T.);
#15530 = FACE_BOUND('',#15531,.T.);
#15531 = EDGE_LOOP('',(#15532,#15533,#15534,#15535,#15536,#15537,#15538,
    #15539));
#15532 = ORIENTED_EDGE('',*,*,#4670,.T.);
#15533 = ORIENTED_EDGE('',*,*,#4701,.T.);
#15534 = ORIENTED_EDGE('',*,*,#4732,.T.);
#15535 = ORIENTED_EDGE('',*,*,#4763,.T.);
#15536 = ORIENTED_EDGE('',*,*,#4794,.T.);
#15537 = ORIENTED_EDGE('',*,*,#4825,.T.);
#15538 = ORIENTED_EDGE('',*,*,#4856,.T.);
#15539 = ORIENTED_EDGE('',*,*,#4878,.T.);
#15540 = FACE_BOUND('',#15541,.T.);
#15541 = EDGE_LOOP('',(#15542,#15543,#15544,#15545,#15546,#15547,#15548,
    #15549));
#15542 = ORIENTED_EDGE('',*,*,#4918,.T.);
#15543 = ORIENTED_EDGE('',*,*,#4949,.T.);
#15544 = ORIENTED_EDGE('',*,*,#4980,.T.);
#15545 = ORIENTED_EDGE('',*,*,#5011,.T.);
#15546 = ORIENTED_EDGE('',*,*,#5042,.T.);
#15547 = ORIENTED_EDGE('',*,*,#5073,.T.);
#15548 = ORIENTED_EDGE('',*,*,#5104,.T.);
#15549 = ORIENTED_EDGE('',*,*,#5126,.T.);
#15550 = FACE_BOUND('',#15551,.T.);
#15551 = EDGE_LOOP('',(#15552,#15553,#15554,#15555,#15556,#15557,#15558,
    #15559));
#15552 = ORIENTED_EDGE('',*,*,#5166,.T.);
#15553 = ORIENTED_EDGE('',*,*,#5197,.T.);
#15554 = ORIENTED_EDGE('',*,*,#5228,.T.);
#15555 = ORIENTED_EDGE('',*,*,#5259,.T.);
#15556 = ORIENTED_EDGE('',*,*,#5290,.T.);
#15557 = ORIENTED_EDGE('',*,*,#5321,.T.);
#15558 = ORIENTED_EDGE('',*,*,#5352,.T.);
#15559 = ORIENTED_EDGE('',*,*,#5374,.T.);
#15560 = FACE_BOUND('',#15561,.T.);
#15561 = EDGE_LOOP('',(#15562,#15563,#15564,#15565,#15566,#15567,#15568,
    #15569));
#15562 = ORIENTED_EDGE('',*,*,#5414,.T.);
#15563 = ORIENTED_EDGE('',*,*,#5445,.T.);
#15564 = ORIENTED_EDGE('',*,*,#5476,.T.);
#15565 = ORIENTED_EDGE('',*,*,#5507,.T.);
#15566 = ORIENTED_EDGE('',*,*,#5538,.T.);
#15567 = ORIENTED_EDGE('',*,*,#5569,.T.);
#15568 = ORIENTED_EDGE('',*,*,#5600,.T.);
#15569 = ORIENTED_EDGE('',*,*,#5622,.T.);
#15570 = FACE_BOUND('',#15571,.T.);
#15571 = EDGE_LOOP('',(#15572,#15573,#15574,#15575,#15576,#15577,#15578,
    #15579));
#15572 = ORIENTED_EDGE('',*,*,#5662,.T.);
#15573 = ORIENTED_EDGE('',*,*,#5693,.T.);
#15574 = ORIENTED_EDGE('',*,*,#5724,.T.);
#15575 = ORIENTED_EDGE('',*,*,#5755,.T.);
#15576 = ORIENTED_EDGE('',*,*,#5786,.T.);
#15577 = ORIENTED_EDGE('',*,*,#5817,.T.);
#15578 = ORIENTED_EDGE('',*,*,#5848,.T.);
#15579 = ORIENTED_EDGE('',*,*,#5870,.T.);
#15580 = FACE_BOUND('',#15581,.T.);
#15581 = EDGE_LOOP('',(#15582,#15583,#15584,#15585,#15586,#15587,#15588,
    #15589));
#15582 = ORIENTED_EDGE('',*,*,#5910,.T.);
#15583 = ORIENTED_EDGE('',*,*,#5941,.T.);
#15584 = ORIENTED_EDGE('',*,*,#5972,.T.);
#15585 = ORIENTED_EDGE('',*,*,#6003,.T.);
#15586 = ORIENTED_EDGE('',*,*,#6034,.T.);
#15587 = ORIENTED_EDGE('',*,*,#6065,.T.);
#15588 = ORIENTED_EDGE('',*,*,#6096,.T.);
#15589 = ORIENTED_EDGE('',*,*,#6118,.T.);
#15590 = FACE_BOUND('',#15591,.T.);
#15591 = EDGE_LOOP('',(#15592,#15593,#15594,#15595,#15596,#15597,#15598,
    #15599));
#15592 = ORIENTED_EDGE('',*,*,#6158,.T.);
#15593 = ORIENTED_EDGE('',*,*,#6189,.T.);
#15594 = ORIENTED_EDGE('',*,*,#6220,.T.);
#15595 = ORIENTED_EDGE('',*,*,#6251,.T.);
#15596 = ORIENTED_EDGE('',*,*,#6282,.T.);
#15597 = ORIENTED_EDGE('',*,*,#6313,.T.);
#15598 = ORIENTED_EDGE('',*,*,#6344,.T.);
#15599 = ORIENTED_EDGE('',*,*,#6366,.T.);
#15600 = FACE_BOUND('',#15601,.T.);
#15601 = EDGE_LOOP('',(#15602,#15603,#15604,#15605,#15606,#15607,#15608,
    #15609));
#15602 = ORIENTED_EDGE('',*,*,#6406,.T.);
#15603 = ORIENTED_EDGE('',*,*,#6437,.T.);
#15604 = ORIENTED_EDGE('',*,*,#6468,.T.);
#15605 = ORIENTED_EDGE('',*,*,#6499,.T.);
#15606 = ORIENTED_EDGE('',*,*,#6530,.T.);
#15607 = ORIENTED_EDGE('',*,*,#6561,.T.);
#15608 = ORIENTED_EDGE('',*,*,#6592,.T.);
#15609 = ORIENTED_EDGE('',*,*,#6614,.T.);
#15610 = FACE_BOUND('',#15611,.T.);
#15611 = EDGE_LOOP('',(#15612,#15613,#15614,#15615,#15616,#15617,#15618,
    #15619));
#15612 = ORIENTED_EDGE('',*,*,#6654,.T.);
#15613 = ORIENTED_EDGE('',*,*,#6685,.T.);
#15614 = ORIENTED_EDGE('',*,*,#6716,.T.);
#15615 = ORIENTED_EDGE('',*,*,#6747,.T.);
#15616 = ORIENTED_EDGE('',*,*,#6778,.T.);
#15617 = ORIENTED_EDGE('',*,*,#6809,.T.);
#15618 = ORIENTED_EDGE('',*,*,#6840,.T.);
#15619 = ORIENTED_EDGE('',*,*,#6862,.T.);
#15620 = FACE_BOUND('',#15621,.T.);
#15621 = EDGE_LOOP('',(#15622));
#15622 = ORIENTED_EDGE('',*,*,#6894,.T.);
#15623 = FACE_BOUND('',#15624,.T.);
#15624 = EDGE_LOOP('',(#15625));
#15625 = ORIENTED_EDGE('',*,*,#6927,.T.);
#15626 = FACE_BOUND('',#15627,.T.);
#15627 = EDGE_LOOP('',(#15628));
#15628 = ORIENTED_EDGE('',*,*,#6960,.T.);
#15629 = FACE_BOUND('',#15630,.T.);
#15630 = EDGE_LOOP('',(#15631));
#15631 = ORIENTED_EDGE('',*,*,#6993,.T.);
#15632 = FACE_BOUND('',#15633,.T.);
#15633 = EDGE_LOOP('',(#15634));
#15634 = ORIENTED_EDGE('',*,*,#7026,.T.);
#15635 = FACE_BOUND('',#15636,.T.);
#15636 = EDGE_LOOP('',(#15637,#15638,#15639,#15640,#15641,#15642,#15643,
    #15644));
#15637 = ORIENTED_EDGE('',*,*,#7067,.T.);
#15638 = ORIENTED_EDGE('',*,*,#7098,.T.);
#15639 = ORIENTED_EDGE('',*,*,#7129,.T.);
#15640 = ORIENTED_EDGE('',*,*,#7160,.T.);
#15641 = ORIENTED_EDGE('',*,*,#7191,.T.);
#15642 = ORIENTED_EDGE('',*,*,#7222,.T.);
#15643 = ORIENTED_EDGE('',*,*,#7253,.T.);
#15644 = ORIENTED_EDGE('',*,*,#7275,.T.);
#15645 = FACE_BOUND('',#15646,.T.);
#15646 = EDGE_LOOP('',(#15647,#15648,#15649,#15650,#15651,#15652,#15653,
    #15654));
#15647 = ORIENTED_EDGE('',*,*,#7315,.T.);
#15648 = ORIENTED_EDGE('',*,*,#7346,.T.);
#15649 = ORIENTED_EDGE('',*,*,#7377,.T.);
#15650 = ORIENTED_EDGE('',*,*,#7408,.T.);
#15651 = ORIENTED_EDGE('',*,*,#7439,.T.);
#15652 = ORIENTED_EDGE('',*,*,#7470,.T.);
#15653 = ORIENTED_EDGE('',*,*,#7501,.T.);
#15654 = ORIENTED_EDGE('',*,*,#7523,.T.);
#15655 = FACE_BOUND('',#15656,.T.);
#15656 = EDGE_LOOP('',(#15657,#15658,#15659,#15660,#15661,#15662,#15663,
    #15664));
#15657 = ORIENTED_EDGE('',*,*,#7563,.T.);
#15658 = ORIENTED_EDGE('',*,*,#7594,.T.);
#15659 = ORIENTED_EDGE('',*,*,#7625,.T.);
#15660 = ORIENTED_EDGE('',*,*,#7656,.T.);
#15661 = ORIENTED_EDGE('',*,*,#7687,.T.);
#15662 = ORIENTED_EDGE('',*,*,#7718,.T.);
#15663 = ORIENTED_EDGE('',*,*,#7749,.T.);
#15664 = ORIENTED_EDGE('',*,*,#7771,.T.);
#15665 = FACE_BOUND('',#15666,.T.);
#15666 = EDGE_LOOP('',(#15667,#15668,#15669,#15670,#15671,#15672,#15673,
    #15674));
#15667 = ORIENTED_EDGE('',*,*,#7811,.T.);
#15668 = ORIENTED_EDGE('',*,*,#7842,.T.);
#15669 = ORIENTED_EDGE('',*,*,#7873,.T.);
#15670 = ORIENTED_EDGE('',*,*,#7904,.T.);
#15671 = ORIENTED_EDGE('',*,*,#7935,.T.);
#15672 = ORIENTED_EDGE('',*,*,#7966,.T.);
#15673 = ORIENTED_EDGE('',*,*,#7997,.T.);
#15674 = ORIENTED_EDGE('',*,*,#8019,.T.);
#15675 = FACE_BOUND('',#15676,.T.);
#15676 = EDGE_LOOP('',(#15677,#15678,#15679,#15680,#15681,#15682,#15683,
    #15684));
#15677 = ORIENTED_EDGE('',*,*,#8059,.T.);
#15678 = ORIENTED_EDGE('',*,*,#8090,.T.);
#15679 = ORIENTED_EDGE('',*,*,#8121,.T.);
#15680 = ORIENTED_EDGE('',*,*,#8152,.T.);
#15681 = ORIENTED_EDGE('',*,*,#8183,.T.);
#15682 = ORIENTED_EDGE('',*,*,#8214,.T.);
#15683 = ORIENTED_EDGE('',*,*,#8245,.T.);
#15684 = ORIENTED_EDGE('',*,*,#8267,.T.);
#15685 = FACE_BOUND('',#15686,.T.);
#15686 = EDGE_LOOP('',(#15687,#15688,#15689,#15690,#15691,#15692,#15693,
    #15694));
#15687 = ORIENTED_EDGE('',*,*,#8307,.T.);
#15688 = ORIENTED_EDGE('',*,*,#8338,.T.);
#15689 = ORIENTED_EDGE('',*,*,#8369,.T.);
#15690 = ORIENTED_EDGE('',*,*,#8400,.T.);
#15691 = ORIENTED_EDGE('',*,*,#8431,.T.);
#15692 = ORIENTED_EDGE('',*,*,#8462,.T.);
#15693 = ORIENTED_EDGE('',*,*,#8493,.T.);
#15694 = ORIENTED_EDGE('',*,*,#8515,.T.);
#15695 = FACE_BOUND('',#15696,.T.);
#15696 = EDGE_LOOP('',(#15697,#15698,#15699,#15700,#15701,#15702,#15703,
    #15704));
#15697 = ORIENTED_EDGE('',*,*,#8555,.T.);
#15698 = ORIENTED_EDGE('',*,*,#8586,.T.);
#15699 = ORIENTED_EDGE('',*,*,#8617,.T.);
#15700 = ORIENTED_EDGE('',*,*,#8648,.T.);
#15701 = ORIENTED_EDGE('',*,*,#8679,.T.);
#15702 = ORIENTED_EDGE('',*,*,#8710,.T.);
#15703 = ORIENTED_EDGE('',*,*,#8741,.T.);
#15704 = ORIENTED_EDGE('',*,*,#8763,.T.);
#15705 = FACE_BOUND('',#15706,.T.);
#15706 = EDGE_LOOP('',(#15707,#15708,#15709,#15710,#15711,#15712,#15713,
    #15714));
#15707 = ORIENTED_EDGE('',*,*,#8803,.T.);
#15708 = ORIENTED_EDGE('',*,*,#8834,.T.);
#15709 = ORIENTED_EDGE('',*,*,#8865,.T.);
#15710 = ORIENTED_EDGE('',*,*,#8896,.T.);
#15711 = ORIENTED_EDGE('',*,*,#8927,.T.);
#15712 = ORIENTED_EDGE('',*,*,#8958,.T.);
#15713 = ORIENTED_EDGE('',*,*,#8989,.T.);
#15714 = ORIENTED_EDGE('',*,*,#9011,.T.);
#15715 = FACE_BOUND('',#15716,.T.);
#15716 = EDGE_LOOP('',(#15717,#15718,#15719,#15720,#15721,#15722,#15723,
    #15724));
#15717 = ORIENTED_EDGE('',*,*,#9051,.T.);
#15718 = ORIENTED_EDGE('',*,*,#9082,.T.);
#15719 = ORIENTED_EDGE('',*,*,#9113,.T.);
#15720 = ORIENTED_EDGE('',*,*,#9144,.T.);
#15721 = ORIENTED_EDGE('',*,*,#9175,.T.);
#15722 = ORIENTED_EDGE('',*,*,#9206,.T.);
#15723 = ORIENTED_EDGE('',*,*,#9237,.T.);
#15724 = ORIENTED_EDGE('',*,*,#9259,.T.);
#15725 = FACE_BOUND('',#15726,.T.);
#15726 = EDGE_LOOP('',(#15727,#15728,#15729,#15730,#15731,#15732,#15733,
    #15734));
#15727 = ORIENTED_EDGE('',*,*,#9299,.T.);
#15728 = ORIENTED_EDGE('',*,*,#9330,.T.);
#15729 = ORIENTED_EDGE('',*,*,#9361,.T.);
#15730 = ORIENTED_EDGE('',*,*,#9392,.T.);
#15731 = ORIENTED_EDGE('',*,*,#9423,.T.);
#15732 = ORIENTED_EDGE('',*,*,#9454,.T.);
#15733 = ORIENTED_EDGE('',*,*,#9485,.T.);
#15734 = ORIENTED_EDGE('',*,*,#9507,.T.);
#15735 = FACE_BOUND('',#15736,.T.);
#15736 = EDGE_LOOP('',(#15737,#15738,#15739,#15740,#15741,#15742,#15743,
    #15744));
#15737 = ORIENTED_EDGE('',*,*,#9547,.T.);
#15738 = ORIENTED_EDGE('',*,*,#9578,.T.);
#15739 = ORIENTED_EDGE('',*,*,#9609,.T.);
#15740 = ORIENTED_EDGE('',*,*,#9640,.T.);
#15741 = ORIENTED_EDGE('',*,*,#9671,.T.);
#15742 = ORIENTED_EDGE('',*,*,#9702,.T.);
#15743 = ORIENTED_EDGE('',*,*,#9733,.T.);
#15744 = ORIENTED_EDGE('',*,*,#9755,.T.);
#15745 = FACE_BOUND('',#15746,.T.);
#15746 = EDGE_LOOP('',(#15747,#15748,#15749,#15750,#15751,#15752,#15753,
    #15754));
#15747 = ORIENTED_EDGE('',*,*,#9795,.T.);
#15748 = ORIENTED_EDGE('',*,*,#9826,.T.);
#15749 = ORIENTED_EDGE('',*,*,#9857,.T.);
#15750 = ORIENTED_EDGE('',*,*,#9888,.T.);
#15751 = ORIENTED_EDGE('',*,*,#9919,.T.);
#15752 = ORIENTED_EDGE('',*,*,#9950,.T.);
#15753 = ORIENTED_EDGE('',*,*,#9981,.T.);
#15754 = ORIENTED_EDGE('',*,*,#10003,.T.);
#15755 = FACE_BOUND('',#15756,.T.);
#15756 = EDGE_LOOP('',(#15757));
#15757 = ORIENTED_EDGE('',*,*,#10035,.T.);
#15758 = FACE_BOUND('',#15759,.T.);
#15759 = EDGE_LOOP('',(#15760));
#15760 = ORIENTED_EDGE('',*,*,#10068,.T.);
#15761 = FACE_BOUND('',#15762,.T.);
#15762 = EDGE_LOOP('',(#15763));
#15763 = ORIENTED_EDGE('',*,*,#10101,.T.);
#15764 = FACE_BOUND('',#15765,.T.);
#15765 = EDGE_LOOP('',(#15766));
#15766 = ORIENTED_EDGE('',*,*,#10134,.T.);
#15767 = FACE_BOUND('',#15768,.T.);
#15768 = EDGE_LOOP('',(#15769));
#15769 = ORIENTED_EDGE('',*,*,#10167,.T.);
#15770 = FACE_BOUND('',#15771,.T.);
#15771 = EDGE_LOOP('',(#15772));
#15772 = ORIENTED_EDGE('',*,*,#10200,.T.);
#15773 = FACE_BOUND('',#15774,.T.);
#15774 = EDGE_LOOP('',(#15775,#15776,#15777,#15778,#15779,#15780,#15781,
    #15782));
#15775 = ORIENTED_EDGE('',*,*,#10241,.T.);
#15776 = ORIENTED_EDGE('',*,*,#10272,.T.);
#15777 = ORIENTED_EDGE('',*,*,#10303,.T.);
#15778 = ORIENTED_EDGE('',*,*,#10334,.T.);
#15779 = ORIENTED_EDGE('',*,*,#10365,.T.);
#15780 = ORIENTED_EDGE('',*,*,#10396,.T.);
#15781 = ORIENTED_EDGE('',*,*,#10427,.T.);
#15782 = ORIENTED_EDGE('',*,*,#10449,.T.);
#15783 = FACE_BOUND('',#15784,.T.);
#15784 = EDGE_LOOP('',(#15785,#15786,#15787,#15788,#15789,#15790,#15791,
    #15792));
#15785 = ORIENTED_EDGE('',*,*,#10489,.T.);
#15786 = ORIENTED_EDGE('',*,*,#10520,.T.);
#15787 = ORIENTED_EDGE('',*,*,#10551,.T.);
#15788 = ORIENTED_EDGE('',*,*,#10582,.T.);
#15789 = ORIENTED_EDGE('',*,*,#10613,.T.);
#15790 = ORIENTED_EDGE('',*,*,#10644,.T.);
#15791 = ORIENTED_EDGE('',*,*,#10675,.T.);
#15792 = ORIENTED_EDGE('',*,*,#10697,.T.);
#15793 = FACE_BOUND('',#15794,.T.);
#15794 = EDGE_LOOP('',(#15795,#15796,#15797,#15798,#15799,#15800,#15801,
    #15802));
#15795 = ORIENTED_EDGE('',*,*,#10737,.T.);
#15796 = ORIENTED_EDGE('',*,*,#10768,.T.);
#15797 = ORIENTED_EDGE('',*,*,#10799,.T.);
#15798 = ORIENTED_EDGE('',*,*,#10830,.T.);
#15799 = ORIENTED_EDGE('',*,*,#10861,.T.);
#15800 = ORIENTED_EDGE('',*,*,#10892,.T.);
#15801 = ORIENTED_EDGE('',*,*,#10923,.T.);
#15802 = ORIENTED_EDGE('',*,*,#10945,.T.);
#15803 = FACE_BOUND('',#15804,.T.);
#15804 = EDGE_LOOP('',(#15805,#15806,#15807,#15808,#15809,#15810,#15811,
    #15812));
#15805 = ORIENTED_EDGE('',*,*,#10985,.T.);
#15806 = ORIENTED_EDGE('',*,*,#11016,.T.);
#15807 = ORIENTED_EDGE('',*,*,#11047,.T.);
#15808 = ORIENTED_EDGE('',*,*,#11078,.T.);
#15809 = ORIENTED_EDGE('',*,*,#11109,.T.);
#15810 = ORIENTED_EDGE('',*,*,#11140,.T.);
#15811 = ORIENTED_EDGE('',*,*,#11171,.T.);
#15812 = ORIENTED_EDGE('',*,*,#11193,.T.);
#15813 = FACE_BOUND('',#15814,.T.);
#15814 = EDGE_LOOP('',(#15815,#15816,#15817,#15818,#15819,#15820,#15821,
    #15822));
#15815 = ORIENTED_EDGE('',*,*,#11233,.T.);
#15816 = ORIENTED_EDGE('',*,*,#11264,.T.);
#15817 = ORIENTED_EDGE('',*,*,#11295,.T.);
#15818 = ORIENTED_EDGE('',*,*,#11326,.T.);
#15819 = ORIENTED_EDGE('',*,*,#11357,.T.);
#15820 = ORIENTED_EDGE('',*,*,#11388,.T.);
#15821 = ORIENTED_EDGE('',*,*,#11419,.T.);
#15822 = ORIENTED_EDGE('',*,*,#11441,.T.);
#15823 = FACE_BOUND('',#15824,.T.);
#15824 = EDGE_LOOP('',(#15825,#15826,#15827,#15828,#15829,#15830,#15831,
    #15832));
#15825 = ORIENTED_EDGE('',*,*,#11481,.T.);
#15826 = ORIENTED_EDGE('',*,*,#11512,.T.);
#15827 = ORIENTED_EDGE('',*,*,#11543,.T.);
#15828 = ORIENTED_EDGE('',*,*,#11574,.T.);
#15829 = ORIENTED_EDGE('',*,*,#11605,.T.);
#15830 = ORIENTED_EDGE('',*,*,#11636,.T.);
#15831 = ORIENTED_EDGE('',*,*,#11667,.T.);
#15832 = ORIENTED_EDGE('',*,*,#11689,.T.);
#15833 = FACE_BOUND('',#15834,.T.);
#15834 = EDGE_LOOP('',(#15835,#15836,#15837,#15838,#15839,#15840,#15841,
    #15842));
#15835 = ORIENTED_EDGE('',*,*,#11729,.T.);
#15836 = ORIENTED_EDGE('',*,*,#11760,.T.);
#15837 = ORIENTED_EDGE('',*,*,#11791,.T.);
#15838 = ORIENTED_EDGE('',*,*,#11822,.T.);
#15839 = ORIENTED_EDGE('',*,*,#11853,.T.);
#15840 = ORIENTED_EDGE('',*,*,#11884,.T.);
#15841 = ORIENTED_EDGE('',*,*,#11915,.T.);
#15842 = ORIENTED_EDGE('',*,*,#11937,.T.);
#15843 = FACE_BOUND('',#15844,.T.);
#15844 = EDGE_LOOP('',(#15845,#15846,#15847,#15848,#15849,#15850,#15851,
    #15852));
#15845 = ORIENTED_EDGE('',*,*,#11977,.T.);
#15846 = ORIENTED_EDGE('',*,*,#12008,.T.);
#15847 = ORIENTED_EDGE('',*,*,#12039,.T.);
#15848 = ORIENTED_EDGE('',*,*,#12070,.T.);
#15849 = ORIENTED_EDGE('',*,*,#12101,.T.);
#15850 = ORIENTED_EDGE('',*,*,#12132,.T.);
#15851 = ORIENTED_EDGE('',*,*,#12163,.T.);
#15852 = ORIENTED_EDGE('',*,*,#12185,.T.);
#15853 = FACE_BOUND('',#15854,.T.);
#15854 = EDGE_LOOP('',(#15855,#15856,#15857,#15858,#15859,#15860,#15861,
    #15862));
#15855 = ORIENTED_EDGE('',*,*,#12225,.T.);
#15856 = ORIENTED_EDGE('',*,*,#12256,.T.);
#15857 = ORIENTED_EDGE('',*,*,#12287,.T.);
#15858 = ORIENTED_EDGE('',*,*,#12318,.T.);
#15859 = ORIENTED_EDGE('',*,*,#12349,.T.);
#15860 = ORIENTED_EDGE('',*,*,#12380,.T.);
#15861 = ORIENTED_EDGE('',*,*,#12411,.T.);
#15862 = ORIENTED_EDGE('',*,*,#12433,.T.);
#15863 = FACE_BOUND('',#15864,.T.);
#15864 = EDGE_LOOP('',(#15865,#15866,#15867,#15868,#15869,#15870,#15871,
    #15872));
#15865 = ORIENTED_EDGE('',*,*,#12473,.T.);
#15866 = ORIENTED_EDGE('',*,*,#12504,.T.);
#15867 = ORIENTED_EDGE('',*,*,#12535,.T.);
#15868 = ORIENTED_EDGE('',*,*,#12566,.T.);
#15869 = ORIENTED_EDGE('',*,*,#12597,.T.);
#15870 = ORIENTED_EDGE('',*,*,#12628,.T.);
#15871 = ORIENTED_EDGE('',*,*,#12659,.T.);
#15872 = ORIENTED_EDGE('',*,*,#12681,.T.);
#15873 = FACE_BOUND('',#15874,.T.);
#15874 = EDGE_LOOP('',(#15875,#15876,#15877,#15878,#15879,#15880,#15881,
    #15882));
#15875 = ORIENTED_EDGE('',*,*,#12721,.T.);
#15876 = ORIENTED_EDGE('',*,*,#12752,.T.);
#15877 = ORIENTED_EDGE('',*,*,#12783,.T.);
#15878 = ORIENTED_EDGE('',*,*,#12814,.T.);
#15879 = ORIENTED_EDGE('',*,*,#12845,.T.);
#15880 = ORIENTED_EDGE('',*,*,#12876,.T.);
#15881 = ORIENTED_EDGE('',*,*,#12907,.T.);
#15882 = ORIENTED_EDGE('',*,*,#12929,.T.);
#15883 = FACE_BOUND('',#15884,.T.);
#15884 = EDGE_LOOP('',(#15885,#15886,#15887,#15888,#15889,#15890,#15891,
    #15892));
#15885 = ORIENTED_EDGE('',*,*,#12969,.T.);
#15886 = ORIENTED_EDGE('',*,*,#13000,.T.);
#15887 = ORIENTED_EDGE('',*,*,#13031,.T.);
#15888 = ORIENTED_EDGE('',*,*,#13062,.T.);
#15889 = ORIENTED_EDGE('',*,*,#13093,.T.);
#15890 = ORIENTED_EDGE('',*,*,#13124,.T.);
#15891 = ORIENTED_EDGE('',*,*,#13155,.T.);
#15892 = ORIENTED_EDGE('',*,*,#13177,.T.);
#15893 = FACE_BOUND('',#15894,.T.);
#15894 = EDGE_LOOP('',(#15895));
#15895 = ORIENTED_EDGE('',*,*,#13209,.T.);
#15896 = FACE_BOUND('',#15897,.T.);
#15897 = EDGE_LOOP('',(#15898));
#15898 = ORIENTED_EDGE('',*,*,#13242,.T.);
#15899 = FACE_BOUND('',#15900,.T.);
#15900 = EDGE_LOOP('',(#15901));
#15901 = ORIENTED_EDGE('',*,*,#13275,.T.);
#15902 = FACE_BOUND('',#15903,.T.);
#15903 = EDGE_LOOP('',(#15904));
#15904 = ORIENTED_EDGE('',*,*,#13308,.T.);
#15905 = FACE_BOUND('',#15906,.T.);
#15906 = EDGE_LOOP('',(#15907));
#15907 = ORIENTED_EDGE('',*,*,#13341,.T.);
#15908 = FACE_BOUND('',#15909,.T.);
#15909 = EDGE_LOOP('',(#15910,#15911,#15912,#15913,#15914,#15915,#15916,
    #15917));
#15910 = ORIENTED_EDGE('',*,*,#13382,.T.);
#15911 = ORIENTED_EDGE('',*,*,#13413,.T.);
#15912 = ORIENTED_EDGE('',*,*,#13444,.T.);
#15913 = ORIENTED_EDGE('',*,*,#13475,.T.);
#15914 = ORIENTED_EDGE('',*,*,#13506,.T.);
#15915 = ORIENTED_EDGE('',*,*,#13537,.T.);
#15916 = ORIENTED_EDGE('',*,*,#13568,.T.);
#15917 = ORIENTED_EDGE('',*,*,#13590,.T.);
#15918 = FACE_BOUND('',#15919,.T.);
#15919 = EDGE_LOOP('',(#15920,#15921,#15922,#15923,#15924,#15925,#15926,
    #15927));
#15920 = ORIENTED_EDGE('',*,*,#13630,.T.);
#15921 = ORIENTED_EDGE('',*,*,#13661,.T.);
#15922 = ORIENTED_EDGE('',*,*,#13692,.T.);
#15923 = ORIENTED_EDGE('',*,*,#13723,.T.);
#15924 = ORIENTED_EDGE('',*,*,#13754,.T.);
#15925 = ORIENTED_EDGE('',*,*,#13785,.T.);
#15926 = ORIENTED_EDGE('',*,*,#13816,.T.);
#15927 = ORIENTED_EDGE('',*,*,#13838,.T.);
#15928 = FACE_BOUND('',#15929,.T.);
#15929 = EDGE_LOOP('',(#15930,#15931,#15932,#15933,#15934,#15935,#15936,
    #15937));
#15930 = ORIENTED_EDGE('',*,*,#13878,.T.);
#15931 = ORIENTED_EDGE('',*,*,#13909,.T.);
#15932 = ORIENTED_EDGE('',*,*,#13940,.T.);
#15933 = ORIENTED_EDGE('',*,*,#13971,.T.);
#15934 = ORIENTED_EDGE('',*,*,#14002,.T.);
#15935 = ORIENTED_EDGE('',*,*,#14033,.T.);
#15936 = ORIENTED_EDGE('',*,*,#14064,.T.);
#15937 = ORIENTED_EDGE('',*,*,#14086,.T.);
#15938 = FACE_BOUND('',#15939,.T.);
#15939 = EDGE_LOOP('',(#15940,#15941,#15942,#15943,#15944,#15945,#15946,
    #15947));
#15940 = ORIENTED_EDGE('',*,*,#14126,.T.);
#15941 = ORIENTED_EDGE('',*,*,#14157,.T.);
#15942 = ORIENTED_EDGE('',*,*,#14188,.T.);
#15943 = ORIENTED_EDGE('',*,*,#14219,.T.);
#15944 = ORIENTED_EDGE('',*,*,#14250,.T.);
#15945 = ORIENTED_EDGE('',*,*,#14281,.T.);
#15946 = ORIENTED_EDGE('',*,*,#14312,.T.);
#15947 = ORIENTED_EDGE('',*,*,#14334,.T.);
#15948 = FACE_BOUND('',#15949,.T.);
#15949 = EDGE_LOOP('',(#15950,#15951,#15952,#15953,#15954,#15955,#15956,
    #15957));
#15950 = ORIENTED_EDGE('',*,*,#14374,.T.);
#15951 = ORIENTED_EDGE('',*,*,#14405,.T.);
#15952 = ORIENTED_EDGE('',*,*,#14436,.T.);
#15953 = ORIENTED_EDGE('',*,*,#14467,.T.);
#15954 = ORIENTED_EDGE('',*,*,#14498,.T.);
#15955 = ORIENTED_EDGE('',*,*,#14529,.T.);
#15956 = ORIENTED_EDGE('',*,*,#14560,.T.);
#15957 = ORIENTED_EDGE('',*,*,#14582,.T.);
#15958 = FACE_BOUND('',#15959,.T.);
#15959 = EDGE_LOOP('',(#15960,#15961,#15962,#15963,#15964,#15965,#15966,
    #15967));
#15960 = ORIENTED_EDGE('',*,*,#14622,.T.);
#15961 = ORIENTED_EDGE('',*,*,#14653,.T.);
#15962 = ORIENTED_EDGE('',*,*,#14684,.T.);
#15963 = ORIENTED_EDGE('',*,*,#14715,.T.);
#15964 = ORIENTED_EDGE('',*,*,#14746,.T.);
#15965 = ORIENTED_EDGE('',*,*,#14777,.T.);
#15966 = ORIENTED_EDGE('',*,*,#14808,.T.);
#15967 = ORIENTED_EDGE('',*,*,#14830,.T.);
#15968 = FACE_BOUND('',#15969,.T.);
#15969 = EDGE_LOOP('',(#15970,#15971,#15972,#15973));
#15970 = ORIENTED_EDGE('',*,*,#14870,.T.);
#15971 = ORIENTED_EDGE('',*,*,#14901,.T.);
#15972 = ORIENTED_EDGE('',*,*,#14932,.T.);
#15973 = ORIENTED_EDGE('',*,*,#14954,.T.);
#15974 = FACE_BOUND('',#15975,.T.);
#15975 = EDGE_LOOP('',(#15976,#15977,#15978,#15979));
#15976 = ORIENTED_EDGE('',*,*,#14994,.T.);
#15977 = ORIENTED_EDGE('',*,*,#15025,.T.);
#15978 = ORIENTED_EDGE('',*,*,#15056,.T.);
#15979 = ORIENTED_EDGE('',*,*,#15078,.T.);
#15980 = FACE_BOUND('',#15981,.T.);
#15981 = EDGE_LOOP('',(#15982));
#15982 = ORIENTED_EDGE('',*,*,#15110,.T.);
#15983 = FACE_BOUND('',#15984,.T.);
#15984 = EDGE_LOOP('',(#15985));
#15985 = ORIENTED_EDGE('',*,*,#15143,.T.);
#15986 = FACE_BOUND('',#15987,.T.);
#15987 = EDGE_LOOP('',(#15988));
#15988 = ORIENTED_EDGE('',*,*,#15176,.T.);
#15989 = FACE_BOUND('',#15990,.T.);
#15990 = EDGE_LOOP('',(#15991));
#15991 = ORIENTED_EDGE('',*,*,#15209,.T.);
#15992 = FACE_BOUND('',#15993,.T.);
#15993 = EDGE_LOOP('',(#15994,#15995,#15996,#15997));
#15994 = ORIENTED_EDGE('',*,*,#15250,.T.);
#15995 = ORIENTED_EDGE('',*,*,#15281,.T.);
#15996 = ORIENTED_EDGE('',*,*,#15312,.T.);
#15997 = ORIENTED_EDGE('',*,*,#15334,.T.);
#15998 = PLANE('',#15999);
#15999 = AXIS2_PLACEMENT_3D('',#16000,#16001,#16002);
#16000 = CARTESIAN_POINT('',(0.,0.,0.));
#16001 = DIRECTION('',(0.,0.,1.));
#16002 = DIRECTION('',(1.,0.,-0.));
#16003 = ADVANCED_FACE('',(#16004,#16040,#16050,#16060,#16070,#16080,
    #16090,#16100,#16110,#16124,#16138,#16144,#16147,#16150,#16153,
    #16156,#16159,#16169,#16179,#16189,#16199,#16209,#16219,#16229,
    #16239,#16249,#16259,#16269,#16279,#16282,#16285,#16288,#16291,
    #16294,#16304,#16314,#16324,#16334,#16344,#16354,#16364,#16374,
    #16384,#16394,#16404,#16414,#16417,#16420,#16423,#16426,#16429,
    #16432,#16442,#16452,#16462,#16472,#16482,#16492,#16502,#16512,
    #16522,#16532,#16542,#16552,#16555,#16558,#16561,#16564,#16567,
    #16577,#16587,#16597,#16607,#16617,#16627,#16633,#16639,#16642,
    #16645,#16648,#16651),#16657,.T.);
#16004 = FACE_BOUND('',#16005,.F.);
#16005 = EDGE_LOOP('',(#16006,#16007,#16008,#16009,#16010,#16011,#16012,
    #16013,#16014,#16015,#16016,#16017,#16018,#16019,#16020,#16021,
    #16022,#16023,#16024,#16025,#16026,#16027,#16028,#16029,#16030,
    #16031,#16032,#16033,#16034,#16035,#16036,#16037,#16038,#16039));
#16006 = ORIENTED_EDGE('',*,*,#49,.T.);
#16007 = ORIENTED_EDGE('',*,*,#82,.T.);
#16008 = ORIENTED_EDGE('',*,*,#113,.T.);
#16009 = ORIENTED_EDGE('',*,*,#144,.T.);
#16010 = ORIENTED_EDGE('',*,*,#177,.T.);
#16011 = ORIENTED_EDGE('',*,*,#208,.T.);
#16012 = ORIENTED_EDGE('',*,*,#239,.T.);
#16013 = ORIENTED_EDGE('',*,*,#270,.T.);
#16014 = ORIENTED_EDGE('',*,*,#303,.T.);
#16015 = ORIENTED_EDGE('',*,*,#334,.T.);
#16016 = ORIENTED_EDGE('',*,*,#365,.T.);
#16017 = ORIENTED_EDGE('',*,*,#398,.T.);
#16018 = ORIENTED_EDGE('',*,*,#429,.T.);
#16019 = ORIENTED_EDGE('',*,*,#460,.T.);
#16020 = ORIENTED_EDGE('',*,*,#493,.T.);
#16021 = ORIENTED_EDGE('',*,*,#524,.T.);
#16022 = ORIENTED_EDGE('',*,*,#555,.T.);
#16023 = ORIENTED_EDGE('',*,*,#588,.T.);
#16024 = ORIENTED_EDGE('',*,*,#619,.T.);
#16025 = ORIENTED_EDGE('',*,*,#650,.T.);
#16026 = ORIENTED_EDGE('',*,*,#683,.T.);
#16027 = ORIENTED_EDGE('',*,*,#714,.T.);
#16028 = ORIENTED_EDGE('',*,*,#745,.T.);
#16029 = ORIENTED_EDGE('',*,*,#778,.T.);
#16030 = ORIENTED_EDGE('',*,*,#809,.T.);
#16031 = ORIENTED_EDGE('',*,*,#840,.T.);
#16032 = ORIENTED_EDGE('',*,*,#873,.T.);
#16033 = ORIENTED_EDGE('',*,*,#904,.T.);
#16034 = ORIENTED_EDGE('',*,*,#935,.T.);
#16035 = ORIENTED_EDGE('',*,*,#968,.T.);
#16036 = ORIENTED_EDGE('',*,*,#999,.T.);
#16037 = ORIENTED_EDGE('',*,*,#1030,.T.);
#16038 = ORIENTED_EDGE('',*,*,#1063,.T.);
#16039 = ORIENTED_EDGE('',*,*,#1094,.T.);
#16040 = FACE_BOUND('',#16041,.F.);
#16041 = EDGE_LOOP('',(#16042,#16043,#16044,#16045,#16046,#16047,#16048,
    #16049));
#16042 = ORIENTED_EDGE('',*,*,#1125,.T.);
#16043 = ORIENTED_EDGE('',*,*,#1156,.T.);
#16044 = ORIENTED_EDGE('',*,*,#1187,.T.);
#16045 = ORIENTED_EDGE('',*,*,#1218,.T.);
#16046 = ORIENTED_EDGE('',*,*,#1249,.T.);
#16047 = ORIENTED_EDGE('',*,*,#1280,.T.);
#16048 = ORIENTED_EDGE('',*,*,#1311,.T.);
#16049 = ORIENTED_EDGE('',*,*,#1342,.T.);
#16050 = FACE_BOUND('',#16051,.F.);
#16051 = EDGE_LOOP('',(#16052,#16053,#16054,#16055,#16056,#16057,#16058,
    #16059));
#16052 = ORIENTED_EDGE('',*,*,#1373,.T.);
#16053 = ORIENTED_EDGE('',*,*,#1404,.T.);
#16054 = ORIENTED_EDGE('',*,*,#1435,.T.);
#16055 = ORIENTED_EDGE('',*,*,#1466,.T.);
#16056 = ORIENTED_EDGE('',*,*,#1497,.T.);
#16057 = ORIENTED_EDGE('',*,*,#1528,.T.);
#16058 = ORIENTED_EDGE('',*,*,#1559,.T.);
#16059 = ORIENTED_EDGE('',*,*,#1590,.T.);
#16060 = FACE_BOUND('',#16061,.F.);
#16061 = EDGE_LOOP('',(#16062,#16063,#16064,#16065,#16066,#16067,#16068,
    #16069));
#16062 = ORIENTED_EDGE('',*,*,#1621,.T.);
#16063 = ORIENTED_EDGE('',*,*,#1652,.T.);
#16064 = ORIENTED_EDGE('',*,*,#1683,.T.);
#16065 = ORIENTED_EDGE('',*,*,#1714,.T.);
#16066 = ORIENTED_EDGE('',*,*,#1745,.T.);
#16067 = ORIENTED_EDGE('',*,*,#1776,.T.);
#16068 = ORIENTED_EDGE('',*,*,#1807,.T.);
#16069 = ORIENTED_EDGE('',*,*,#1838,.T.);
#16070 = FACE_BOUND('',#16071,.F.);
#16071 = EDGE_LOOP('',(#16072,#16073,#16074,#16075,#16076,#16077,#16078,
    #16079));
#16072 = ORIENTED_EDGE('',*,*,#1869,.T.);
#16073 = ORIENTED_EDGE('',*,*,#1900,.T.);
#16074 = ORIENTED_EDGE('',*,*,#1931,.T.);
#16075 = ORIENTED_EDGE('',*,*,#1962,.T.);
#16076 = ORIENTED_EDGE('',*,*,#1993,.T.);
#16077 = ORIENTED_EDGE('',*,*,#2024,.T.);
#16078 = ORIENTED_EDGE('',*,*,#2055,.T.);
#16079 = ORIENTED_EDGE('',*,*,#2086,.T.);
#16080 = FACE_BOUND('',#16081,.F.);
#16081 = EDGE_LOOP('',(#16082,#16083,#16084,#16085,#16086,#16087,#16088,
    #16089));
#16082 = ORIENTED_EDGE('',*,*,#2117,.T.);
#16083 = ORIENTED_EDGE('',*,*,#2148,.T.);
#16084 = ORIENTED_EDGE('',*,*,#2179,.T.);
#16085 = ORIENTED_EDGE('',*,*,#2210,.T.);
#16086 = ORIENTED_EDGE('',*,*,#2241,.T.);
#16087 = ORIENTED_EDGE('',*,*,#2272,.T.);
#16088 = ORIENTED_EDGE('',*,*,#2303,.T.);
#16089 = ORIENTED_EDGE('',*,*,#2334,.T.);
#16090 = FACE_BOUND('',#16091,.F.);
#16091 = EDGE_LOOP('',(#16092,#16093,#16094,#16095,#16096,#16097,#16098,
    #16099));
#16092 = ORIENTED_EDGE('',*,*,#2365,.T.);
#16093 = ORIENTED_EDGE('',*,*,#2396,.T.);
#16094 = ORIENTED_EDGE('',*,*,#2427,.T.);
#16095 = ORIENTED_EDGE('',*,*,#2458,.T.);
#16096 = ORIENTED_EDGE('',*,*,#2489,.T.);
#16097 = ORIENTED_EDGE('',*,*,#2520,.T.);
#16098 = ORIENTED_EDGE('',*,*,#2551,.T.);
#16099 = ORIENTED_EDGE('',*,*,#2582,.T.);
#16100 = FACE_BOUND('',#16101,.F.);
#16101 = EDGE_LOOP('',(#16102,#16103,#16104,#16105,#16106,#16107,#16108,
    #16109));
#16102 = ORIENTED_EDGE('',*,*,#2613,.T.);
#16103 = ORIENTED_EDGE('',*,*,#2644,.T.);
#16104 = ORIENTED_EDGE('',*,*,#2675,.T.);
#16105 = ORIENTED_EDGE('',*,*,#2706,.T.);
#16106 = ORIENTED_EDGE('',*,*,#2737,.T.);
#16107 = ORIENTED_EDGE('',*,*,#2768,.T.);
#16108 = ORIENTED_EDGE('',*,*,#2799,.T.);
#16109 = ORIENTED_EDGE('',*,*,#2830,.T.);
#16110 = FACE_BOUND('',#16111,.F.);
#16111 = EDGE_LOOP('',(#16112,#16113,#16114,#16115,#16116,#16117,#16118,
    #16119,#16120,#16121,#16122,#16123));
#16112 = ORIENTED_EDGE('',*,*,#2861,.T.);
#16113 = ORIENTED_EDGE('',*,*,#2894,.T.);
#16114 = ORIENTED_EDGE('',*,*,#2925,.T.);
#16115 = ORIENTED_EDGE('',*,*,#2956,.T.);
#16116 = ORIENTED_EDGE('',*,*,#2989,.T.);
#16117 = ORIENTED_EDGE('',*,*,#3020,.T.);
#16118 = ORIENTED_EDGE('',*,*,#3051,.T.);
#16119 = ORIENTED_EDGE('',*,*,#3084,.T.);
#16120 = ORIENTED_EDGE('',*,*,#3115,.T.);
#16121 = ORIENTED_EDGE('',*,*,#3146,.T.);
#16122 = ORIENTED_EDGE('',*,*,#3179,.T.);
#16123 = ORIENTED_EDGE('',*,*,#3210,.T.);
#16124 = FACE_BOUND('',#16125,.F.);
#16125 = EDGE_LOOP('',(#16126,#16127,#16128,#16129,#16130,#16131,#16132,
    #16133,#16134,#16135,#16136,#16137));
#16126 = ORIENTED_EDGE('',*,*,#3241,.T.);
#16127 = ORIENTED_EDGE('',*,*,#3274,.T.);
#16128 = ORIENTED_EDGE('',*,*,#3305,.T.);
#16129 = ORIENTED_EDGE('',*,*,#3336,.T.);
#16130 = ORIENTED_EDGE('',*,*,#3369,.T.);
#16131 = ORIENTED_EDGE('',*,*,#3400,.T.);
#16132 = ORIENTED_EDGE('',*,*,#3431,.T.);
#16133 = ORIENTED_EDGE('',*,*,#3464,.T.);
#16134 = ORIENTED_EDGE('',*,*,#3495,.T.);
#16135 = ORIENTED_EDGE('',*,*,#3526,.T.);
#16136 = ORIENTED_EDGE('',*,*,#3559,.T.);
#16137 = ORIENTED_EDGE('',*,*,#3590,.T.);
#16138 = FACE_BOUND('',#16139,.F.);
#16139 = EDGE_LOOP('',(#16140,#16141,#16142,#16143));
#16140 = ORIENTED_EDGE('',*,*,#3621,.T.);
#16141 = ORIENTED_EDGE('',*,*,#3652,.T.);
#16142 = ORIENTED_EDGE('',*,*,#3683,.T.);
#16143 = ORIENTED_EDGE('',*,*,#3714,.T.);
#16144 = FACE_BOUND('',#16145,.F.);
#16145 = EDGE_LOOP('',(#16146));
#16146 = ORIENTED_EDGE('',*,*,#3745,.T.);
#16147 = FACE_BOUND('',#16148,.F.);
#16148 = EDGE_LOOP('',(#16149));
#16149 = ORIENTED_EDGE('',*,*,#3778,.T.);
#16150 = FACE_BOUND('',#16151,.F.);
#16151 = EDGE_LOOP('',(#16152));
#16152 = ORIENTED_EDGE('',*,*,#3811,.T.);
#16153 = FACE_BOUND('',#16154,.F.);
#16154 = EDGE_LOOP('',(#16155));
#16155 = ORIENTED_EDGE('',*,*,#3844,.T.);
#16156 = FACE_BOUND('',#16157,.F.);
#16157 = EDGE_LOOP('',(#16158));
#16158 = ORIENTED_EDGE('',*,*,#3877,.T.);
#16159 = FACE_BOUND('',#16160,.F.);
#16160 = EDGE_LOOP('',(#16161,#16162,#16163,#16164,#16165,#16166,#16167,
    #16168));
#16161 = ORIENTED_EDGE('',*,*,#3910,.T.);
#16162 = ORIENTED_EDGE('',*,*,#3941,.T.);
#16163 = ORIENTED_EDGE('',*,*,#3972,.T.);
#16164 = ORIENTED_EDGE('',*,*,#4003,.T.);
#16165 = ORIENTED_EDGE('',*,*,#4034,.T.);
#16166 = ORIENTED_EDGE('',*,*,#4065,.T.);
#16167 = ORIENTED_EDGE('',*,*,#4096,.T.);
#16168 = ORIENTED_EDGE('',*,*,#4127,.T.);
#16169 = FACE_BOUND('',#16170,.F.);
#16170 = EDGE_LOOP('',(#16171,#16172,#16173,#16174,#16175,#16176,#16177,
    #16178));
#16171 = ORIENTED_EDGE('',*,*,#4158,.T.);
#16172 = ORIENTED_EDGE('',*,*,#4189,.T.);
#16173 = ORIENTED_EDGE('',*,*,#4220,.T.);
#16174 = ORIENTED_EDGE('',*,*,#4251,.T.);
#16175 = ORIENTED_EDGE('',*,*,#4282,.T.);
#16176 = ORIENTED_EDGE('',*,*,#4313,.T.);
#16177 = ORIENTED_EDGE('',*,*,#4344,.T.);
#16178 = ORIENTED_EDGE('',*,*,#4375,.T.);
#16179 = FACE_BOUND('',#16180,.F.);
#16180 = EDGE_LOOP('',(#16181,#16182,#16183,#16184,#16185,#16186,#16187,
    #16188));
#16181 = ORIENTED_EDGE('',*,*,#4406,.T.);
#16182 = ORIENTED_EDGE('',*,*,#4437,.T.);
#16183 = ORIENTED_EDGE('',*,*,#4468,.T.);
#16184 = ORIENTED_EDGE('',*,*,#4499,.T.);
#16185 = ORIENTED_EDGE('',*,*,#4530,.T.);
#16186 = ORIENTED_EDGE('',*,*,#4561,.T.);
#16187 = ORIENTED_EDGE('',*,*,#4592,.T.);
#16188 = ORIENTED_EDGE('',*,*,#4623,.T.);
#16189 = FACE_BOUND('',#16190,.F.);
#16190 = EDGE_LOOP('',(#16191,#16192,#16193,#16194,#16195,#16196,#16197,
    #16198));
#16191 = ORIENTED_EDGE('',*,*,#4654,.T.);
#16192 = ORIENTED_EDGE('',*,*,#4685,.T.);
#16193 = ORIENTED_EDGE('',*,*,#4716,.T.);
#16194 = ORIENTED_EDGE('',*,*,#4747,.T.);
#16195 = ORIENTED_EDGE('',*,*,#4778,.T.);
#16196 = ORIENTED_EDGE('',*,*,#4809,.T.);
#16197 = ORIENTED_EDGE('',*,*,#4840,.T.);
#16198 = ORIENTED_EDGE('',*,*,#4871,.T.);
#16199 = FACE_BOUND('',#16200,.F.);
#16200 = EDGE_LOOP('',(#16201,#16202,#16203,#16204,#16205,#16206,#16207,
    #16208));
#16201 = ORIENTED_EDGE('',*,*,#4902,.T.);
#16202 = ORIENTED_EDGE('',*,*,#4933,.T.);
#16203 = ORIENTED_EDGE('',*,*,#4964,.T.);
#16204 = ORIENTED_EDGE('',*,*,#4995,.T.);
#16205 = ORIENTED_EDGE('',*,*,#5026,.T.);
#16206 = ORIENTED_EDGE('',*,*,#5057,.T.);
#16207 = ORIENTED_EDGE('',*,*,#5088,.T.);
#16208 = ORIENTED_EDGE('',*,*,#5119,.T.);
#16209 = FACE_BOUND('',#16210,.F.);
#16210 = EDGE_LOOP('',(#16211,#16212,#16213,#16214,#16215,#16216,#16217,
    #16218));
#16211 = ORIENTED_EDGE('',*,*,#5150,.T.);
#16212 = ORIENTED_EDGE('',*,*,#5181,.T.);
#16213 = ORIENTED_EDGE('',*,*,#5212,.T.);
#16214 = ORIENTED_EDGE('',*,*,#5243,.T.);
#16215 = ORIENTED_EDGE('',*,*,#5274,.T.);
#16216 = ORIENTED_EDGE('',*,*,#5305,.T.);
#16217 = ORIENTED_EDGE('',*,*,#5336,.T.);
#16218 = ORIENTED_EDGE('',*,*,#5367,.T.);
#16219 = FACE_BOUND('',#16220,.F.);
#16220 = EDGE_LOOP('',(#16221,#16222,#16223,#16224,#16225,#16226,#16227,
    #16228));
#16221 = ORIENTED_EDGE('',*,*,#5398,.T.);
#16222 = ORIENTED_EDGE('',*,*,#5429,.T.);
#16223 = ORIENTED_EDGE('',*,*,#5460,.T.);
#16224 = ORIENTED_EDGE('',*,*,#5491,.T.);
#16225 = ORIENTED_EDGE('',*,*,#5522,.T.);
#16226 = ORIENTED_EDGE('',*,*,#5553,.T.);
#16227 = ORIENTED_EDGE('',*,*,#5584,.T.);
#16228 = ORIENTED_EDGE('',*,*,#5615,.T.);
#16229 = FACE_BOUND('',#16230,.F.);
#16230 = EDGE_LOOP('',(#16231,#16232,#16233,#16234,#16235,#16236,#16237,
    #16238));
#16231 = ORIENTED_EDGE('',*,*,#5646,.T.);
#16232 = ORIENTED_EDGE('',*,*,#5677,.T.);
#16233 = ORIENTED_EDGE('',*,*,#5708,.T.);
#16234 = ORIENTED_EDGE('',*,*,#5739,.T.);
#16235 = ORIENTED_EDGE('',*,*,#5770,.T.);
#16236 = ORIENTED_EDGE('',*,*,#5801,.T.);
#16237 = ORIENTED_EDGE('',*,*,#5832,.T.);
#16238 = ORIENTED_EDGE('',*,*,#5863,.T.);
#16239 = FACE_BOUND('',#16240,.F.);
#16240 = EDGE_LOOP('',(#16241,#16242,#16243,#16244,#16245,#16246,#16247,
    #16248));
#16241 = ORIENTED_EDGE('',*,*,#5894,.T.);
#16242 = ORIENTED_EDGE('',*,*,#5925,.T.);
#16243 = ORIENTED_EDGE('',*,*,#5956,.T.);
#16244 = ORIENTED_EDGE('',*,*,#5987,.T.);
#16245 = ORIENTED_EDGE('',*,*,#6018,.T.);
#16246 = ORIENTED_EDGE('',*,*,#6049,.T.);
#16247 = ORIENTED_EDGE('',*,*,#6080,.T.);
#16248 = ORIENTED_EDGE('',*,*,#6111,.T.);
#16249 = FACE_BOUND('',#16250,.F.);
#16250 = EDGE_LOOP('',(#16251,#16252,#16253,#16254,#16255,#16256,#16257,
    #16258));
#16251 = ORIENTED_EDGE('',*,*,#6142,.T.);
#16252 = ORIENTED_EDGE('',*,*,#6173,.T.);
#16253 = ORIENTED_EDGE('',*,*,#6204,.T.);
#16254 = ORIENTED_EDGE('',*,*,#6235,.T.);
#16255 = ORIENTED_EDGE('',*,*,#6266,.T.);
#16256 = ORIENTED_EDGE('',*,*,#6297,.T.);
#16257 = ORIENTED_EDGE('',*,*,#6328,.T.);
#16258 = ORIENTED_EDGE('',*,*,#6359,.T.);
#16259 = FACE_BOUND('',#16260,.F.);
#16260 = EDGE_LOOP('',(#16261,#16262,#16263,#16264,#16265,#16266,#16267,
    #16268));
#16261 = ORIENTED_EDGE('',*,*,#6390,.T.);
#16262 = ORIENTED_EDGE('',*,*,#6421,.T.);
#16263 = ORIENTED_EDGE('',*,*,#6452,.T.);
#16264 = ORIENTED_EDGE('',*,*,#6483,.T.);
#16265 = ORIENTED_EDGE('',*,*,#6514,.T.);
#16266 = ORIENTED_EDGE('',*,*,#6545,.T.);
#16267 = ORIENTED_EDGE('',*,*,#6576,.T.);
#16268 = ORIENTED_EDGE('',*,*,#6607,.T.);
#16269 = FACE_BOUND('',#16270,.F.);
#16270 = EDGE_LOOP('',(#16271,#16272,#16273,#16274,#16275,#16276,#16277,
    #16278));
#16271 = ORIENTED_EDGE('',*,*,#6638,.T.);
#16272 = ORIENTED_EDGE('',*,*,#6669,.T.);
#16273 = ORIENTED_EDGE('',*,*,#6700,.T.);
#16274 = ORIENTED_EDGE('',*,*,#6731,.T.);
#16275 = ORIENTED_EDGE('',*,*,#6762,.T.);
#16276 = ORIENTED_EDGE('',*,*,#6793,.T.);
#16277 = ORIENTED_EDGE('',*,*,#6824,.T.);
#16278 = ORIENTED_EDGE('',*,*,#6855,.T.);
#16279 = FACE_BOUND('',#16280,.F.);
#16280 = EDGE_LOOP('',(#16281));
#16281 = ORIENTED_EDGE('',*,*,#6886,.T.);
#16282 = FACE_BOUND('',#16283,.F.);
#16283 = EDGE_LOOP('',(#16284));
#16284 = ORIENTED_EDGE('',*,*,#6919,.T.);
#16285 = FACE_BOUND('',#16286,.F.);
#16286 = EDGE_LOOP('',(#16287));
#16287 = ORIENTED_EDGE('',*,*,#6952,.T.);
#16288 = FACE_BOUND('',#16289,.F.);
#16289 = EDGE_LOOP('',(#16290));
#16290 = ORIENTED_EDGE('',*,*,#6985,.T.);
#16291 = FACE_BOUND('',#16292,.F.);
#16292 = EDGE_LOOP('',(#16293));
#16293 = ORIENTED_EDGE('',*,*,#7018,.T.);
#16294 = FACE_BOUND('',#16295,.F.);
#16295 = EDGE_LOOP('',(#16296,#16297,#16298,#16299,#16300,#16301,#16302,
    #16303));
#16296 = ORIENTED_EDGE('',*,*,#7051,.T.);
#16297 = ORIENTED_EDGE('',*,*,#7082,.T.);
#16298 = ORIENTED_EDGE('',*,*,#7113,.T.);
#16299 = ORIENTED_EDGE('',*,*,#7144,.T.);
#16300 = ORIENTED_EDGE('',*,*,#7175,.T.);
#16301 = ORIENTED_EDGE('',*,*,#7206,.T.);
#16302 = ORIENTED_EDGE('',*,*,#7237,.T.);
#16303 = ORIENTED_EDGE('',*,*,#7268,.T.);
#16304 = FACE_BOUND('',#16305,.F.);
#16305 = EDGE_LOOP('',(#16306,#16307,#16308,#16309,#16310,#16311,#16312,
    #16313));
#16306 = ORIENTED_EDGE('',*,*,#7299,.T.);
#16307 = ORIENTED_EDGE('',*,*,#7330,.T.);
#16308 = ORIENTED_EDGE('',*,*,#7361,.T.);
#16309 = ORIENTED_EDGE('',*,*,#7392,.T.);
#16310 = ORIENTED_EDGE('',*,*,#7423,.T.);
#16311 = ORIENTED_EDGE('',*,*,#7454,.T.);
#16312 = ORIENTED_EDGE('',*,*,#7485,.T.);
#16313 = ORIENTED_EDGE('',*,*,#7516,.T.);
#16314 = FACE_BOUND('',#16315,.F.);
#16315 = EDGE_LOOP('',(#16316,#16317,#16318,#16319,#16320,#16321,#16322,
    #16323));
#16316 = ORIENTED_EDGE('',*,*,#7547,.T.);
#16317 = ORIENTED_EDGE('',*,*,#7578,.T.);
#16318 = ORIENTED_EDGE('',*,*,#7609,.T.);
#16319 = ORIENTED_EDGE('',*,*,#7640,.T.);
#16320 = ORIENTED_EDGE('',*,*,#7671,.T.);
#16321 = ORIENTED_EDGE('',*,*,#7702,.T.);
#16322 = ORIENTED_EDGE('',*,*,#7733,.T.);
#16323 = ORIENTED_EDGE('',*,*,#7764,.T.);
#16324 = FACE_BOUND('',#16325,.F.);
#16325 = EDGE_LOOP('',(#16326,#16327,#16328,#16329,#16330,#16331,#16332,
    #16333));
#16326 = ORIENTED_EDGE('',*,*,#7795,.T.);
#16327 = ORIENTED_EDGE('',*,*,#7826,.T.);
#16328 = ORIENTED_EDGE('',*,*,#7857,.T.);
#16329 = ORIENTED_EDGE('',*,*,#7888,.T.);
#16330 = ORIENTED_EDGE('',*,*,#7919,.T.);
#16331 = ORIENTED_EDGE('',*,*,#7950,.T.);
#16332 = ORIENTED_EDGE('',*,*,#7981,.T.);
#16333 = ORIENTED_EDGE('',*,*,#8012,.T.);
#16334 = FACE_BOUND('',#16335,.F.);
#16335 = EDGE_LOOP('',(#16336,#16337,#16338,#16339,#16340,#16341,#16342,
    #16343));
#16336 = ORIENTED_EDGE('',*,*,#8043,.T.);
#16337 = ORIENTED_EDGE('',*,*,#8074,.T.);
#16338 = ORIENTED_EDGE('',*,*,#8105,.T.);
#16339 = ORIENTED_EDGE('',*,*,#8136,.T.);
#16340 = ORIENTED_EDGE('',*,*,#8167,.T.);
#16341 = ORIENTED_EDGE('',*,*,#8198,.T.);
#16342 = ORIENTED_EDGE('',*,*,#8229,.T.);
#16343 = ORIENTED_EDGE('',*,*,#8260,.T.);
#16344 = FACE_BOUND('',#16345,.F.);
#16345 = EDGE_LOOP('',(#16346,#16347,#16348,#16349,#16350,#16351,#16352,
    #16353));
#16346 = ORIENTED_EDGE('',*,*,#8291,.T.);
#16347 = ORIENTED_EDGE('',*,*,#8322,.T.);
#16348 = ORIENTED_EDGE('',*,*,#8353,.T.);
#16349 = ORIENTED_EDGE('',*,*,#8384,.T.);
#16350 = ORIENTED_EDGE('',*,*,#8415,.T.);
#16351 = ORIENTED_EDGE('',*,*,#8446,.T.);
#16352 = ORIENTED_EDGE('',*,*,#8477,.T.);
#16353 = ORIENTED_EDGE('',*,*,#8508,.T.);
#16354 = FACE_BOUND('',#16355,.F.);
#16355 = EDGE_LOOP('',(#16356,#16357,#16358,#16359,#16360,#16361,#16362,
    #16363));
#16356 = ORIENTED_EDGE('',*,*,#8539,.T.);
#16357 = ORIENTED_EDGE('',*,*,#8570,.T.);
#16358 = ORIENTED_EDGE('',*,*,#8601,.T.);
#16359 = ORIENTED_EDGE('',*,*,#8632,.T.);
#16360 = ORIENTED_EDGE('',*,*,#8663,.T.);
#16361 = ORIENTED_EDGE('',*,*,#8694,.T.);
#16362 = ORIENTED_EDGE('',*,*,#8725,.T.);
#16363 = ORIENTED_EDGE('',*,*,#8756,.T.);
#16364 = FACE_BOUND('',#16365,.F.);
#16365 = EDGE_LOOP('',(#16366,#16367,#16368,#16369,#16370,#16371,#16372,
    #16373));
#16366 = ORIENTED_EDGE('',*,*,#8787,.T.);
#16367 = ORIENTED_EDGE('',*,*,#8818,.T.);
#16368 = ORIENTED_EDGE('',*,*,#8849,.T.);
#16369 = ORIENTED_EDGE('',*,*,#8880,.T.);
#16370 = ORIENTED_EDGE('',*,*,#8911,.T.);
#16371 = ORIENTED_EDGE('',*,*,#8942,.T.);
#16372 = ORIENTED_EDGE('',*,*,#8973,.T.);
#16373 = ORIENTED_EDGE('',*,*,#9004,.T.);
#16374 = FACE_BOUND('',#16375,.F.);
#16375 = EDGE_LOOP('',(#16376,#16377,#16378,#16379,#16380,#16381,#16382,
    #16383));
#16376 = ORIENTED_EDGE('',*,*,#9035,.T.);
#16377 = ORIENTED_EDGE('',*,*,#9066,.T.);
#16378 = ORIENTED_EDGE('',*,*,#9097,.T.);
#16379 = ORIENTED_EDGE('',*,*,#9128,.T.);
#16380 = ORIENTED_EDGE('',*,*,#9159,.T.);
#16381 = ORIENTED_EDGE('',*,*,#9190,.T.);
#16382 = ORIENTED_EDGE('',*,*,#9221,.T.);
#16383 = ORIENTED_EDGE('',*,*,#9252,.T.);
#16384 = FACE_BOUND('',#16385,.F.);
#16385 = EDGE_LOOP('',(#16386,#16387,#16388,#16389,#16390,#16391,#16392,
    #16393));
#16386 = ORIENTED_EDGE('',*,*,#9283,.T.);
#16387 = ORIENTED_EDGE('',*,*,#9314,.T.);
#16388 = ORIENTED_EDGE('',*,*,#9345,.T.);
#16389 = ORIENTED_EDGE('',*,*,#9376,.T.);
#16390 = ORIENTED_EDGE('',*,*,#9407,.T.);
#16391 = ORIENTED_EDGE('',*,*,#9438,.T.);
#16392 = ORIENTED_EDGE('',*,*,#9469,.T.);
#16393 = ORIENTED_EDGE('',*,*,#9500,.T.);
#16394 = FACE_BOUND('',#16395,.F.);
#16395 = EDGE_LOOP('',(#16396,#16397,#16398,#16399,#16400,#16401,#16402,
    #16403));
#16396 = ORIENTED_EDGE('',*,*,#9531,.T.);
#16397 = ORIENTED_EDGE('',*,*,#9562,.T.);
#16398 = ORIENTED_EDGE('',*,*,#9593,.T.);
#16399 = ORIENTED_EDGE('',*,*,#9624,.T.);
#16400 = ORIENTED_EDGE('',*,*,#9655,.T.);
#16401 = ORIENTED_EDGE('',*,*,#9686,.T.);
#16402 = ORIENTED_EDGE('',*,*,#9717,.T.);
#16403 = ORIENTED_EDGE('',*,*,#9748,.T.);
#16404 = FACE_BOUND('',#16405,.F.);
#16405 = EDGE_LOOP('',(#16406,#16407,#16408,#16409,#16410,#16411,#16412,
    #16413));
#16406 = ORIENTED_EDGE('',*,*,#9779,.T.);
#16407 = ORIENTED_EDGE('',*,*,#9810,.T.);
#16408 = ORIENTED_EDGE('',*,*,#9841,.T.);
#16409 = ORIENTED_EDGE('',*,*,#9872,.T.);
#16410 = ORIENTED_EDGE('',*,*,#9903,.T.);
#16411 = ORIENTED_EDGE('',*,*,#9934,.T.);
#16412 = ORIENTED_EDGE('',*,*,#9965,.T.);
#16413 = ORIENTED_EDGE('',*,*,#9996,.T.);
#16414 = FACE_BOUND('',#16415,.F.);
#16415 = EDGE_LOOP('',(#16416));
#16416 = ORIENTED_EDGE('',*,*,#10027,.T.);
#16417 = FACE_BOUND('',#16418,.F.);
#16418 = EDGE_LOOP('',(#16419));
#16419 = ORIENTED_EDGE('',*,*,#10060,.T.);
#16420 = FACE_BOUND('',#16421,.F.);
#16421 = EDGE_LOOP('',(#16422));
#16422 = ORIENTED_EDGE('',*,*,#10093,.T.);
#16423 = FACE_BOUND('',#16424,.F.);
#16424 = EDGE_LOOP('',(#16425));
#16425 = ORIENTED_EDGE('',*,*,#10126,.T.);
#16426 = FACE_BOUND('',#16427,.F.);
#16427 = EDGE_LOOP('',(#16428));
#16428 = ORIENTED_EDGE('',*,*,#10159,.T.);
#16429 = FACE_BOUND('',#16430,.F.);
#16430 = EDGE_LOOP('',(#16431));
#16431 = ORIENTED_EDGE('',*,*,#10192,.T.);
#16432 = FACE_BOUND('',#16433,.F.);
#16433 = EDGE_LOOP('',(#16434,#16435,#16436,#16437,#16438,#16439,#16440,
    #16441));
#16434 = ORIENTED_EDGE('',*,*,#10225,.T.);
#16435 = ORIENTED_EDGE('',*,*,#10256,.T.);
#16436 = ORIENTED_EDGE('',*,*,#10287,.T.);
#16437 = ORIENTED_EDGE('',*,*,#10318,.T.);
#16438 = ORIENTED_EDGE('',*,*,#10349,.T.);
#16439 = ORIENTED_EDGE('',*,*,#10380,.T.);
#16440 = ORIENTED_EDGE('',*,*,#10411,.T.);
#16441 = ORIENTED_EDGE('',*,*,#10442,.T.);
#16442 = FACE_BOUND('',#16443,.F.);
#16443 = EDGE_LOOP('',(#16444,#16445,#16446,#16447,#16448,#16449,#16450,
    #16451));
#16444 = ORIENTED_EDGE('',*,*,#10473,.T.);
#16445 = ORIENTED_EDGE('',*,*,#10504,.T.);
#16446 = ORIENTED_EDGE('',*,*,#10535,.T.);
#16447 = ORIENTED_EDGE('',*,*,#10566,.T.);
#16448 = ORIENTED_EDGE('',*,*,#10597,.T.);
#16449 = ORIENTED_EDGE('',*,*,#10628,.T.);
#16450 = ORIENTED_EDGE('',*,*,#10659,.T.);
#16451 = ORIENTED_EDGE('',*,*,#10690,.T.);
#16452 = FACE_BOUND('',#16453,.F.);
#16453 = EDGE_LOOP('',(#16454,#16455,#16456,#16457,#16458,#16459,#16460,
    #16461));
#16454 = ORIENTED_EDGE('',*,*,#10721,.T.);
#16455 = ORIENTED_EDGE('',*,*,#10752,.T.);
#16456 = ORIENTED_EDGE('',*,*,#10783,.T.);
#16457 = ORIENTED_EDGE('',*,*,#10814,.T.);
#16458 = ORIENTED_EDGE('',*,*,#10845,.T.);
#16459 = ORIENTED_EDGE('',*,*,#10876,.T.);
#16460 = ORIENTED_EDGE('',*,*,#10907,.T.);
#16461 = ORIENTED_EDGE('',*,*,#10938,.T.);
#16462 = FACE_BOUND('',#16463,.F.);
#16463 = EDGE_LOOP('',(#16464,#16465,#16466,#16467,#16468,#16469,#16470,
    #16471));
#16464 = ORIENTED_EDGE('',*,*,#10969,.T.);
#16465 = ORIENTED_EDGE('',*,*,#11000,.T.);
#16466 = ORIENTED_EDGE('',*,*,#11031,.T.);
#16467 = ORIENTED_EDGE('',*,*,#11062,.T.);
#16468 = ORIENTED_EDGE('',*,*,#11093,.T.);
#16469 = ORIENTED_EDGE('',*,*,#11124,.T.);
#16470 = ORIENTED_EDGE('',*,*,#11155,.T.);
#16471 = ORIENTED_EDGE('',*,*,#11186,.T.);
#16472 = FACE_BOUND('',#16473,.F.);
#16473 = EDGE_LOOP('',(#16474,#16475,#16476,#16477,#16478,#16479,#16480,
    #16481));
#16474 = ORIENTED_EDGE('',*,*,#11217,.T.);
#16475 = ORIENTED_EDGE('',*,*,#11248,.T.);
#16476 = ORIENTED_EDGE('',*,*,#11279,.T.);
#16477 = ORIENTED_EDGE('',*,*,#11310,.T.);
#16478 = ORIENTED_EDGE('',*,*,#11341,.T.);
#16479 = ORIENTED_EDGE('',*,*,#11372,.T.);
#16480 = ORIENTED_EDGE('',*,*,#11403,.T.);
#16481 = ORIENTED_EDGE('',*,*,#11434,.T.);
#16482 = FACE_BOUND('',#16483,.F.);
#16483 = EDGE_LOOP('',(#16484,#16485,#16486,#16487,#16488,#16489,#16490,
    #16491));
#16484 = ORIENTED_EDGE('',*,*,#11465,.T.);
#16485 = ORIENTED_EDGE('',*,*,#11496,.T.);
#16486 = ORIENTED_EDGE('',*,*,#11527,.T.);
#16487 = ORIENTED_EDGE('',*,*,#11558,.T.);
#16488 = ORIENTED_EDGE('',*,*,#11589,.T.);
#16489 = ORIENTED_EDGE('',*,*,#11620,.T.);
#16490 = ORIENTED_EDGE('',*,*,#11651,.T.);
#16491 = ORIENTED_EDGE('',*,*,#11682,.T.);
#16492 = FACE_BOUND('',#16493,.F.);
#16493 = EDGE_LOOP('',(#16494,#16495,#16496,#16497,#16498,#16499,#16500,
    #16501));
#16494 = ORIENTED_EDGE('',*,*,#11713,.T.);
#16495 = ORIENTED_EDGE('',*,*,#11744,.T.);
#16496 = ORIENTED_EDGE('',*,*,#11775,.T.);
#16497 = ORIENTED_EDGE('',*,*,#11806,.T.);
#16498 = ORIENTED_EDGE('',*,*,#11837,.T.);
#16499 = ORIENTED_EDGE('',*,*,#11868,.T.);
#16500 = ORIENTED_EDGE('',*,*,#11899,.T.);
#16501 = ORIENTED_EDGE('',*,*,#11930,.T.);
#16502 = FACE_BOUND('',#16503,.F.);
#16503 = EDGE_LOOP('',(#16504,#16505,#16506,#16507,#16508,#16509,#16510,
    #16511));
#16504 = ORIENTED_EDGE('',*,*,#11961,.T.);
#16505 = ORIENTED_EDGE('',*,*,#11992,.T.);
#16506 = ORIENTED_EDGE('',*,*,#12023,.T.);
#16507 = ORIENTED_EDGE('',*,*,#12054,.T.);
#16508 = ORIENTED_EDGE('',*,*,#12085,.T.);
#16509 = ORIENTED_EDGE('',*,*,#12116,.T.);
#16510 = ORIENTED_EDGE('',*,*,#12147,.T.);
#16511 = ORIENTED_EDGE('',*,*,#12178,.T.);
#16512 = FACE_BOUND('',#16513,.F.);
#16513 = EDGE_LOOP('',(#16514,#16515,#16516,#16517,#16518,#16519,#16520,
    #16521));
#16514 = ORIENTED_EDGE('',*,*,#12209,.T.);
#16515 = ORIENTED_EDGE('',*,*,#12240,.T.);
#16516 = ORIENTED_EDGE('',*,*,#12271,.T.);
#16517 = ORIENTED_EDGE('',*,*,#12302,.T.);
#16518 = ORIENTED_EDGE('',*,*,#12333,.T.);
#16519 = ORIENTED_EDGE('',*,*,#12364,.T.);
#16520 = ORIENTED_EDGE('',*,*,#12395,.T.);
#16521 = ORIENTED_EDGE('',*,*,#12426,.T.);
#16522 = FACE_BOUND('',#16523,.F.);
#16523 = EDGE_LOOP('',(#16524,#16525,#16526,#16527,#16528,#16529,#16530,
    #16531));
#16524 = ORIENTED_EDGE('',*,*,#12457,.T.);
#16525 = ORIENTED_EDGE('',*,*,#12488,.T.);
#16526 = ORIENTED_EDGE('',*,*,#12519,.T.);
#16527 = ORIENTED_EDGE('',*,*,#12550,.T.);
#16528 = ORIENTED_EDGE('',*,*,#12581,.T.);
#16529 = ORIENTED_EDGE('',*,*,#12612,.T.);
#16530 = ORIENTED_EDGE('',*,*,#12643,.T.);
#16531 = ORIENTED_EDGE('',*,*,#12674,.T.);
#16532 = FACE_BOUND('',#16533,.F.);
#16533 = EDGE_LOOP('',(#16534,#16535,#16536,#16537,#16538,#16539,#16540,
    #16541));
#16534 = ORIENTED_EDGE('',*,*,#12705,.T.);
#16535 = ORIENTED_EDGE('',*,*,#12736,.T.);
#16536 = ORIENTED_EDGE('',*,*,#12767,.T.);
#16537 = ORIENTED_EDGE('',*,*,#12798,.T.);
#16538 = ORIENTED_EDGE('',*,*,#12829,.T.);
#16539 = ORIENTED_EDGE('',*,*,#12860,.T.);
#16540 = ORIENTED_EDGE('',*,*,#12891,.T.);
#16541 = ORIENTED_EDGE('',*,*,#12922,.T.);
#16542 = FACE_BOUND('',#16543,.F.);
#16543 = EDGE_LOOP('',(#16544,#16545,#16546,#16547,#16548,#16549,#16550,
    #16551));
#16544 = ORIENTED_EDGE('',*,*,#12953,.T.);
#16545 = ORIENTED_EDGE('',*,*,#12984,.T.);
#16546 = ORIENTED_EDGE('',*,*,#13015,.T.);
#16547 = ORIENTED_EDGE('',*,*,#13046,.T.);
#16548 = ORIENTED_EDGE('',*,*,#13077,.T.);
#16549 = ORIENTED_EDGE('',*,*,#13108,.T.);
#16550 = ORIENTED_EDGE('',*,*,#13139,.T.);
#16551 = ORIENTED_EDGE('',*,*,#13170,.T.);
#16552 = FACE_BOUND('',#16553,.F.);
#16553 = EDGE_LOOP('',(#16554));
#16554 = ORIENTED_EDGE('',*,*,#13201,.T.);
#16555 = FACE_BOUND('',#16556,.F.);
#16556 = EDGE_LOOP('',(#16557));
#16557 = ORIENTED_EDGE('',*,*,#13234,.T.);
#16558 = FACE_BOUND('',#16559,.F.);
#16559 = EDGE_LOOP('',(#16560));
#16560 = ORIENTED_EDGE('',*,*,#13267,.T.);
#16561 = FACE_BOUND('',#16562,.F.);
#16562 = EDGE_LOOP('',(#16563));
#16563 = ORIENTED_EDGE('',*,*,#13300,.T.);
#16564 = FACE_BOUND('',#16565,.F.);
#16565 = EDGE_LOOP('',(#16566));
#16566 = ORIENTED_EDGE('',*,*,#13333,.T.);
#16567 = FACE_BOUND('',#16568,.F.);
#16568 = EDGE_LOOP('',(#16569,#16570,#16571,#16572,#16573,#16574,#16575,
    #16576));
#16569 = ORIENTED_EDGE('',*,*,#13366,.T.);
#16570 = ORIENTED_EDGE('',*,*,#13397,.T.);
#16571 = ORIENTED_EDGE('',*,*,#13428,.T.);
#16572 = ORIENTED_EDGE('',*,*,#13459,.T.);
#16573 = ORIENTED_EDGE('',*,*,#13490,.T.);
#16574 = ORIENTED_EDGE('',*,*,#13521,.T.);
#16575 = ORIENTED_EDGE('',*,*,#13552,.T.);
#16576 = ORIENTED_EDGE('',*,*,#13583,.T.);
#16577 = FACE_BOUND('',#16578,.F.);
#16578 = EDGE_LOOP('',(#16579,#16580,#16581,#16582,#16583,#16584,#16585,
    #16586));
#16579 = ORIENTED_EDGE('',*,*,#13614,.T.);
#16580 = ORIENTED_EDGE('',*,*,#13645,.T.);
#16581 = ORIENTED_EDGE('',*,*,#13676,.T.);
#16582 = ORIENTED_EDGE('',*,*,#13707,.T.);
#16583 = ORIENTED_EDGE('',*,*,#13738,.T.);
#16584 = ORIENTED_EDGE('',*,*,#13769,.T.);
#16585 = ORIENTED_EDGE('',*,*,#13800,.T.);
#16586 = ORIENTED_EDGE('',*,*,#13831,.T.);
#16587 = FACE_BOUND('',#16588,.F.);
#16588 = EDGE_LOOP('',(#16589,#16590,#16591,#16592,#16593,#16594,#16595,
    #16596));
#16589 = ORIENTED_EDGE('',*,*,#13862,.T.);
#16590 = ORIENTED_EDGE('',*,*,#13893,.T.);
#16591 = ORIENTED_EDGE('',*,*,#13924,.T.);
#16592 = ORIENTED_EDGE('',*,*,#13955,.T.);
#16593 = ORIENTED_EDGE('',*,*,#13986,.T.);
#16594 = ORIENTED_EDGE('',*,*,#14017,.T.);
#16595 = ORIENTED_EDGE('',*,*,#14048,.T.);
#16596 = ORIENTED_EDGE('',*,*,#14079,.T.);
#16597 = FACE_BOUND('',#16598,.F.);
#16598 = EDGE_LOOP('',(#16599,#16600,#16601,#16602,#16603,#16604,#16605,
    #16606));
#16599 = ORIENTED_EDGE('',*,*,#14110,.T.);
#16600 = ORIENTED_EDGE('',*,*,#14141,.T.);
#16601 = ORIENTED_EDGE('',*,*,#14172,.T.);
#16602 = ORIENTED_EDGE('',*,*,#14203,.T.);
#16603 = ORIENTED_EDGE('',*,*,#14234,.T.);
#16604 = ORIENTED_EDGE('',*,*,#14265,.T.);
#16605 = ORIENTED_EDGE('',*,*,#14296,.T.);
#16606 = ORIENTED_EDGE('',*,*,#14327,.T.);
#16607 = FACE_BOUND('',#16608,.F.);
#16608 = EDGE_LOOP('',(#16609,#16610,#16611,#16612,#16613,#16614,#16615,
    #16616));
#16609 = ORIENTED_EDGE('',*,*,#14358,.T.);
#16610 = ORIENTED_EDGE('',*,*,#14389,.T.);
#16611 = ORIENTED_EDGE('',*,*,#14420,.T.);
#16612 = ORIENTED_EDGE('',*,*,#14451,.T.);
#16613 = ORIENTED_EDGE('',*,*,#14482,.T.);
#16614 = ORIENTED_EDGE('',*,*,#14513,.T.);
#16615 = ORIENTED_EDGE('',*,*,#14544,.T.);
#16616 = ORIENTED_EDGE('',*,*,#14575,.T.);
#16617 = FACE_BOUND('',#16618,.F.);
#16618 = EDGE_LOOP('',(#16619,#16620,#16621,#16622,#16623,#16624,#16625,
    #16626));
#16619 = ORIENTED_EDGE('',*,*,#14606,.T.);
#16620 = ORIENTED_EDGE('',*,*,#14637,.T.);
#16621 = ORIENTED_EDGE('',*,*,#14668,.T.);
#16622 = ORIENTED_EDGE('',*,*,#14699,.T.);
#16623 = ORIENTED_EDGE('',*,*,#14730,.T.);
#16624 = ORIENTED_EDGE('',*,*,#14761,.T.);
#16625 = ORIENTED_EDGE('',*,*,#14792,.T.);
#16626 = ORIENTED_EDGE('',*,*,#14823,.T.);
#16627 = FACE_BOUND('',#16628,.F.);
#16628 = EDGE_LOOP('',(#16629,#16630,#16631,#16632));
#16629 = ORIENTED_EDGE('',*,*,#14854,.T.);
#16630 = ORIENTED_EDGE('',*,*,#14885,.T.);
#16631 = ORIENTED_EDGE('',*,*,#14916,.T.);
#16632 = ORIENTED_EDGE('',*,*,#14947,.T.);
#16633 = FACE_BOUND('',#16634,.F.);
#16634 = EDGE_LOOP('',(#16635,#16636,#16637,#16638));
#16635 = ORIENTED_EDGE('',*,*,#14978,.T.);
#16636 = ORIENTED_EDGE('',*,*,#15009,.T.);
#16637 = ORIENTED_EDGE('',*,*,#15040,.T.);
#16638 = ORIENTED_EDGE('',*,*,#15071,.T.);
#16639 = FACE_BOUND('',#16640,.F.);
#16640 = EDGE_LOOP('',(#16641));
#16641 = ORIENTED_EDGE('',*,*,#15102,.T.);
#16642 = FACE_BOUND('',#16643,.F.);
#16643 = EDGE_LOOP('',(#16644));
#16644 = ORIENTED_EDGE('',*,*,#15135,.T.);
#16645 = FACE_BOUND('',#16646,.F.);
#16646 = EDGE_LOOP('',(#16647));
#16647 = ORIENTED_EDGE('',*,*,#15168,.T.);
#16648 = FACE_BOUND('',#16649,.F.);
#16649 = EDGE_LOOP('',(#16650));
#16650 = ORIENTED_EDGE('',*,*,#15201,.T.);
#16651 = FACE_BOUND('',#16652,.F.);
#16652 = EDGE_LOOP('',(#16653,#16654,#16655,#16656));
#16653 = ORIENTED_EDGE('',*,*,#15234,.T.);
#16654 = ORIENTED_EDGE('',*,*,#15265,.T.);
#16655 = ORIENTED_EDGE('',*,*,#15296,.T.);
#16656 = ORIENTED_EDGE('',*,*,#15327,.T.);
#16657 = PLANE('',#16658);
#16658 = AXIS2_PLACEMENT_3D('',#16659,#16660,#16661);
#16659 = CARTESIAN_POINT('',(0.,0.,1.59));
#16660 = DIRECTION('',(0.,0.,1.));
#16661 = DIRECTION('',(1.,0.,-0.));
#16662 = ( GEOMETRIC_REPRESENTATION_CONTEXT(3) 
GLOBAL_UNCERTAINTY_ASSIGNED_CONTEXT((#16666)) 
GLOBAL_UNIT_ASSIGNED_CONTEXT((#16663,#16664,#16665)) 
REPRESENTATION_CONTEXT('Context #1',
  '3D Context with UNIT and UNCERTAINTY') );
#16663 = ( LENGTH_UNIT() NAMED_UNIT(*) SI_UNIT(.MILLI.,.METRE.) );
#16664 = ( NAMED_UNIT(*) PLANE_ANGLE_UNIT() SI_UNIT($,.RADIAN.) );
#16665 = ( NAMED_UNIT(*) SI_UNIT($,.STERADIAN.) SOLID_ANGLE_UNIT() );
#16666 = UNCERTAINTY_MEASURE_WITH_UNIT(LENGTH_MEASURE(1.E-07),#16663,
  'distance_accuracy_value','confusion accuracy');
#16667 = CONTEXT_DEPENDENT_SHAPE_REPRESENTATION(#16668,#16670);
#16668 = ( REPRESENTATION_RELATIONSHIP('','',#32,#10) 
REPRESENTATION_RELATIONSHIP_WITH_TRANSFORMATION(#16669) 
SHAPE_REPRESENTATION_RELATIONSHIP() );
#16669 = ITEM_DEFINED_TRANSFORMATION('','',#11,#15);
#16670 = PRODUCT_DEFINITION_SHAPE('Placement','Placement of an item',
  #16671);
#16671 = NEXT_ASSEMBLY_USAGE_OCCURRENCE('1','=>[0:1:1:2]','',#5,#27,$);
#16672 = PRODUCT_RELATED_PRODUCT_CATEGORY('part',$,(#29));
#16673 = MECHANICAL_DESIGN_GEOMETRIC_PRESENTATION_REPRESENTATION('',(
    #16674),#16662);
#16674 = STYLED_ITEM('color',(#16675),#33);
#16675 = PRESENTATION_STYLE_ASSIGNMENT((#16676));
#16676 = SURFACE_STYLE_USAGE(.BOTH.,#16677);
#16677 = SURFACE_SIDE_STYLE('',(#16678));
#16678 = SURFACE_STYLE_FILL_AREA(#16679);
#16679 = FILL_AREA_STYLE('',(#16680));
#16680 = FILL_AREA_STYLE_COLOUR('',#16681);
#16681 = COLOUR_RGB('',0.313304153717,0.484529207832,0.410020903123);
ENDSEC;
END-ISO-10303-21;
